NODE PRIORITY SETED TO HIGH
Server running on: http://localhost:3000
DB => Database Connection Success
NODE PRIORITY SETED TO HIGH
Server running on: http://localhost:3000
DB => Database Connection Success
NODE PRIORITY SETED TO HIGH
Server running on: http://localhost:3000
DB => Database Connection Success
NODE PRIORITY SETED TO HIGH
Server running on: http://localhost:3000
DB => Database Connection Success
NODE PRIORITY SETED TO HIGH
Server running on: http://localhost:3000
DB => Database Connection Success
NODE PRIORITY SETED TO HIGH
Server running on: http://localhost:3000
DB => Database Connection Success
NODE PRIORITY SETED TO HIGH
Server running on: http://localhost:3000
DB => Database Connection Success
1Request Received from Device!
a4:d5:c2:09:5b:df
192.168.5.105
-----------------------------------
[Authenticated]: RADWAN
Device Time (Original): 2026-05-24T14:16:52+02:00
Server Time (Received): 24‏/5‏/2026، 3:14:58 م
-----------------------------------
[UPDATE LAST]: RADWAN (ID: 20)
2Request Received from Device!
a4:d5:c2:09:5b:df
192.168.5.105
3Request Received from Device!
a4:d5:c2:09:5b:df
192.168.5.105
I am working...
4Request Received from Device!
a4:d5:c2:09:5b:df
192.168.1.105
-----------------------------------
[Authenticated]: test
Device Time (Original): 2026-05-24T11:43:33+02:00
Server Time (Received): 24‏/5‏/2026، 3:32:26 م
-----------------------------------
[
  'session_id=yr_QEby7CJqkrv9t5bbo0GEP-umf8GLvRMBRu_Ouz5hah_2Za-xi5SGQeCXigOVNWcO5g65C9O18xh0C-4nn; Expires=Mon, 24 May 2027 12:32:27 GMT; Max-Age=604800; HttpOnly; Path=/',
  'session_id=yr_QEby7CJqkrv9t5bbo0GEP-umf8GLvRMBRu_Ouz5hah_2Za-xi5SGQeCXigOVNWcO5g65C9O18xh0C-4nn; Expires=Mon, 24 May 2027 12:32:27 GMT; Max-Age=604800; HttpOnly; Path=/'
]
Logged into Odoo successfully!
Data synced to Odoo: {
  status: 'success',
  data: [ { device_id: '1010', status: 'check_in_created' } ]
}
[FIRST IN]: test (ID: 1010)
5Request Received from Device!
a4:d5:c2:09:5b:df
192.168.5.105
-----------------------------------
[Authenticated]: Zahra Alhrari
Device Time (Original): 2026-05-24T15:02:41+02:00
Server Time (Received): 24‏/5‏/2026، 4:00:47 م
-----------------------------------
[UPDATE LAST]: Zahra Alhrari (ID: 17)
6Request Received from Device!
a4:d5:c2:09:5b:df
192.168.5.105
7Request Received from Device!
a4:d5:c2:09:5b:df
192.168.5.105
8Request Received from Device!
a4:d5:c2:09:5b:df
192.168.5.105
-----------------------------------
[Authenticated]: Siraj Kashoukh
Device Time (Original): 2026-05-24T15:15:58+02:00
Server Time (Received): 24‏/5‏/2026، 4:14:04 م
-----------------------------------
[UPDATE LAST]: Siraj Kashoukh (ID: 10)
9Request Received from Device!
a4:d5:c2:09:5b:df
192.168.5.105
10Request Received from Device!
a4:d5:c2:09:5b:df
192.168.5.105
11Request Received from Device!
a4:d5:c2:09:5b:df
192.168.5.105
-----------------------------------
[Authenticated]: Zakaria Elmagdmi
Device Time (Original): 2026-05-24T15:18:53+02:00
Server Time (Received): 24‏/5‏/2026، 4:17:00 م
-----------------------------------
[UPDATE LAST]: Zakaria Elmagdmi (ID: 11)
12Request Received from Device!
a4:d5:c2:09:5b:df
192.168.5.105
13Request Received from Device!
a4:d5:c2:09:5b:df
192.168.5.105
14Request Received from Device!
a4:d5:c2:09:5b:df
192.168.5.105
-----------------------------------
[Authenticated]: Ibrahim
Device Time (Original): 2026-05-24T15:19:15+02:00
Server Time (Received): 24‏/5‏/2026، 4:17:22 م
-----------------------------------
[UPDATE LAST]: Ibrahim (ID: 5)
15Request Received from Device!
a4:d5:c2:09:5b:df
192.168.5.105
16Request Received from Device!
a4:d5:c2:09:5b:df
192.168.5.105
-----------------------------------
[Authenticated]: Ibrahim
Device Time (Original): 2026-05-24T15:19:19+02:00
Server Time (Received): 24‏/5‏/2026، 4:17:26 م
-----------------------------------
[UPDATE LAST]: Ibrahim (ID: 5)
17Request Received from Device!
a4:d5:c2:09:5b:df
192.168.5.105
18Request Received from Device!
a4:d5:c2:09:5b:df
192.168.5.105
-----------------------------------
[Authenticated]: Hatem  Talha
Device Time (Original): 2026-05-24T15:19:36+02:00
Server Time (Received): 24‏/5‏/2026، 4:17:42 م
-----------------------------------
[UPDATE LAST]: Hatem  Talha (ID: 12)
19Request Received from Device!
a4:d5:c2:09:5b:df
192.168.5.105
20Request Received from Device!
a4:d5:c2:09:5b:df
192.168.5.105
21Request Received from Device!
a4:d5:c2:09:5b:df
192.168.5.105
-----------------------------------
[Authenticated]: Abdellmalek Ramadan
Device Time (Original): 2026-05-24T15:20:47+02:00
Server Time (Received): 24‏/5‏/2026، 4:18:54 م
-----------------------------------
[UPDATE LAST]: Abdellmalek Ramadan (ID: 14)
22Request Received from Device!
a4:d5:c2:09:5b:df
192.168.5.105
23Request Received from Device!
a4:d5:c2:09:5b:df
192.168.5.105
24Request Received from Device!
a4:d5:c2:09:5b:df
192.168.5.105
-----------------------------------
[Authenticated]: Asma Rhoma
Device Time (Original): 2026-05-24T15:31:39+02:00
Server Time (Received): 24‏/5‏/2026، 4:29:46 م
-----------------------------------
[UPDATE LAST]: Asma Rhoma (ID: 18)
25Request Received from Device!
a4:d5:c2:09:5b:df
192.168.5.105
26Request Received from Device!
a4:d5:c2:09:5b:df
192.168.5.105
Compact done
Check Out Data synced to Odoo: {
  status: 'success',
  data: [
    { device_id: '1', status: 'no_valid_checkout' },
    { device_id: '5', status: 'check_out_updated' },
    { device_id: '10', status: 'check_out_updated' },
    { device_id: '11', status: 'check_out_updated' },
    { device_id: '12', status: 'check_out_updated' },
    { device_id: '14', status: 'check_out_updated' },
    { device_id: '15', status: 'no_valid_checkout' },
    { device_id: '17', status: 'check_out_updated' },
    { device_id: '18', status: 'check_out_updated' },
    { device_id: '20', status: 'check_out_updated' },
    { device_id: '1010', status: 'no_valid_checkout' }
  ]
}
Cache cleared successfully
27Request Received from Device!
a4:d5:c2:09:5c:46
192.168.5.103
28Request Received from Device!
a4:d5:c2:09:5b:df
192.168.5.105
29Request Received from Device!
a4:d5:c2:09:5c:46
192.168.5.103
30Request Received from Device!
a4:d5:c2:09:5b:df
192.168.5.105
-----------------------------------
[Authenticated]: Zahra Alhrari
Device Time (Original): 2026-05-25T08:09:41+02:00
Server Time (Received): 25‏/5‏/2026، 9:08:43 ص
-----------------------------------
Data synced to Odoo: {
  status: 'success',
  data: [ { device_id: '17', status: 'check_in_created' } ]
}
[FIRST IN]: Zahra Alhrari (ID: 17)
31Request Received from Device!
a4:d5:c2:09:5b:df
192.168.5.105
32Request Received from Device!
a4:d5:c2:09:5b:df
192.168.5.105
-----------------------------------
[Authenticated]: Zahra Alhrari
Device Time (Original): 2026-05-25T08:09:45+02:00
Server Time (Received): 25‏/5‏/2026، 9:08:45 ص
-----------------------------------
[UPDATE LAST]: Zahra Alhrari (ID: 17)
33Request Received from Device!
a4:d5:c2:09:5b:df
192.168.5.105
34Request Received from Device!
a4:d5:c2:09:5b:df
192.168.5.105
35Request Received from Device!
a4:d5:c2:09:5b:df
192.168.5.105
36Request Received from Device!
a4:d5:c2:09:5b:df
192.168.5.105
37Request Received from Device!
a4:d5:c2:09:5c:46
192.168.5.103
38Request Received from Device!
a4:d5:c2:09:5c:46
192.168.5.103
39Request Received from Device!
a4:d5:c2:09:5c:46
192.168.5.103
-----------------------------------
[Authenticated]: NASIRULDIN AHMED
Device Time (Original): 2026-05-25T08:26:03+02:00
Server Time (Received): 25‏/5‏/2026، 9:23:54 ص
-----------------------------------
Data synced to Odoo: {
  status: 'success',
  data: [ { device_id: '2', status: 'check_in_created' } ]
}
[FIRST IN]: NASIRULDIN AHMED (ID: 2)
40Request Received from Device!
a4:d5:c2:09:5c:46
192.168.5.103
41Request Received from Device!
a4:d5:c2:09:5c:46
192.168.5.103
42Request Received from Device!
a4:d5:c2:09:5b:df
192.168.5.105
-----------------------------------
[Authenticated]: Abdulhafith Abuighrara
Device Time (Original): 2026-05-25T09:06:43+02:00
Server Time (Received): 25‏/5‏/2026، 10:04:47 ص
-----------------------------------
Data synced to Odoo: {
  status: 'success',
  data: [ { device_id: '13', status: 'check_in_created' } ]
}
[FIRST IN]: Abdulhafith Abuighrara (ID: 13)
43Request Received from Device!
a4:d5:c2:09:5b:df
192.168.5.105
44Request Received from Device!
a4:d5:c2:09:5b:df
192.168.5.105
45Request Received from Device!
a4:d5:c2:09:5b:df
192.168.5.105
-----------------------------------
[Authenticated]: Ibrahim
Device Time (Original): 2026-05-25T09:14:22+02:00
Server Time (Received): 25‏/5‏/2026، 10:12:27 ص
-----------------------------------
Data synced to Odoo: {
  status: 'success',
  data: [ { device_id: '5', status: 'check_in_created' } ]
}
[FIRST IN]: Ibrahim (ID: 5)
46Request Received from Device!
a4:d5:c2:09:5b:df
192.168.5.105
47Request Received from Device!
a4:d5:c2:09:5b:df
192.168.5.105
48Request Received from Device!
a4:d5:c2:09:5b:df
192.168.5.105
-----------------------------------
[Authenticated]: Abdellmalek Ramadan
Device Time (Original): 2026-05-25T09:17:53+02:00
Server Time (Received): 25‏/5‏/2026، 10:15:57 ص
-----------------------------------
Data synced to Odoo: {
  status: 'success',
  data: [ { device_id: '14', status: 'check_in_created' } ]
}
[FIRST IN]: Abdellmalek Ramadan (ID: 14)
49Request Received from Device!
a4:d5:c2:09:5b:df
192.168.5.105
50Request Received from Device!
a4:d5:c2:09:5b:df
192.168.5.105
51Request Received from Device!
a4:d5:c2:09:5b:df
192.168.5.105
-----------------------------------
[Authenticated]: Zakaria Elmagdmi
Device Time (Original): 2026-05-25T09:20:19+02:00
Server Time (Received): 25‏/5‏/2026، 10:18:24 ص
-----------------------------------
Data synced to Odoo: {
  status: 'success',
  data: [ { device_id: '11', status: 'check_in_created' } ]
}
[FIRST IN]: Zakaria Elmagdmi (ID: 11)
52Request Received from Device!
a4:d5:c2:09:5b:df
192.168.5.105
53Request Received from Device!
a4:d5:c2:09:5b:df
192.168.5.105
54Request Received from Device!
a4:d5:c2:09:5b:df
192.168.5.105
-----------------------------------
[Authenticated]: RADWAN
Device Time (Original): 2026-05-25T09:22:30+02:00
Server Time (Received): 25‏/5‏/2026، 10:20:34 ص
-----------------------------------
Data synced to Odoo: {
  status: 'success',
  data: [ { device_id: '20', status: 'check_in_created' } ]
}
[FIRST IN]: RADWAN (ID: 20)
55Request Received from Device!
a4:d5:c2:09:5b:df
192.168.5.105
56Request Received from Device!
a4:d5:c2:09:5b:df
192.168.5.105
57Request Received from Device!
a4:d5:c2:09:5c:46
192.168.5.103
-----------------------------------
[Authenticated]: SEFAW
Device Time (Original): 2026-05-25T09:33:02+02:00
Server Time (Received): 25‏/5‏/2026، 10:30:53 ص
-----------------------------------
Data synced to Odoo: {
  status: 'success',
  data: [ { device_id: '8', status: 'check_in_created' } ]
}
[FIRST IN]: SEFAW (ID: 8)
58Request Received from Device!
a4:d5:c2:09:5c:46
192.168.5.103
59Request Received from Device!
a4:d5:c2:09:5c:46
192.168.5.103
60Request Received from Device!
a4:d5:c2:09:5b:df
192.168.5.105
-----------------------------------
[Authenticated]: Siraj Kashoukh
Device Time (Original): 2026-05-25T09:34:25+02:00
Server Time (Received): 25‏/5‏/2026، 10:32:29 ص
-----------------------------------
Data synced to Odoo: {
  status: 'success',
  data: [ { device_id: '10', status: 'check_in_created' } ]
}
[FIRST IN]: Siraj Kashoukh (ID: 10)
61Request Received from Device!
a4:d5:c2:09:5b:df
192.168.5.105
62Request Received from Device!
a4:d5:c2:09:5b:df
192.168.5.105
-----------------------------------
[Authenticated]: Siraj Kashoukh
Device Time (Original): 2026-05-25T09:34:29+02:00
Server Time (Received): 25‏/5‏/2026، 10:32:33 ص
-----------------------------------
[UPDATE LAST]: Siraj Kashoukh (ID: 10)
63Request Received from Device!
a4:d5:c2:09:5b:df
192.168.5.105
64Request Received from Device!
a4:d5:c2:09:5b:df
192.168.5.105
-----------------------------------
[Authenticated]: Hatem  Talha
Device Time (Original): 2026-05-25T09:36:04+02:00
Server Time (Received): 25‏/5‏/2026، 10:34:09 ص
-----------------------------------
Data synced to Odoo: {
  status: 'success',
  data: [ { device_id: '12', status: 'check_in_created' } ]
}
[FIRST IN]: Hatem  Talha (ID: 12)
65Request Received from Device!
a4:d5:c2:09:5b:df
192.168.5.105
66Request Received from Device!
a4:d5:c2:09:5b:df
192.168.5.105
67Request Received from Device!
a4:d5:c2:09:5b:df
192.168.5.105
-----------------------------------
[Authenticated]: Morad Alfurjani
Device Time (Original): 2026-05-25T10:33:15+02:00
Server Time (Received): 25‏/5‏/2026، 11:31:20 ص
-----------------------------------
Data synced to Odoo: {
  status: 'success',
  data: [ { device_id: '15', status: 'check_in_created' } ]
}
[FIRST IN]: Morad Alfurjani (ID: 15)
68Request Received from Device!
a4:d5:c2:09:5b:df
192.168.5.105
69Request Received from Device!
a4:d5:c2:09:5b:df
192.168.5.105
70Request Received from Device!
a4:d5:c2:09:5b:df
192.168.5.105
-----------------------------------
[Authenticated]: Alhadi Abdo
Device Time (Original): 2026-05-25T11:10:57+02:00
Server Time (Received): 25‏/5‏/2026، 12:09:01 م
-----------------------------------
Data synced to Odoo: {
  status: 'success',
  data: [ { device_id: '19', status: 'check_in_created' } ]
}
[FIRST IN]: Alhadi Abdo (ID: 19)
71Request Received from Device!
a4:d5:c2:09:5b:df
192.168.5.105
72Request Received from Device!
a4:d5:c2:09:5b:df
192.168.5.105
73Request Received from Device!
a4:d5:c2:09:5b:df
192.168.5.105
-----------------------------------
[Authenticated]: JUMA ELALLUS
Device Time (Original): 2026-05-25T11:40:33+02:00
Server Time (Received): 25‏/5‏/2026، 12:38:36 م
-----------------------------------
Data synced to Odoo: {
  status: 'success',
  data: [ { device_id: '1', status: 'check_in_created' } ]
}
[FIRST IN]: JUMA ELALLUS (ID: 1)
74Request Received from Device!
a4:d5:c2:09:5b:df
192.168.5.105
75Request Received from Device!
a4:d5:c2:09:5b:df
192.168.5.105
-----------------------------------
[Authenticated]: JUMA ELALLUS
Device Time (Original): 2026-05-25T11:40:34+02:00
Server Time (Received): 25‏/5‏/2026، 12:38:38 م
-----------------------------------
[UPDATE LAST]: JUMA ELALLUS (ID: 1)
76Request Received from Device!
a4:d5:c2:09:5b:df
192.168.5.105
77Request Received from Device!
a4:d5:c2:09:5c:46
192.168.5.103
-----------------------------------
[Authenticated]: SEFAW
Device Time (Original): 2026-05-25T11:51:59+02:00
Server Time (Received): 25‏/5‏/2026، 12:49:49 م
-----------------------------------
[UPDATE LAST]: SEFAW (ID: 8)
78Request Received from Device!
a4:d5:c2:09:5c:46
192.168.5.103
79Request Received from Device!
a4:d5:c2:09:5c:46
192.168.5.103
80Request Received from Device!
a4:d5:c2:09:5b:df
192.168.5.105
-----------------------------------
[Authenticated]: Abdulhafith Abuighrara
Device Time (Original): 2026-05-25T12:48:02+02:00
Server Time (Received): 25‏/5‏/2026، 1:46:06 م
-----------------------------------
[UPDATE LAST]: Abdulhafith Abuighrara (ID: 13)
81Request Received from Device!
a4:d5:c2:09:5b:df
192.168.5.105
82Request Received from Device!
a4:d5:c2:09:5b:df
192.168.5.105
83Request Received from Device!
a4:d5:c2:09:5b:df
192.168.5.105
-----------------------------------
[Authenticated]: RADWAN
Device Time (Original): 2026-05-25T12:50:27+02:00
Server Time (Received): 25‏/5‏/2026، 1:48:31 م
-----------------------------------
[UPDATE LAST]: RADWAN (ID: 20)
84Request Received from Device!
a4:d5:c2:09:5b:df
192.168.5.105
85Request Received from Device!
a4:d5:c2:09:5b:df
192.168.5.105
86Request Received from Device!
a4:d5:c2:09:5b:df
192.168.5.105
-----------------------------------
[Authenticated]: Morad Alfurjani
Device Time (Original): 2026-05-25T13:36:05+02:00
Server Time (Received): 25‏/5‏/2026، 2:34:08 م
-----------------------------------
[UPDATE LAST]: Morad Alfurjani (ID: 15)
87Request Received from Device!
a4:d5:c2:09:5b:df
192.168.5.105
88Request Received from Device!
a4:d5:c2:09:5b:df
192.168.5.105
89Request Received from Device!
a4:d5:c2:09:5b:df
192.168.5.105
-----------------------------------
[Authenticated]: Zahra Alhrari
Device Time (Original): 2026-05-25T14:46:16+02:00
Server Time (Received): 25‏/5‏/2026، 3:44:20 م
-----------------------------------
[UPDATE LAST]: Zahra Alhrari (ID: 17)
90Request Received from Device!
a4:d5:c2:09:5b:df
192.168.5.105
91Request Received from Device!
a4:d5:c2:09:5b:df
192.168.5.105
-----------------------------------
[Authenticated]: Zahra Alhrari
Device Time (Original): 2026-05-25T14:46:20+02:00
Server Time (Received): 25‏/5‏/2026، 3:44:24 م
-----------------------------------
[UPDATE LAST]: Zahra Alhrari (ID: 17)
92Request Received from Device!
a4:d5:c2:09:5b:df
192.168.5.105
93Request Received from Device!
a4:d5:c2:09:5c:46
192.168.5.103
-----------------------------------
[Authenticated]: SEFAW
Device Time (Original): 2026-05-25T14:58:25+02:00
Server Time (Received): 25‏/5‏/2026، 3:56:16 م
-----------------------------------
[UPDATE LAST]: SEFAW (ID: 8)
94Request Received from Device!
a4:d5:c2:09:5c:46
192.168.5.103
95Request Received from Device!
a4:d5:c2:09:5c:46
192.168.5.103
96Request Received from Device!
a4:d5:c2:09:5b:df
192.168.5.105
-----------------------------------
[Authenticated]: Siraj Kashoukh
Device Time (Original): 2026-05-25T15:04:57+02:00
Server Time (Received): 25‏/5‏/2026، 4:03:01 م
-----------------------------------
[UPDATE LAST]: Siraj Kashoukh (ID: 10)
97Request Received from Device!
a4:d5:c2:09:5b:df
192.168.5.105
98Request Received from Device!
a4:d5:c2:09:5b:df
192.168.5.105
-----------------------------------
[Authenticated]: Zakaria Elmagdmi
Device Time (Original): 2026-05-25T15:05:01+02:00
Server Time (Received): 25‏/5‏/2026، 4:03:05 م
-----------------------------------
[UPDATE LAST]: Zakaria Elmagdmi (ID: 11)
99Request Received from Device!
a4:d5:c2:09:5b:df
192.168.5.105
100Request Received from Device!
a4:d5:c2:09:5b:df
192.168.5.105
-----------------------------------
[Authenticated]: Ibrahim
Device Time (Original): 2026-05-25T15:07:04+02:00
Server Time (Received): 25‏/5‏/2026، 4:05:08 م
-----------------------------------
[UPDATE LAST]: Ibrahim (ID: 5)
101Request Received from Device!
a4:d5:c2:09:5b:df
192.168.5.105
102Request Received from Device!
a4:d5:c2:09:5b:df
192.168.5.105
103Request Received from Device!
a4:d5:c2:09:5b:df
192.168.5.105
-----------------------------------
[Authenticated]: Ibrahim
Device Time (Original): 2026-05-25T15:07:09+02:00
Server Time (Received): 25‏/5‏/2026، 4:05:13 م
-----------------------------------
[UPDATE LAST]: Ibrahim (ID: 5)
104Request Received from Device!
a4:d5:c2:09:5b:df
192.168.5.105
105Request Received from Device!
a4:d5:c2:09:5b:df
192.168.5.105
106Request Received from Device!
a4:d5:c2:09:5b:df
192.168.5.105
-----------------------------------
[Authenticated]: Ibrahim
Device Time (Original): 2026-05-25T15:07:17+02:00
Server Time (Received): 25‏/5‏/2026، 4:05:21 م
-----------------------------------
[UPDATE LAST]: Ibrahim (ID: 5)
107Request Received from Device!
a4:d5:c2:09:5b:df
192.168.5.105
108Request Received from Device!
a4:d5:c2:09:5b:df
192.168.5.105
-----------------------------------
[Authenticated]: Hatem  Talha
Device Time (Original): 2026-05-25T15:07:21+02:00
Server Time (Received): 25‏/5‏/2026، 4:05:25 م
-----------------------------------
[UPDATE LAST]: Hatem  Talha (ID: 12)
109Request Received from Device!
a4:d5:c2:09:5b:df
192.168.5.105
110Request Received from Device!
a4:d5:c2:09:5b:df
192.168.5.105
-----------------------------------
[Authenticated]: Abdellmalek Ramadan
Device Time (Original): 2026-05-25T15:07:29+02:00
Server Time (Received): 25‏/5‏/2026، 4:05:33 م
-----------------------------------
[UPDATE LAST]: Abdellmalek Ramadan (ID: 14)
111Request Received from Device!
a4:d5:c2:09:5b:df
192.168.5.105
112Request Received from Device!
a4:d5:c2:09:5b:df
192.168.5.105
113Request Received from Device!
a4:d5:c2:09:5b:df
192.168.5.105
-----------------------------------
[Authenticated]: Abdulhafith Abuighrara
Device Time (Original): 2026-05-25T15:11:41+02:00
Server Time (Received): 25‏/5‏/2026، 4:09:45 م
-----------------------------------
[UPDATE LAST]: Abdulhafith Abuighrara (ID: 13)
114Request Received from Device!
a4:d5:c2:09:5b:df
192.168.5.105
115Request Received from Device!
a4:d5:c2:09:5b:df
192.168.5.105
Compact done
Check Out Data synced to Odoo: {
  status: 'success',
  data: [
    { device_id: '1', status: 'check_out_updated' },
    { device_id: '2', status: 'no_valid_checkout' },
    { device_id: '5', status: 'check_out_updated' },
    { device_id: '8', status: 'check_out_updated' },
    { device_id: '10', status: 'check_out_updated' },
    { device_id: '11', status: 'check_out_updated' },
    { device_id: '12', status: 'check_out_updated' },
    { device_id: '13', status: 'check_out_updated' },
    { device_id: '14', status: 'check_out_updated' },
    { device_id: '15', status: 'check_out_updated' },
    { device_id: '17', status: 'check_out_updated' },
    { device_id: '19', status: 'no_valid_checkout' },
    { device_id: '20', status: 'check_out_updated' }
  ]
}
Cache cleared successfully
Compact done
Check Out Data synced to Odoo: { status: 'success', data: [] }
Cache cleared successfully
Compact done
Check Out Data synced to Odoo: { status: 'success', data: [] }
Cache cleared successfully
116Request Received from Device!
a4:d5:c2:09:5b:df
192.168.5.105
117Request Received from Device!
a4:d5:c2:09:5b:df
192.168.5.105
118Request Received from Device!
a4:d5:c2:09:5c:46
192.168.5.103
119Request Received from Device!
a4:d5:c2:09:5c:46
192.168.5.103
Compact done
Check Out Data synced to Odoo: { status: 'success', data: [] }
Cache cleared successfully
Compact done
Check Out Data synced to Odoo: { status: 'success', data: [] }
Cache cleared successfully
NODE PRIORITY SETED TO HIGH
Server running on: http://localhost:3000
DB => Database Connection Success
1Request Received from Device!
a4:d5:c2:09:5b:df
192.168.5.105
2Request Received from Device!
a4:d5:c2:09:5c:46
192.168.5.103
3Request Received from Device!
a4:d5:c2:09:5b:df
192.168.5.105
4Request Received from Device!
a4:d5:c2:09:5c:46
192.168.5.103
5Request Received from Device!
a4:d5:c2:09:5b:df
192.168.5.105
6Request Received from Device!
a4:d5:c2:09:5c:46
192.168.5.103
7Request Received from Device!
a4:d5:c2:09:5b:df
192.168.5.105
8Request Received from Device!
a4:d5:c2:09:5c:46
192.168.5.103
9Request Received from Device!
a4:d5:c2:09:5b:df
192.168.5.105
10Request Received from Device!
a4:d5:c2:09:5c:46
192.168.5.103
11Request Received from Device!
a4:d5:c2:09:5c:46
192.168.5.103
12Request Received from Device!
a4:d5:c2:09:5b:df
192.168.5.105
13Request Received from Device!
a4:d5:c2:09:5b:df
192.168.5.105
14Request Received from Device!
a4:d5:c2:09:5b:df
192.168.5.105
15Request Received from Device!
a4:d5:c2:09:5b:df
192.168.5.105
-----------------------------------
[Authenticated]: Zahra Alhrari
Device Time (Original): 2026-05-31T08:33:30+02:00
Server Time (Received): 31‏/5‏/2026، 9:31:18 ص
-----------------------------------
[
  'session_id=EcG42LQsBSfmXZf2sH-8re14u2EZMPn1kvD1uRAtnJBYyYDPbW4VC8TntEZRojFrcH2nV1nrMngliavOO5Z8; Expires=Mon, 31 May 2027 06:31:19 GMT; Max-Age=604800; HttpOnly; Path=/',
  'session_id=EcG42LQsBSfmXZf2sH-8re14u2EZMPn1kvD1uRAtnJBYyYDPbW4VC8TntEZRojFrcH2nV1nrMngliavOO5Z8; Expires=Mon, 31 May 2027 06:31:19 GMT; Max-Age=604800; HttpOnly; Path=/'
]
Logged into Odoo successfully!
Data synced to Odoo: {
  status: 'success',
  data: [ { device_id: '17', status: 'check_in_created' } ]
}
[FIRST IN]: Zahra Alhrari (ID: 17)
16Request Received from Device!
a4:d5:c2:09:5b:df
192.168.5.105
17Request Received from Device!
a4:d5:c2:09:5b:df
192.168.5.105
-----------------------------------
[Authenticated]: Zahra Alhrari
Device Time (Original): 2026-05-31T08:33:33+02:00
Server Time (Received): 31‏/5‏/2026، 9:31:21 ص
-----------------------------------
[UPDATE LAST]: Zahra Alhrari (ID: 17)
18Request Received from Device!
a4:d5:c2:09:5b:df
192.168.5.105
-----------------------------------
[Authenticated]: Zahra Alhrari
Device Time (Original): 2026-05-31T08:33:36+02:00
Server Time (Received): 31‏/5‏/2026، 9:31:24 ص
-----------------------------------
[UPDATE LAST]: Zahra Alhrari (ID: 17)
19Request Received from Device!
a4:d5:c2:09:5b:df
192.168.5.105
20Request Received from Device!
a4:d5:c2:09:5c:46
192.168.5.103
-----------------------------------
[Authenticated]: NASIRULDIN AHMED
Device Time (Original): 2026-05-31T08:46:55+02:00
Server Time (Received): 31‏/5‏/2026، 9:44:29 ص
-----------------------------------
Data synced to Odoo: {
  status: 'success',
  data: [ { device_id: '2', status: 'check_in_created' } ]
}
[FIRST IN]: NASIRULDIN AHMED (ID: 2)
21Request Received from Device!
a4:d5:c2:09:5c:46
192.168.5.103
22Request Received from Device!
a4:d5:c2:09:5c:46
192.168.5.103
23Request Received from Device!
a4:d5:c2:09:5c:46
192.168.5.103
24Request Received from Device!
a4:d5:c2:09:5c:46
192.168.5.103
25Request Received from Device!
a4:d5:c2:09:5b:df
192.168.5.105
26Request Received from Device!
a4:d5:c2:09:5b:df
192.168.5.105
27Request Received from Device!
a4:d5:c2:09:5b:df
192.168.5.105
-----------------------------------
[Authenticated]: Abdellmalek Ramadan
Device Time (Original): 2026-05-31T09:03:45+02:00
Server Time (Received): 31‏/5‏/2026، 10:01:34 ص
-----------------------------------
Data synced to Odoo: {
  status: 'success',
  data: [ { device_id: '14', status: 'check_in_created' } ]
}
[FIRST IN]: Abdellmalek Ramadan (ID: 14)
28Request Received from Device!
a4:d5:c2:09:5b:df
192.168.5.105
29Request Received from Device!
a4:d5:c2:09:5b:df
192.168.5.105
30Request Received from Device!
a4:d5:c2:09:5b:df
192.168.5.105
-----------------------------------
[Authenticated]: Zakaria Elmagdmi
Device Time (Original): 2026-05-31T09:08:54+02:00
Server Time (Received): 31‏/5‏/2026، 10:06:42 ص
-----------------------------------
Data synced to Odoo: {
  status: 'success',
  data: [ { device_id: '11', status: 'check_in_created' } ]
}
[FIRST IN]: Zakaria Elmagdmi (ID: 11)
31Request Received from Device!
a4:d5:c2:09:5b:df
192.168.5.105
32Request Received from Device!
a4:d5:c2:09:5b:df
192.168.5.105
-----------------------------------
[Authenticated]: Zakaria Elmagdmi
Device Time (Original): 2026-05-31T09:08:57+02:00
Server Time (Received): 31‏/5‏/2026، 10:06:45 ص
-----------------------------------
[UPDATE LAST]: Zakaria Elmagdmi (ID: 11)
33Request Received from Device!
a4:d5:c2:09:5b:df
192.168.5.105
-----------------------------------
[Authenticated]: Zakaria Elmagdmi
Device Time (Original): 2026-05-31T09:09:00+02:00
Server Time (Received): 31‏/5‏/2026، 10:06:48 ص
-----------------------------------
[UPDATE LAST]: Zakaria Elmagdmi (ID: 11)
34Request Received from Device!
a4:d5:c2:09:5b:df
192.168.5.105
35Request Received from Device!
a4:d5:c2:09:5b:df
192.168.5.105
-----------------------------------
[Authenticated]: Ibrahim
Device Time (Original): 2026-05-31T09:09:14+02:00
Server Time (Received): 31‏/5‏/2026، 10:07:02 ص
-----------------------------------
Data synced to Odoo: {
  status: 'success',
  data: [ { device_id: '5', status: 'check_in_created' } ]
}
[FIRST IN]: Ibrahim (ID: 5)
36Request Received from Device!
a4:d5:c2:09:5b:df
192.168.5.105
37Request Received from Device!
a4:d5:c2:09:5b:df
192.168.5.105
-----------------------------------
[Authenticated]: Ibrahim
Device Time (Original): 2026-05-31T09:09:18+02:00
Server Time (Received): 31‏/5‏/2026، 10:07:06 ص
-----------------------------------
[UPDATE LAST]: Ibrahim (ID: 5)
38Request Received from Device!
a4:d5:c2:09:5b:df
192.168.5.105
39Request Received from Device!
a4:d5:c2:09:5b:df
192.168.5.105
-----------------------------------
[Authenticated]: Abdulhafith Abuighrara
Device Time (Original): 2026-05-31T09:14:29+02:00
Server Time (Received): 31‏/5‏/2026، 10:12:17 ص
-----------------------------------
Data synced to Odoo: {
  status: 'success',
  data: [ { device_id: '13', status: 'check_in_created' } ]
}
[FIRST IN]: Abdulhafith Abuighrara (ID: 13)
40Request Received from Device!
a4:d5:c2:09:5b:df
192.168.5.105
41Request Received from Device!
a4:d5:c2:09:5b:df
192.168.5.105
-----------------------------------
[Authenticated]: Abdulhafith Abuighrara
Device Time (Original): 2026-05-31T09:14:34+02:00
Server Time (Received): 31‏/5‏/2026، 10:12:22 ص
-----------------------------------
[UPDATE LAST]: Abdulhafith Abuighrara (ID: 13)
42Request Received from Device!
a4:d5:c2:09:5b:df
192.168.5.105
43Request Received from Device!
a4:d5:c2:09:5b:df
192.168.5.105
-----------------------------------
[Authenticated]: Hatem  Talha
Device Time (Original): 2026-05-31T09:18:32+02:00
Server Time (Received): 31‏/5‏/2026، 10:16:21 ص
-----------------------------------
Data synced to Odoo: {
  status: 'success',
  data: [ { device_id: '12', status: 'check_in_created' } ]
}
[FIRST IN]: Hatem  Talha (ID: 12)
44Request Received from Device!
a4:d5:c2:09:5b:df
192.168.5.105
45Request Received from Device!
a4:d5:c2:09:5b:df
192.168.5.105
-----------------------------------
[Authenticated]: Hatem  Talha
Device Time (Original): 2026-05-31T09:18:35+02:00
Server Time (Received): 31‏/5‏/2026، 10:16:23 ص
-----------------------------------
[UPDATE LAST]: Hatem  Talha (ID: 12)
46Request Received from Device!
a4:d5:c2:09:5b:df
192.168.5.105
47Request Received from Device!
a4:d5:c2:09:5b:df
192.168.5.105
48Request Received from Device!
a4:d5:c2:09:5b:df
192.168.5.105
-----------------------------------
[Authenticated]: RADWAN
Device Time (Original): 2026-05-31T09:19:18+02:00
Server Time (Received): 31‏/5‏/2026، 10:17:06 ص
-----------------------------------
Data synced to Odoo: {
  status: 'success',
  data: [ { device_id: '20', status: 'check_in_created' } ]
}
[FIRST IN]: RADWAN (ID: 20)
49Request Received from Device!
a4:d5:c2:09:5b:df
192.168.5.105
50Request Received from Device!
a4:d5:c2:09:5b:df
192.168.5.105
-----------------------------------
[Authenticated]: RADWAN
Device Time (Original): 2026-05-31T09:19:18+02:00
Server Time (Received): 31‏/5‏/2026، 10:17:07 ص
-----------------------------------
[UPDATE LAST]: RADWAN (ID: 20)
51Request Received from Device!
a4:d5:c2:09:5b:df
192.168.5.105
52Request Received from Device!
a4:d5:c2:09:5c:46
192.168.5.103
-----------------------------------
[Authenticated]: SEFAW
Device Time (Original): 2026-05-31T09:31:35+02:00
Server Time (Received): 31‏/5‏/2026، 10:29:06 ص
-----------------------------------
Data synced to Odoo: {
  status: 'success',
  data: [ { device_id: '8', status: 'check_in_created' } ]
}
[FIRST IN]: SEFAW (ID: 8)
53Request Received from Device!
a4:d5:c2:09:5c:46
192.168.5.103
54Request Received from Device!
a4:d5:c2:09:5c:46
192.168.5.103
55Request Received from Device!
a4:d5:c2:09:5b:df
192.168.5.105
-----------------------------------
[Authenticated]: Morad Alfurjani
Device Time (Original): 2026-05-31T09:44:28+02:00
Server Time (Received): 31‏/5‏/2026، 10:42:15 ص
-----------------------------------
Data synced to Odoo: {
  status: 'success',
  data: [ { device_id: '15', status: 'check_in_created' } ]
}
[FIRST IN]: Morad Alfurjani (ID: 15)
56Request Received from Device!
a4:d5:c2:09:5b:df
192.168.5.105
57Request Received from Device!
a4:d5:c2:09:5b:df
192.168.5.105
58Request Received from Device!
a4:d5:c2:09:5b:df
192.168.5.105
-----------------------------------
[Authenticated]: Siraj Kashoukh
Device Time (Original): 2026-05-31T09:47:10+02:00
Server Time (Received): 31‏/5‏/2026، 10:44:58 ص
-----------------------------------
Data synced to Odoo: {
  status: 'success',
  data: [ { device_id: '10', status: 'check_in_created' } ]
}
[FIRST IN]: Siraj Kashoukh (ID: 10)
59Request Received from Device!
a4:d5:c2:09:5b:df
192.168.5.105
60Request Received from Device!
a4:d5:c2:09:5b:df
192.168.5.105
61Request Received from Device!
a4:d5:c2:09:5b:df
192.168.5.105
-----------------------------------
[Authenticated]: Siraj Kashoukh
Device Time (Original): 2026-05-31T09:47:15+02:00
Server Time (Received): 31‏/5‏/2026، 10:45:03 ص
-----------------------------------
[UPDATE LAST]: Siraj Kashoukh (ID: 10)
62Request Received from Device!
a4:d5:c2:09:5b:df
192.168.5.105
63Request Received from Device!
a4:d5:c2:09:5b:df
192.168.5.105
-----------------------------------
[Authenticated]: Siraj Kashoukh
Device Time (Original): 2026-05-31T09:47:18+02:00
Server Time (Received): 31‏/5‏/2026، 10:45:06 ص
-----------------------------------
[UPDATE LAST]: Siraj Kashoukh (ID: 10)
64Request Received from Device!
a4:d5:c2:09:5b:df
192.168.5.105
65Request Received from Device!
a4:d5:c2:09:5c:46
192.168.5.103
-----------------------------------
[Authenticated]: SEFAW
Device Time (Original): 2026-05-31T11:56:52+02:00
Server Time (Received): 31‏/5‏/2026، 12:54:22 م
-----------------------------------
[UPDATE LAST]: SEFAW (ID: 8)
66Request Received from Device!
a4:d5:c2:09:5c:46
192.168.5.103
67Request Received from Device!
a4:d5:c2:09:5c:46
192.168.5.103
68Request Received from Device!
a4:d5:c2:09:5c:46
192.168.5.103
69Request Received from Device!
a4:d5:c2:09:5c:46
192.168.5.103
70Request Received from Device!
a4:d5:c2:09:5b:df
192.168.5.105
-----------------------------------
[Authenticated]: Zahra Alhrari
Device Time (Original): 2026-05-31T15:00:57+02:00
Server Time (Received): 31‏/5‏/2026، 3:58:44 م
-----------------------------------
[UPDATE LAST]: Zahra Alhrari (ID: 17)
71Request Received from Device!
a4:d5:c2:09:5b:df
192.168.5.105
72Request Received from Device!
a4:d5:c2:09:5b:df
192.168.5.105
73Request Received from Device!
a4:d5:c2:09:5b:df
192.168.5.105
-----------------------------------
[Authenticated]: Zakaria Elmagdmi
Device Time (Original): 2026-05-31T15:26:11+02:00
Server Time (Received): 31‏/5‏/2026، 4:23:58 م
-----------------------------------
[UPDATE LAST]: Zakaria Elmagdmi (ID: 11)
74Request Received from Device!
a4:d5:c2:09:5b:df
192.168.5.105
75Request Received from Device!
a4:d5:c2:09:5b:df
192.168.5.105
76Request Received from Device!
a4:d5:c2:09:5b:df
192.168.5.105
-----------------------------------
[Authenticated]: Siraj Kashoukh
Device Time (Original): 2026-05-31T15:26:28+02:00
Server Time (Received): 31‏/5‏/2026، 4:24:15 م
-----------------------------------
[UPDATE LAST]: Siraj Kashoukh (ID: 10)
77Request Received from Device!
a4:d5:c2:09:5b:df
192.168.5.105
78Request Received from Device!
a4:d5:c2:09:5b:df
192.168.5.105
-----------------------------------
[Authenticated]: Abdellmalek Ramadan
Device Time (Original): 2026-05-31T15:26:32+02:00
Server Time (Received): 31‏/5‏/2026، 4:24:19 م
-----------------------------------
[UPDATE LAST]: Abdellmalek Ramadan (ID: 14)
79Request Received from Device!
a4:d5:c2:09:5b:df
192.168.5.105
80Request Received from Device!
a4:d5:c2:09:5b:df
192.168.5.105
-----------------------------------
[Authenticated]: Abdulhafith Abuighrara
Device Time (Original): 2026-05-31T15:27:21+02:00
Server Time (Received): 31‏/5‏/2026، 4:25:08 م
-----------------------------------
[UPDATE LAST]: Abdulhafith Abuighrara (ID: 13)
81Request Received from Device!
a4:d5:c2:09:5b:df
192.168.5.105
82Request Received from Device!
a4:d5:c2:09:5b:df
192.168.5.105
-----------------------------------
[Authenticated]: Abdulhafith Abuighrara
Device Time (Original): 2026-05-31T15:27:24+02:00
Server Time (Received): 31‏/5‏/2026، 4:25:11 م
-----------------------------------
[UPDATE LAST]: Abdulhafith Abuighrara (ID: 13)
83Request Received from Device!
a4:d5:c2:09:5b:df
192.168.5.105
-----------------------------------
[Authenticated]: Hatem  Talha
Device Time (Original): 2026-05-31T15:27:28+02:00
Server Time (Received): 31‏/5‏/2026، 4:25:15 م
-----------------------------------
[UPDATE LAST]: Hatem  Talha (ID: 12)
84Request Received from Device!
a4:d5:c2:09:5b:df
192.168.5.105
85Request Received from Device!
a4:d5:c2:09:5b:df
192.168.5.105
-----------------------------------
[Authenticated]: Morad Alfurjani
Device Time (Original): 2026-05-31T15:29:53+02:00
Server Time (Received): 31‏/5‏/2026، 4:27:40 م
-----------------------------------
[UPDATE LAST]: Morad Alfurjani (ID: 15)
86Request Received from Device!
a4:d5:c2:09:5b:df
192.168.5.105
87Request Received from Device!
a4:d5:c2:09:5b:df
192.168.5.105
88Request Received from Device!
a4:d5:c2:09:5b:df
192.168.5.105
-----------------------------------
[Authenticated]: Ibrahim
Device Time (Original): 2026-05-31T15:31:15+02:00
Server Time (Received): 31‏/5‏/2026، 4:29:02 م
-----------------------------------
[UPDATE LAST]: Ibrahim (ID: 5)
89Request Received from Device!
a4:d5:c2:09:5b:df
192.168.5.105
90Request Received from Device!
a4:d5:c2:09:5b:df
192.168.5.105
91Request Received from Device!
a4:d5:c2:09:5c:46
192.168.5.103
-----------------------------------
[Authenticated]: Aseel Elayeb
Device Time (Original): 2026-05-31T15:47:59+02:00
Server Time (Received): 31‏/5‏/2026، 4:45:29 م
-----------------------------------
Data synced to Odoo: {
  status: 'success',
  data: [ { device_id: '4', status: 'check_in_created' } ]
}
[FIRST IN]: Aseel Elayeb (ID: 4)
92Request Received from Device!
a4:d5:c2:09:5c:46
192.168.5.103
93Request Received from Device!
a4:d5:c2:09:5c:46
192.168.5.103
94Request Received from Device!
a4:d5:c2:09:5c:46
192.168.5.103
-----------------------------------
[Authenticated]: NASIRULDIN AHMED
Device Time (Original): 2026-05-31T15:48:06+02:00
Server Time (Received): 31‏/5‏/2026، 4:45:36 م
-----------------------------------
[UPDATE LAST]: NASIRULDIN AHMED (ID: 2)
95Request Received from Device!
a4:d5:c2:09:5c:46
192.168.5.103
96Request Received from Device!
a4:d5:c2:09:5c:46
192.168.5.103
97Request Received from Device!
a4:d5:c2:09:5c:46
192.168.5.103
-----------------------------------
[Authenticated]: SEFAW
Device Time (Original): 2026-05-31T15:48:13+02:00
Server Time (Received): 31‏/5‏/2026، 4:45:43 م
-----------------------------------
[UPDATE LAST]: SEFAW (ID: 8)
98Request Received from Device!
a4:d5:c2:09:5c:46
192.168.5.103
99Request Received from Device!
a4:d5:c2:09:5c:46
192.168.5.103
Compact done
Check Out Data synced to Odoo: {
  status: 'success',
  data: [
    { device_id: '2', status: 'check_out_updated' },
    { device_id: '4', status: 'no_valid_checkout' },
    { device_id: '5', status: 'check_out_updated' },
    { device_id: '8', status: 'check_out_updated' },
    { device_id: '10', status: 'check_out_updated' },
    { device_id: '11', status: 'check_out_updated' },
    { device_id: '12', status: 'check_out_updated' },
    { device_id: '13', status: 'check_out_updated' },
    { device_id: '14', status: 'check_out_updated' },
    { device_id: '15', status: 'check_out_updated' },
    { device_id: '17', status: 'check_out_updated' },
    { device_id: '20', status: 'no_valid_checkout' }
  ]
}
Cache cleared successfully
100Request Received from Device!
a4:d5:c2:09:5c:46
192.168.5.103
101Request Received from Device!
a4:d5:c2:09:5c:46
192.168.5.103
102Request Received from Device!
a4:d5:c2:09:5b:df
192.168.5.105
103Request Received from Device!
a4:d5:c2:09:5b:df
192.168.5.105
-----------------------------------
[Authenticated]: Zahra Alhrari
Device Time (Original): 2026-06-01T08:27:51+02:00
Server Time (Received): 1‏/6‏/2026، 9:26:33 ص
-----------------------------------
Data synced to Odoo: {
  status: 'success',
  data: [ { device_id: '17', status: 'check_in_created' } ]
}
[FIRST IN]: Zahra Alhrari (ID: 17)
104Request Received from Device!
a4:d5:c2:09:5b:df
192.168.5.105
105Request Received from Device!
a4:d5:c2:09:5b:df
192.168.5.105
106Request Received from Device!
a4:d5:c2:09:5b:df
192.168.5.105
107Request Received from Device!
a4:d5:c2:09:5b:df
192.0.0.64
108Request Received from Device!
a4:d5:c2:09:5c:46
192.168.5.147
109Request Received from Device!
a4:d5:c2:09:5b:df
192.168.5.105
110Request Received from Device!
a4:d5:c2:09:5c:46
192.168.5.103
111Request Received from Device!
a4:d5:c2:09:5b:df
192.168.5.105
-----------------------------------
[Authenticated]: Asma Rhoma
Device Time (Original): 2026-06-01T09:11:39+02:00
Server Time (Received): 1‏/6‏/2026، 10:09:24 ص
-----------------------------------
Data synced to Odoo: {
  status: 'success',
  data: [ { device_id: '18', status: 'check_in_created' } ]
}
[FIRST IN]: Asma Rhoma (ID: 18)
112Request Received from Device!
a4:d5:c2:09:5b:df
192.168.5.105
113Request Received from Device!
a4:d5:c2:09:5b:df
192.168.5.105
114Request Received from Device!
a4:d5:c2:09:5b:df
192.168.5.105
-----------------------------------
[Authenticated]: Zakaria Elmagdmi
Device Time (Original): 2026-06-01T09:11:48+02:00
Server Time (Received): 1‏/6‏/2026، 10:09:33 ص
-----------------------------------
Data synced to Odoo: {
  status: 'success',
  data: [ { device_id: '11', status: 'check_in_created' } ]
}
[FIRST IN]: Zakaria Elmagdmi (ID: 11)
115Request Received from Device!
a4:d5:c2:09:5b:df
192.168.5.105
116Request Received from Device!
a4:d5:c2:09:5b:df
192.168.5.105
-----------------------------------
[Authenticated]: Zakaria Elmagdmi
Device Time (Original): 2026-06-01T09:11:52+02:00
Server Time (Received): 1‏/6‏/2026، 10:09:37 ص
-----------------------------------
[UPDATE LAST]: Zakaria Elmagdmi (ID: 11)
117Request Received from Device!
a4:d5:c2:09:5b:df
192.168.5.105
118Request Received from Device!
a4:d5:c2:09:5b:df
192.168.5.105
-----------------------------------
[Authenticated]: Ibrahim
Device Time (Original): 2026-06-01T09:12:37+02:00
Server Time (Received): 1‏/6‏/2026، 10:10:22 ص
-----------------------------------
Data synced to Odoo: {
  status: 'success',
  data: [ { device_id: '5', status: 'check_in_created' } ]
}
[FIRST IN]: Ibrahim (ID: 5)
119Request Received from Device!
a4:d5:c2:09:5b:df
192.168.5.105
120Request Received from Device!
a4:d5:c2:09:5b:df
192.168.5.105
-----------------------------------
[Authenticated]: Ibrahim
Device Time (Original): 2026-06-01T09:12:41+02:00
Server Time (Received): 1‏/6‏/2026، 10:10:25 ص
-----------------------------------
[UPDATE LAST]: Ibrahim (ID: 5)
121Request Received from Device!
a4:d5:c2:09:5b:df
192.168.5.105
122Request Received from Device!
a4:d5:c2:09:5c:46
192.168.5.103
-----------------------------------
[Authenticated]: NASIRULDIN AHMED
Device Time (Original): 2026-06-01T09:13:25+02:00
Server Time (Received): 1‏/6‏/2026، 10:10:52 ص
-----------------------------------
Data synced to Odoo: {
  status: 'success',
  data: [ { device_id: '2', status: 'check_in_created' } ]
}
[FIRST IN]: NASIRULDIN AHMED (ID: 2)
123Request Received from Device!
a4:d5:c2:09:5c:46
192.168.5.103
124Request Received from Device!
a4:d5:c2:09:5c:46
192.168.5.103
125Request Received from Device!
a4:d5:c2:09:5b:df
192.168.5.105
-----------------------------------
[Authenticated]: Abdellmalek Ramadan
Device Time (Original): 2026-06-01T09:23:41+02:00
Server Time (Received): 1‏/6‏/2026، 10:21:26 ص
-----------------------------------
Data synced to Odoo: {
  status: 'success',
  data: [ { device_id: '14', status: 'check_in_created' } ]
}
[FIRST IN]: Abdellmalek Ramadan (ID: 14)
126Request Received from Device!
a4:d5:c2:09:5b:df
192.168.5.105
127Request Received from Device!
a4:d5:c2:09:5b:df
192.168.5.105
128Request Received from Device!
a4:d5:c2:09:5b:df
192.168.5.105
-----------------------------------
[Authenticated]: Hatem  Talha
Device Time (Original): 2026-06-01T09:29:01+02:00
Server Time (Received): 1‏/6‏/2026، 10:26:46 ص
-----------------------------------
Data synced to Odoo: {
  status: 'success',
  data: [ { device_id: '12', status: 'check_in_created' } ]
}
[FIRST IN]: Hatem  Talha (ID: 12)
129Request Received from Device!
a4:d5:c2:09:5b:df
192.168.5.105
130Request Received from Device!
a4:d5:c2:09:5b:df
192.168.5.105
131Request Received from Device!
a4:d5:c2:09:5b:df
192.168.5.105
-----------------------------------
[Authenticated]: Abdulhafith Abuighrara
Device Time (Original): 2026-06-01T09:49:04+02:00
Server Time (Received): 1‏/6‏/2026، 10:46:49 ص
-----------------------------------
Data synced to Odoo: {
  status: 'success',
  data: [ { device_id: '13', status: 'check_in_created' } ]
}
[FIRST IN]: Abdulhafith Abuighrara (ID: 13)
132Request Received from Device!
a4:d5:c2:09:5b:df
192.168.5.105
133Request Received from Device!
a4:d5:c2:09:5b:df
192.168.5.105
134Request Received from Device!
a4:d5:c2:09:5b:df
192.168.5.105
-----------------------------------
[Authenticated]: Abdulhafith Abuighrara
Device Time (Original): 2026-06-01T09:49:13+02:00
Server Time (Received): 1‏/6‏/2026، 10:46:58 ص
-----------------------------------
[UPDATE LAST]: Abdulhafith Abuighrara (ID: 13)
135Request Received from Device!
a4:d5:c2:09:5b:df
192.168.5.105
136Request Received from Device!
a4:d5:c2:09:5b:df
192.168.5.105
-----------------------------------
[Authenticated]: Abdulhafith Abuighrara
Device Time (Original): 2026-06-01T09:49:16+02:00
Server Time (Received): 1‏/6‏/2026، 10:47:01 ص
-----------------------------------
[UPDATE LAST]: Abdulhafith Abuighrara (ID: 13)
137Request Received from Device!
a4:d5:c2:09:5b:df
192.168.5.105
138Request Received from Device!
a4:d5:c2:09:5b:df
192.168.5.105
-----------------------------------
[Authenticated]: RADWAN
Device Time (Original): 2026-06-01T09:52:58+02:00
Server Time (Received): 1‏/6‏/2026، 10:50:43 ص
-----------------------------------
Data synced to Odoo: {
  status: 'success',
  data: [ { device_id: '20', status: 'check_in_created' } ]
}
[FIRST IN]: RADWAN (ID: 20)
139Request Received from Device!
a4:d5:c2:09:5b:df
192.168.5.105
140Request Received from Device!
a4:d5:c2:09:5b:df
192.168.5.105
141Request Received from Device!
a4:d5:c2:09:5b:df
192.168.5.105
-----------------------------------
[Authenticated]: Siraj Kashoukh
Device Time (Original): 2026-06-01T10:04:42+02:00
Server Time (Received): 1‏/6‏/2026، 11:02:27 ص
-----------------------------------
Data synced to Odoo: {
  status: 'success',
  data: [ { device_id: '10', status: 'check_in_created' } ]
}
[FIRST IN]: Siraj Kashoukh (ID: 10)
142Request Received from Device!
a4:d5:c2:09:5b:df
192.168.5.105
143Request Received from Device!
a4:d5:c2:09:5b:df
192.168.5.105
144Request Received from Device!
a4:d5:c2:09:5b:df
192.168.5.105
-----------------------------------
[Authenticated]: Abdulhafith Abuighrara
Device Time (Original): 2026-06-01T10:07:49+02:00
Server Time (Received): 1‏/6‏/2026، 11:05:34 ص
-----------------------------------
[UPDATE LAST]: Abdulhafith Abuighrara (ID: 13)
145Request Received from Device!
a4:d5:c2:09:5b:df
192.168.5.105
146Request Received from Device!
a4:d5:c2:09:5b:df
192.168.5.105
147Request Received from Device!
a4:d5:c2:09:5b:df
192.168.5.105
148Request Received from Device!
a4:d5:c2:09:5b:df
192.168.5.105
-----------------------------------
[Authenticated]: Zahra Alhrari
Device Time (Original): 2026-06-01T15:06:56+02:00
Server Time (Received): 1‏/6‏/2026، 4:04:40 م
-----------------------------------
[UPDATE LAST]: Zahra Alhrari (ID: 17)
149Request Received from Device!
a4:d5:c2:09:5b:df
192.168.5.105
150Request Received from Device!
a4:d5:c2:09:5b:df
192.168.5.105
151Request Received from Device!
a4:d5:c2:09:5b:df
192.168.5.105
-----------------------------------
[Authenticated]: Zakaria Elmagdmi
Device Time (Original): 2026-06-01T15:25:55+02:00
Server Time (Received): 1‏/6‏/2026، 4:23:40 م
-----------------------------------
[UPDATE LAST]: Zakaria Elmagdmi (ID: 11)
152Request Received from Device!
a4:d5:c2:09:5b:df
192.168.5.105
153Request Received from Device!
a4:d5:c2:09:5b:df
192.168.5.105
154Request Received from Device!
a4:d5:c2:09:5b:df
192.168.5.105
-----------------------------------
[Authenticated]: Siraj Kashoukh
Device Time (Original): 2026-06-01T15:26:04+02:00
Server Time (Received): 1‏/6‏/2026، 4:23:49 م
-----------------------------------
[UPDATE LAST]: Siraj Kashoukh (ID: 10)
155Request Received from Device!
a4:d5:c2:09:5b:df
192.168.5.105
156Request Received from Device!
a4:d5:c2:09:5b:df
192.168.5.105
157Request Received from Device!
a4:d5:c2:09:5b:df
192.168.5.105
-----------------------------------
[Authenticated]: Hatem  Talha
Device Time (Original): 2026-06-01T15:26:43+02:00
Server Time (Received): 1‏/6‏/2026، 4:24:27 م
-----------------------------------
[UPDATE LAST]: Hatem  Talha (ID: 12)
158Request Received from Device!
a4:d5:c2:09:5b:df
192.168.5.105
159Request Received from Device!
a4:d5:c2:09:5b:df
192.168.5.105
-----------------------------------
[Authenticated]: Abdellmalek Ramadan
Device Time (Original): 2026-06-01T15:26:46+02:00
Server Time (Received): 1‏/6‏/2026، 4:24:30 م
-----------------------------------
[UPDATE LAST]: Abdellmalek Ramadan (ID: 14)
160Request Received from Device!
a4:d5:c2:09:5b:df
192.168.5.105
161Request Received from Device!
a4:d5:c2:09:5b:df
192.168.5.105
-----------------------------------
[Authenticated]: Abdulhafith Abuighrara
Device Time (Original): 2026-06-01T15:27:53+02:00
Server Time (Received): 1‏/6‏/2026، 4:25:37 م
-----------------------------------
[UPDATE LAST]: Abdulhafith Abuighrara (ID: 13)
162Request Received from Device!
a4:d5:c2:09:5b:df
192.168.5.105
163Request Received from Device!
a4:d5:c2:09:5b:df
192.168.5.105
164Request Received from Device!
a4:d5:c2:09:5b:df
192.168.5.105
-----------------------------------
[Authenticated]: Ibrahim
Device Time (Original): 2026-06-01T15:30:10+02:00
Server Time (Received): 1‏/6‏/2026، 4:27:54 م
-----------------------------------
[UPDATE LAST]: Ibrahim (ID: 5)
165Request Received from Device!
a4:d5:c2:09:5b:df
192.168.5.105
166Request Received from Device!
a4:d5:c2:09:5b:df
192.168.5.105
167Request Received from Device!
a4:d5:c2:09:5c:46
192.168.5.103
-----------------------------------
[Authenticated]: NASIRULDIN AHMED
Device Time (Original): 2026-06-01T15:32:05+02:00
Server Time (Received): 1‏/6‏/2026، 4:29:32 م
-----------------------------------
[UPDATE LAST]: NASIRULDIN AHMED (ID: 2)
168Request Received from Device!
a4:d5:c2:09:5c:46
192.168.5.103
169Request Received from Device!
a4:d5:c2:09:5c:46
192.168.5.103
170Request Received from Device!
a4:d5:c2:09:5b:df
192.168.5.105
-----------------------------------
[Authenticated]: Asma Rhoma
Device Time (Original): 2026-06-01T15:35:02+02:00
Server Time (Received): 1‏/6‏/2026، 4:32:47 م
-----------------------------------
[UPDATE LAST]: Asma Rhoma (ID: 18)
171Request Received from Device!
a4:d5:c2:09:5b:df
192.168.5.105
172Request Received from Device!
a4:d5:c2:09:5b:df
192.168.5.105
Compact done
Check Out Data synced to Odoo: {
  status: 'success',
  data: [
    { device_id: '2', status: 'check_out_updated' },
    { device_id: '5', status: 'check_out_updated' },
    { device_id: '10', status: 'check_out_updated' },
    { device_id: '11', status: 'check_out_updated' },
    { device_id: '12', status: 'check_out_updated' },
    { device_id: '13', status: 'check_out_updated' },
    { device_id: '14', status: 'check_out_updated' },
    { device_id: '17', status: 'check_out_updated' },
    { device_id: '18', status: 'check_out_updated' },
    { device_id: '20', status: 'no_valid_checkout' }
  ]
}
Cache cleared successfully
173Request Received from Device!
a4:d5:c2:09:5b:df
192.168.5.105
-----------------------------------
[Authenticated]: Zahra Alhrari
Device Time (Original): 2026-06-02T08:08:24+02:00
Server Time (Received): 2‏/6‏/2026، 9:06:06 ص
-----------------------------------
Data synced to Odoo: {
  status: 'success',
  data: [ { device_id: '17', status: 'check_in_created' } ]
}
[FIRST IN]: Zahra Alhrari (ID: 17)
174Request Received from Device!
a4:d5:c2:09:5b:df
192.168.5.105
175Request Received from Device!
a4:d5:c2:09:5b:df
192.168.5.105
176Request Received from Device!
a4:d5:c2:09:5b:df
192.168.5.105
-----------------------------------
[Authenticated]: Abdellmalek Ramadan
Device Time (Original): 2026-06-02T08:57:06+02:00
Server Time (Received): 2‏/6‏/2026، 9:54:48 ص
-----------------------------------
Data synced to Odoo: {
  status: 'success',
  data: [ { device_id: '14', status: 'check_in_created' } ]
}
[FIRST IN]: Abdellmalek Ramadan (ID: 14)
177Request Received from Device!
a4:d5:c2:09:5b:df
192.168.5.105
178Request Received from Device!
a4:d5:c2:09:5b:df
192.168.5.105
-----------------------------------
[Authenticated]: Abdellmalek Ramadan
Device Time (Original): 2026-06-02T08:57:09+02:00
Server Time (Received): 2‏/6‏/2026، 9:54:52 ص
-----------------------------------
[UPDATE LAST]: Abdellmalek Ramadan (ID: 14)
179Request Received from Device!
a4:d5:c2:09:5b:df
192.168.5.105
180Request Received from Device!
a4:d5:c2:09:5c:46
192.168.5.103
181Request Received from Device!
a4:d5:c2:09:5c:46
192.168.5.103
-----------------------------------
[Authenticated]: NASIRULDIN AHMED
Device Time (Original): 2026-06-02T09:00:47+02:00
Server Time (Received): 2‏/6‏/2026، 9:58:11 ص
-----------------------------------
Data synced to Odoo: {
  status: 'success',
  data: [ { device_id: '2', status: 'check_in_created' } ]
}
[FIRST IN]: NASIRULDIN AHMED (ID: 2)
182Request Received from Device!
a4:d5:c2:09:5c:46
192.168.5.103
183Request Received from Device!
a4:d5:c2:09:5c:46
192.168.5.103
184Request Received from Device!
a4:d5:c2:09:5b:df
192.168.5.105
-----------------------------------
[Authenticated]: Asma Rhoma
Device Time (Original): 2026-06-02T09:11:00+02:00
Server Time (Received): 2‏/6‏/2026، 10:08:42 ص
-----------------------------------
Data synced to Odoo: {
  status: 'success',
  data: [ { device_id: '18', status: 'check_in_created' } ]
}
[FIRST IN]: Asma Rhoma (ID: 18)
185Request Received from Device!
a4:d5:c2:09:5b:df
192.168.5.105
186Request Received from Device!
a4:d5:c2:09:5b:df
192.168.5.105
187Request Received from Device!
a4:d5:c2:09:5b:df
192.168.5.105
-----------------------------------
[Authenticated]: Ibrahim
Device Time (Original): 2026-06-02T09:15:05+02:00
Server Time (Received): 2‏/6‏/2026، 10:12:48 ص
-----------------------------------
Data synced to Odoo: {
  status: 'success',
  data: [ { device_id: '5', status: 'check_in_created' } ]
}
[FIRST IN]: Ibrahim (ID: 5)
188Request Received from Device!
a4:d5:c2:09:5b:df
192.168.5.105
189Request Received from Device!
a4:d5:c2:09:5b:df
192.168.5.105
190Request Received from Device!
a4:d5:c2:09:5b:df
192.168.5.105
-----------------------------------
[Authenticated]: Zakaria Elmagdmi
Device Time (Original): 2026-06-02T09:21:02+02:00
Server Time (Received): 2‏/6‏/2026، 10:18:45 ص
-----------------------------------
Data synced to Odoo: {
  status: 'success',
  data: [ { device_id: '11', status: 'check_in_created' } ]
}
[FIRST IN]: Zakaria Elmagdmi (ID: 11)
191Request Received from Device!
a4:d5:c2:09:5b:df
192.168.5.105
192Request Received from Device!
a4:d5:c2:09:5b:df
192.168.5.105
-----------------------------------
[Authenticated]: Zakaria Elmagdmi
Device Time (Original): 2026-06-02T09:21:06+02:00
Server Time (Received): 2‏/6‏/2026، 10:18:49 ص
-----------------------------------
[UPDATE LAST]: Zakaria Elmagdmi (ID: 11)
193Request Received from Device!
a4:d5:c2:09:5b:df
192.168.5.105
194Request Received from Device!
a4:d5:c2:09:5b:df
192.168.5.105
-----------------------------------
[Authenticated]: Hatem  Talha
Device Time (Original): 2026-06-02T09:22:52+02:00
Server Time (Received): 2‏/6‏/2026، 10:20:35 ص
-----------------------------------
Data synced to Odoo: {
  status: 'success',
  data: [ { device_id: '12', status: 'check_in_created' } ]
}
[FIRST IN]: Hatem  Talha (ID: 12)
195Request Received from Device!
a4:d5:c2:09:5b:df
192.168.5.105
196Request Received from Device!
a4:d5:c2:09:5b:df
192.168.5.105
197Request Received from Device!
a4:d5:c2:09:5b:df
192.168.5.105
-----------------------------------
[Authenticated]: Hatem  Talha
Device Time (Original): 2026-06-02T09:22:58+02:00
Server Time (Received): 2‏/6‏/2026، 10:20:40 ص
-----------------------------------
[UPDATE LAST]: Hatem  Talha (ID: 12)
198Request Received from Device!
a4:d5:c2:09:5b:df
192.168.5.105
199Request Received from Device!
a4:d5:c2:09:5b:df
192.168.5.105
200Request Received from Device!
a4:d5:c2:09:5b:df
192.168.5.105
-----------------------------------
[Authenticated]: RADWAN
Device Time (Original): 2026-06-02T09:38:37+02:00
Server Time (Received): 2‏/6‏/2026، 10:36:19 ص
-----------------------------------
Data synced to Odoo: {
  status: 'success',
  data: [ { device_id: '20', status: 'check_in_created' } ]
}
[FIRST IN]: RADWAN (ID: 20)
201Request Received from Device!
a4:d5:c2:09:5b:df
192.168.5.105
202Request Received from Device!
a4:d5:c2:09:5b:df
192.168.5.105
203Request Received from Device!
a4:d5:c2:09:5b:df
192.168.5.105
-----------------------------------
[Authenticated]: Siraj Kashoukh
Device Time (Original): 2026-06-02T09:39:55+02:00
Server Time (Received): 2‏/6‏/2026، 10:37:37 ص
-----------------------------------
Data synced to Odoo: {
  status: 'success',
  data: [ { device_id: '10', status: 'check_in_created' } ]
}
[FIRST IN]: Siraj Kashoukh (ID: 10)
204Request Received from Device!
a4:d5:c2:09:5b:df
192.168.5.105
205Request Received from Device!
a4:d5:c2:09:5b:df
192.168.5.105
206Request Received from Device!
a4:d5:c2:09:5b:df
192.168.5.105
-----------------------------------
[Authenticated]: Morad Alfurjani
Device Time (Original): 2026-06-02T09:40:16+02:00
Server Time (Received): 2‏/6‏/2026، 10:37:59 ص
-----------------------------------
Data synced to Odoo: {
  status: 'success',
  data: [ { device_id: '15', status: 'check_in_created' } ]
}
[FIRST IN]: Morad Alfurjani (ID: 15)
207Request Received from Device!
a4:d5:c2:09:5b:df
192.168.5.105
208Request Received from Device!
a4:d5:c2:09:5b:df
192.168.5.105
209Request Received from Device!
a4:d5:c2:09:5b:df
192.168.5.105
-----------------------------------
[Authenticated]: Abdulhafith Abuighrara
Device Time (Original): 2026-06-02T09:52:56+02:00
Server Time (Received): 2‏/6‏/2026، 10:50:39 ص
-----------------------------------
Data synced to Odoo: {
  status: 'success',
  data: [ { device_id: '13', status: 'check_in_created' } ]
}
[FIRST IN]: Abdulhafith Abuighrara (ID: 13)
210Request Received from Device!
a4:d5:c2:09:5b:df
192.168.5.105
211Request Received from Device!
a4:d5:c2:09:5b:df
192.168.5.105
212Request Received from Device!
a4:d5:c2:09:5c:46
192.168.5.103
-----------------------------------
[Authenticated]: SEFAW
Device Time (Original): 2026-06-02T10:13:54+02:00
Server Time (Received): 2‏/6‏/2026، 11:11:19 ص
-----------------------------------
Data synced to Odoo: {
  status: 'success',
  data: [ { device_id: '8', status: 'check_in_created' } ]
}
[FIRST IN]: SEFAW (ID: 8)
213Request Received from Device!
a4:d5:c2:09:5c:46
192.168.5.103
214Request Received from Device!
a4:d5:c2:09:5c:46
192.168.5.103
215Request Received from Device!
a4:d5:c2:09:5c:46
192.168.5.103
216Request Received from Device!
a4:d5:c2:09:5c:46
192.168.5.103
217Request Received from Device!
a4:d5:c2:09:5c:46
192.168.5.103
-----------------------------------
[Authenticated]: SEFAW
Device Time (Original): 2026-06-02T11:35:05+02:00
Server Time (Received): 2‏/6‏/2026، 12:32:30 م
-----------------------------------
[UPDATE LAST]: SEFAW (ID: 8)
218Request Received from Device!
a4:d5:c2:09:5c:46
192.168.5.103
219Request Received from Device!
a4:d5:c2:09:5c:46
192.168.5.103
220Request Received from Device!
a4:d5:c2:09:5b:df
192.168.5.105
-----------------------------------
[Authenticated]: RADWAN
Device Time (Original): 2026-06-02T14:34:18+02:00
Server Time (Received): 2‏/6‏/2026، 3:31:59 م
-----------------------------------
[UPDATE LAST]: RADWAN (ID: 20)
221Request Received from Device!
a4:d5:c2:09:5b:df
192.168.5.105
222Request Received from Device!
a4:d5:c2:09:5b:df
192.168.5.105
223Request Received from Device!
a4:d5:c2:09:5b:df
192.168.5.105
-----------------------------------
[Authenticated]: Zahra Alhrari
Device Time (Original): 2026-06-02T15:10:11+02:00
Server Time (Received): 2‏/6‏/2026، 4:07:53 م
-----------------------------------
[UPDATE LAST]: Zahra Alhrari (ID: 17)
224Request Received from Device!
a4:d5:c2:09:5b:df
192.168.5.105
225Request Received from Device!
a4:d5:c2:09:5b:df
192.168.5.105
226Request Received from Device!
a4:d5:c2:09:5b:df
192.168.5.105
-----------------------------------
[Authenticated]: Siraj Kashoukh
Device Time (Original): 2026-06-02T15:20:04+02:00
Server Time (Received): 2‏/6‏/2026، 4:17:45 م
-----------------------------------
[UPDATE LAST]: Siraj Kashoukh (ID: 10)
227Request Received from Device!
a4:d5:c2:09:5b:df
192.168.5.105
228Request Received from Device!
a4:d5:c2:09:5b:df
192.168.5.105
229Request Received from Device!
a4:d5:c2:09:5b:df
192.168.5.105
-----------------------------------
[Authenticated]: Zakaria Elmagdmi
Device Time (Original): 2026-06-02T15:22:28+02:00
Server Time (Received): 2‏/6‏/2026، 4:20:09 م
-----------------------------------
[UPDATE LAST]: Zakaria Elmagdmi (ID: 11)
230Request Received from Device!
a4:d5:c2:09:5b:df
192.168.5.105
231Request Received from Device!
a4:d5:c2:09:5b:df
192.168.5.105
232Request Received from Device!
a4:d5:c2:09:5b:df
192.168.5.105
-----------------------------------
[Authenticated]: Hatem  Talha
Device Time (Original): 2026-06-02T15:23:14+02:00
Server Time (Received): 2‏/6‏/2026، 4:20:55 م
-----------------------------------
[UPDATE LAST]: Hatem  Talha (ID: 12)
233Request Received from Device!
a4:d5:c2:09:5b:df
192.168.5.105
234Request Received from Device!
a4:d5:c2:09:5b:df
192.168.5.105
235Request Received from Device!
a4:d5:c2:09:5b:df
192.168.5.105
-----------------------------------
[Authenticated]: Abdellmalek Ramadan
Device Time (Original): 2026-06-02T15:25:52+02:00
Server Time (Received): 2‏/6‏/2026، 4:23:34 م
-----------------------------------
[UPDATE LAST]: Abdellmalek Ramadan (ID: 14)
236Request Received from Device!
a4:d5:c2:09:5b:df
192.168.5.105
237Request Received from Device!
a4:d5:c2:09:5b:df
192.168.5.105
238Request Received from Device!
a4:d5:c2:09:5b:df
192.168.5.105
-----------------------------------
[Authenticated]: Abdulhafith Abuighrara
Device Time (Original): 2026-06-02T15:27:54+02:00
Server Time (Received): 2‏/6‏/2026، 4:25:36 م
-----------------------------------
[UPDATE LAST]: Abdulhafith Abuighrara (ID: 13)
239Request Received from Device!
a4:d5:c2:09:5b:df
192.168.5.105
240Request Received from Device!
a4:d5:c2:09:5b:df
192.168.5.105
241Request Received from Device!
a4:d5:c2:09:5b:df
192.168.5.105
-----------------------------------
[Authenticated]: Ibrahim
Device Time (Original): 2026-06-02T15:30:50+02:00
Server Time (Received): 2‏/6‏/2026، 4:28:32 م
-----------------------------------
[UPDATE LAST]: Ibrahim (ID: 5)
242Request Received from Device!
a4:d5:c2:09:5b:df
192.168.5.105
243Request Received from Device!
a4:d5:c2:09:5b:df
192.168.5.105
244Request Received from Device!
a4:d5:c2:09:5c:46
192.168.5.103
-----------------------------------
[Authenticated]: SEFAW
Device Time (Original): 2026-06-02T15:33:27+02:00
Server Time (Received): 2‏/6‏/2026، 4:30:51 م
-----------------------------------
[UPDATE LAST]: SEFAW (ID: 8)
245Request Received from Device!
a4:d5:c2:09:5c:46
192.168.5.103
246Request Received from Device!
a4:d5:c2:09:5c:46
192.168.5.103
247Request Received from Device!
a4:d5:c2:09:5b:df
192.168.5.105
-----------------------------------
[Authenticated]: Asma Rhoma
Device Time (Original): 2026-06-02T15:36:41+02:00
Server Time (Received): 2‏/6‏/2026، 4:34:23 م
-----------------------------------
[UPDATE LAST]: Asma Rhoma (ID: 18)
248Request Received from Device!
a4:d5:c2:09:5b:df
192.168.5.105
249Request Received from Device!
a4:d5:c2:09:5b:df
192.168.5.105
Compact done
Check Out Data synced to Odoo: {
  status: 'success',
  data: [
    { device_id: '2', status: 'no_valid_checkout' },
    { device_id: '5', status: 'check_out_updated' },
    { device_id: '8', status: 'check_out_updated' },
    { device_id: '10', status: 'check_out_updated' },
    { device_id: '11', status: 'check_out_updated' },
    { device_id: '12', status: 'check_out_updated' },
    { device_id: '13', status: 'check_out_updated' },
    { device_id: '14', status: 'check_out_updated' },
    { device_id: '15', status: 'no_valid_checkout' },
    { device_id: '17', status: 'check_out_updated' },
    { device_id: '18', status: 'check_out_updated' },
    { device_id: '20', status: 'check_out_updated' }
  ]
}
Cache cleared successfully
250Request Received from Device!
a4:d5:c2:09:5b:df
192.168.5.105
251Request Received from Device!
a4:d5:c2:09:5b:df
192.168.5.105
-----------------------------------
[Authenticated]: Zahra Alhrari
Device Time (Original): 2026-06-03T08:08:24+02:00
Server Time (Received): 3‏/6‏/2026، 9:07:28 ص
-----------------------------------
Data synced to Odoo: {
  status: 'success',
  data: [ { device_id: '17', status: 'check_in_created' } ]
}
[FIRST IN]: Zahra Alhrari (ID: 17)
252Request Received from Device!
a4:d5:c2:09:5b:df
192.168.5.105
253Request Received from Device!
a4:d5:c2:09:5c:46
192.168.5.103
254Request Received from Device!
a4:d5:c2:09:5c:46
192.168.5.103
255Request Received from Device!
a4:d5:c2:09:5b:df
192.168.5.105
256Request Received from Device!
a4:d5:c2:09:5b:df
192.168.5.105
257Request Received from Device!
a4:d5:c2:09:5b:df
192.168.5.105
258Request Received from Device!
a4:d5:c2:09:5b:df
192.168.5.105
259Request Received from Device!
a4:d5:c2:09:5b:df
192.168.5.105
-----------------------------------
[Authenticated]: Abdellmalek Ramadan
Device Time (Original): 2026-06-03T09:09:04+02:00
Server Time (Received): 3‏/6‏/2026، 10:06:44 ص
-----------------------------------
Data synced to Odoo: {
  status: 'success',
  data: [ { device_id: '14', status: 'check_in_created' } ]
}
[FIRST IN]: Abdellmalek Ramadan (ID: 14)
260Request Received from Device!
a4:d5:c2:09:5b:df
192.168.5.105
261Request Received from Device!
a4:d5:c2:09:5b:df
192.168.5.105
-----------------------------------
[Authenticated]: Abdellmalek Ramadan
Device Time (Original): 2026-06-03T09:09:09+02:00
Server Time (Received): 3‏/6‏/2026، 10:06:48 ص
-----------------------------------
[UPDATE LAST]: Abdellmalek Ramadan (ID: 14)
262Request Received from Device!
a4:d5:c2:09:5b:df
192.168.5.105
263Request Received from Device!
a4:d5:c2:09:5b:df
192.168.5.105
-----------------------------------
[Authenticated]: Asma Rhoma
Device Time (Original): 2026-06-03T09:15:05+02:00
Server Time (Received): 3‏/6‏/2026، 10:12:45 ص
-----------------------------------
Data synced to Odoo: {
  status: 'success',
  data: [ { device_id: '18', status: 'check_in_created' } ]
}
[FIRST IN]: Asma Rhoma (ID: 18)
264Request Received from Device!
a4:d5:c2:09:5b:df
192.168.5.105
265Request Received from Device!
a4:d5:c2:09:5b:df
192.168.5.105
266Request Received from Device!
a4:d5:c2:09:5b:df
192.168.5.105
-----------------------------------
[Authenticated]: Zakaria Elmagdmi
Device Time (Original): 2026-06-03T09:23:45+02:00
Server Time (Received): 3‏/6‏/2026، 10:21:25 ص
-----------------------------------
Data synced to Odoo: {
  status: 'success',
  data: [ { device_id: '11', status: 'check_in_created' } ]
}
[FIRST IN]: Zakaria Elmagdmi (ID: 11)
267Request Received from Device!
a4:d5:c2:09:5b:df
192.168.5.105
268Request Received from Device!
a4:d5:c2:09:5b:df
192.168.5.105
269Request Received from Device!
a4:d5:c2:09:5b:df
192.168.5.105
-----------------------------------
[Authenticated]: Siraj Kashoukh
Device Time (Original): 2026-06-03T09:24:24+02:00
Server Time (Received): 3‏/6‏/2026، 10:22:04 ص
-----------------------------------
Data synced to Odoo: {
  status: 'success',
  data: [ { device_id: '10', status: 'check_in_created' } ]
}
[FIRST IN]: Siraj Kashoukh (ID: 10)
270Request Received from Device!
a4:d5:c2:09:5b:df
192.168.5.105
271Request Received from Device!
a4:d5:c2:09:5b:df
192.168.5.105
-----------------------------------
[Authenticated]: Siraj Kashoukh
Device Time (Original): 2026-06-03T09:24:28+02:00
Server Time (Received): 3‏/6‏/2026، 10:22:08 ص
-----------------------------------
[UPDATE LAST]: Siraj Kashoukh (ID: 10)
272Request Received from Device!
a4:d5:c2:09:5b:df
192.168.5.105
273Request Received from Device!
a4:d5:c2:09:5b:df
192.168.5.105
-----------------------------------
[Authenticated]: RADWAN
Device Time (Original): 2026-06-03T09:28:28+02:00
Server Time (Received): 3‏/6‏/2026، 10:26:08 ص
-----------------------------------
Data synced to Odoo: {
  status: 'success',
  data: [ { device_id: '20', status: 'check_in_created' } ]
}
[FIRST IN]: RADWAN (ID: 20)
274Request Received from Device!
a4:d5:c2:09:5b:df
192.168.5.105
275Request Received from Device!
a4:d5:c2:09:5b:df
192.168.5.105
276Request Received from Device!
a4:d5:c2:09:5b:df
192.168.5.105
-----------------------------------
[Authenticated]: Hatem  Talha
Device Time (Original): 2026-06-03T09:28:52+02:00
Server Time (Received): 3‏/6‏/2026، 10:26:31 ص
-----------------------------------
Data synced to Odoo: {
  status: 'success',
  data: [ { device_id: '12', status: 'check_in_created' } ]
}
[FIRST IN]: Hatem  Talha (ID: 12)
277Request Received from Device!
a4:d5:c2:09:5b:df
192.168.5.105
278Request Received from Device!
a4:d5:c2:09:5b:df
192.168.5.105
279Request Received from Device!
a4:d5:c2:09:5c:46
192.168.5.103
280Request Received from Device!
a4:d5:c2:09:5b:df
192.168.5.105
281Request Received from Device!
a4:d5:c2:09:5b:df
192.168.5.105
282Request Received from Device!
a4:d5:c2:09:5b:df
192.168.5.105
283Request Received from Device!
a4:d5:c2:09:5c:46
192.168.5.103
284Request Received from Device!
a4:d5:c2:09:5b:df
192.168.5.105
285Request Received from Device!
a4:d5:c2:09:5c:46
192.168.5.103
286Request Received from Device!
a4:d5:c2:09:5b:df
192.168.5.105
287Request Received from Device!
a4:d5:c2:09:5c:46
192.168.5.103
288Request Received from Device!
a4:d5:c2:09:5b:df
192.168.5.105
289Request Received from Device!
a4:d5:c2:09:5b:df
192.168.5.105
-----------------------------------
[Authenticated]: Ibrahim
Device Time (Original): 2026-06-03T09:49:33+02:00
Server Time (Received): 3‏/6‏/2026، 10:47:13 ص
-----------------------------------
Data synced to Odoo: {
  status: 'success',
  data: [ { device_id: '5', status: 'check_in_created' } ]
}
[FIRST IN]: Ibrahim (ID: 5)
290Request Received from Device!
a4:d5:c2:09:5b:df
192.168.5.105
291Request Received from Device!
a4:d5:c2:09:5b:df
192.168.5.105
292Request Received from Device!
a4:d5:c2:09:5b:df
192.168.5.105
-----------------------------------
[Authenticated]: Zahra Alhrari
Device Time (Original): 2026-06-03T10:09:02+02:00
Server Time (Received): 3‏/6‏/2026، 11:06:41 ص
-----------------------------------
[UPDATE LAST]: Zahra Alhrari (ID: 17)
293Request Received from Device!
a4:d5:c2:09:5b:df
192.168.5.105
294Request Received from Device!
a4:d5:c2:09:5b:df
192.168.5.105
295Request Received from Device!
a4:d5:c2:09:5b:df
192.168.5.105
-----------------------------------
[Authenticated]: Zahra Alhrari
Device Time (Original): 2026-06-03T10:13:53+02:00
Server Time (Received): 3‏/6‏/2026، 11:11:32 ص
-----------------------------------
[UPDATE LAST]: Zahra Alhrari (ID: 17)
296Request Received from Device!
a4:d5:c2:09:5b:df
192.168.5.105
297Request Received from Device!
a4:d5:c2:09:5b:df
192.168.5.105
298Request Received from Device!
a4:d5:c2:09:5b:df
192.168.5.105
-----------------------------------
[Authenticated]: Asma Rhoma
Device Time (Original): 2026-06-03T10:34:57+02:00
Server Time (Received): 3‏/6‏/2026، 11:32:36 ص
-----------------------------------
[UPDATE LAST]: Asma Rhoma (ID: 18)
299Request Received from Device!
a4:d5:c2:09:5b:df
192.168.5.105
300Request Received from Device!
a4:d5:c2:09:5b:df
192.168.5.105
-----------------------------------
[Authenticated]: Asma Rhoma
Device Time (Original): 2026-06-03T10:35:01+02:00
Server Time (Received): 3‏/6‏/2026، 11:32:40 ص
-----------------------------------
[UPDATE LAST]: Asma Rhoma (ID: 18)
301Request Received from Device!
a4:d5:c2:09:5b:df
192.168.5.105
302Request Received from Device!
a4:d5:c2:09:5b:df
192.168.5.105
-----------------------------------
[Authenticated]: Ibrahim
Device Time (Original): 2026-06-03T13:19:54+02:00
Server Time (Received): 3‏/6‏/2026، 2:17:33 م
-----------------------------------
[UPDATE LAST]: Ibrahim (ID: 5)
303Request Received from Device!
a4:d5:c2:09:5b:df
192.168.5.105
304Request Received from Device!
a4:d5:c2:09:5b:df
192.168.5.105
305Request Received from Device!
a4:d5:c2:09:5b:df
192.168.5.105
-----------------------------------
[Authenticated]: Abdellmalek Ramadan
Device Time (Original): 2026-06-03T15:26:54+02:00
Server Time (Received): 3‏/6‏/2026، 4:24:33 م
-----------------------------------
[UPDATE LAST]: Abdellmalek Ramadan (ID: 14)
306Request Received from Device!
a4:d5:c2:09:5b:df
192.168.5.105
307Request Received from Device!
a4:d5:c2:09:5b:df
192.168.5.105
308Request Received from Device!
a4:d5:c2:09:5b:df
192.168.5.105
-----------------------------------
[Authenticated]: Hatem  Talha
Device Time (Original): 2026-06-03T15:27:09+02:00
Server Time (Received): 3‏/6‏/2026، 4:24:48 م
-----------------------------------
[UPDATE LAST]: Hatem  Talha (ID: 12)
309Request Received from Device!
a4:d5:c2:09:5b:df
192.168.5.105
310Request Received from Device!
a4:d5:c2:09:5b:df
192.168.5.105
311Request Received from Device!
a4:d5:c2:09:5b:df
192.168.5.105
-----------------------------------
[Authenticated]: Siraj Kashoukh
Device Time (Original): 2026-06-03T15:27:25+02:00
Server Time (Received): 3‏/6‏/2026، 4:25:04 م
-----------------------------------
[UPDATE LAST]: Siraj Kashoukh (ID: 10)
312Request Received from Device!
a4:d5:c2:09:5b:df
192.168.5.105
313Request Received from Device!
a4:d5:c2:09:5b:df
192.168.5.105
-----------------------------------
[Authenticated]: Zakaria Elmagdmi
Device Time (Original): 2026-06-03T15:27:27+02:00
Server Time (Received): 3‏/6‏/2026، 4:25:07 م
-----------------------------------
[UPDATE LAST]: Zakaria Elmagdmi (ID: 11)
314Request Received from Device!
a4:d5:c2:09:5b:df
192.168.5.105
315Request Received from Device!
a4:d5:c2:09:5b:df
192.168.5.105
-----------------------------------
[Authenticated]: Ibrahim
Device Time (Original): 2026-06-03T15:30:58+02:00
Server Time (Received): 3‏/6‏/2026، 4:28:37 م
-----------------------------------
[UPDATE LAST]: Ibrahim (ID: 5)
316Request Received from Device!
a4:d5:c2:09:5b:df
192.168.5.105
317Request Received from Device!
a4:d5:c2:09:5b:df
192.168.5.105
318Request Received from Device!
a4:d5:c2:09:5b:df
192.168.5.105
-----------------------------------
[Authenticated]: Asma Rhoma
Device Time (Original): 2026-06-03T15:32:22+02:00
Server Time (Received): 3‏/6‏/2026، 4:30:01 م
-----------------------------------
[UPDATE LAST]: Asma Rhoma (ID: 18)
319Request Received from Device!
a4:d5:c2:09:5b:df
192.168.5.105
320Request Received from Device!
a4:d5:c2:09:5b:df
192.168.5.105
321Request Received from Device!
a4:d5:c2:09:5b:df
192.168.5.105
-----------------------------------
[Authenticated]: Morad Alfurjani
Device Time (Original): 2026-06-03T15:32:46+02:00
Server Time (Received): 3‏/6‏/2026، 4:30:25 م
-----------------------------------
Data synced to Odoo: {
  status: 'success',
  data: [ { device_id: '15', status: 'check_in_created' } ]
}
[FIRST IN]: Morad Alfurjani (ID: 15)
322Request Received from Device!
a4:d5:c2:09:5b:df
192.168.5.105
323Request Received from Device!
a4:d5:c2:09:5b:df
192.168.5.105
324Request Received from Device!
a4:d5:c2:09:5b:df
192.168.5.105
325Request Received from Device!
a4:d5:c2:09:5b:df
192.168.5.105
-----------------------------------
[Authenticated]: JUMA ELALLUS
Device Time (Original): 2026-06-03T16:09:22+02:00
Server Time (Received): 3‏/6‏/2026، 5:07:00 م
-----------------------------------
Data synced to Odoo: {
  status: 'success',
  data: [ { device_id: '1', status: 'check_in_created' } ]
}
[FIRST IN]: JUMA ELALLUS (ID: 1)
326Request Received from Device!
a4:d5:c2:09:5b:df
192.168.5.105
327Request Received from Device!
a4:d5:c2:09:5b:df
192.168.5.105
Compact done
Check Out Data synced to Odoo: {
  status: 'success',
  data: [
    { device_id: '1', status: 'no_valid_checkout' },
    { device_id: '5', status: 'check_out_updated' },
    { device_id: '10', status: 'check_out_updated' },
    { device_id: '11', status: 'check_out_updated' },
    { device_id: '12', status: 'check_out_updated' },
    { device_id: '14', status: 'check_out_updated' },
    { device_id: '15', status: 'no_valid_checkout' },
    { device_id: '17', status: 'check_out_updated' },
    { device_id: '18', status: 'check_out_updated' },
    { device_id: '20', status: 'no_valid_checkout' }
  ]
}
Cache cleared successfully
328Request Received from Device!
a4:d5:c2:09:5c:46
192.168.5.103
329Request Received from Device!
a4:d5:c2:09:5c:46
192.168.5.103
330Request Received from Device!
a4:d5:c2:09:5b:df
192.168.5.105
331Request Received from Device!
a4:d5:c2:09:5b:df
192.168.5.105
-----------------------------------
[Authenticated]: Zahra Alhrari
Device Time (Original): 2026-06-04T08:11:26+02:00
Server Time (Received): 4‏/6‏/2026، 9:10:05 ص
-----------------------------------
Data synced to Odoo: {
  status: 'success',
  data: [ { device_id: '17', status: 'check_in_created' } ]
}
[FIRST IN]: Zahra Alhrari (ID: 17)
332Request Received from Device!
a4:d5:c2:09:5b:df
192.168.5.105
333Request Received from Device!
a4:d5:c2:09:5b:df
192.168.5.105
334Request Received from Device!
a4:d5:c2:09:5b:df
192.168.5.105
335Request Received from Device!
a4:d5:c2:09:5b:df
192.168.5.105
336Request Received from Device!
a4:d5:c2:09:5c:46
192.168.5.147
337Request Received from Device!
a4:d5:c2:09:5c:46
192.168.5.103
338Request Received from Device!
a4:d5:c2:09:5b:df
192.168.5.105
339Request Received from Device!
a4:d5:c2:09:5b:df
192.168.5.105
340Request Received from Device!
a4:d5:c2:09:5b:df
192.168.5.105
341Request Received from Device!
a4:d5:c2:09:5b:df
192.168.5.105
-----------------------------------
[Authenticated]: Ibrahim
Device Time (Original): 2026-06-04T09:05:01+02:00
Server Time (Received): 4‏/6‏/2026، 10:02:38 ص
-----------------------------------
Data synced to Odoo: {
  status: 'success',
  data: [ { device_id: '5', status: 'check_in_created' } ]
}
[FIRST IN]: Ibrahim (ID: 5)
342Request Received from Device!
a4:d5:c2:09:5b:df
192.168.5.105
343Request Received from Device!
a4:d5:c2:09:5b:df
192.168.5.105
344Request Received from Device!
a4:d5:c2:09:5c:46
192.168.5.103
-----------------------------------
[Authenticated]: Aseel Elayeb
Device Time (Original): 2026-06-04T09:12:34+02:00
Server Time (Received): 4‏/6‏/2026، 10:09:52 ص
-----------------------------------
Data synced to Odoo: {
  status: 'success',
  data: [ { device_id: '4', status: 'check_in_created' } ]
}
[FIRST IN]: Aseel Elayeb (ID: 4)
345Request Received from Device!
a4:d5:c2:09:5c:46
192.168.5.103
346Request Received from Device!
a4:d5:c2:09:5c:46
192.168.5.103
347Request Received from Device!
a4:d5:c2:09:5b:df
192.168.5.105
-----------------------------------
[Authenticated]: Asma Rhoma
Device Time (Original): 2026-06-04T09:13:27+02:00
Server Time (Received): 4‏/6‏/2026، 10:11:04 ص
-----------------------------------
Data synced to Odoo: {
  status: 'success',
  data: [ { device_id: '18', status: 'check_in_created' } ]
}
[FIRST IN]: Asma Rhoma (ID: 18)
348Request Received from Device!
a4:d5:c2:09:5b:df
192.168.5.105
349Request Received from Device!
a4:d5:c2:09:5b:df
192.168.5.105
350Request Received from Device!
a4:d5:c2:09:5b:df
192.168.5.105
-----------------------------------
[Authenticated]: Hatem  Talha
Device Time (Original): 2026-06-04T09:20:10+02:00
Server Time (Received): 4‏/6‏/2026، 10:17:47 ص
-----------------------------------
Data synced to Odoo: {
  status: 'success',
  data: [ { device_id: '12', status: 'check_in_created' } ]
}
[FIRST IN]: Hatem  Talha (ID: 12)
351Request Received from Device!
a4:d5:c2:09:5b:df
192.168.5.105
352Request Received from Device!
a4:d5:c2:09:5b:df
192.168.5.105
353Request Received from Device!
a4:d5:c2:09:5b:df
192.168.5.105
-----------------------------------
[Authenticated]: Abdulhafith Abuighrara
Device Time (Original): 2026-06-04T09:20:18+02:00
Server Time (Received): 4‏/6‏/2026، 10:17:56 ص
-----------------------------------
Data synced to Odoo: {
  status: 'success',
  data: [ { device_id: '13', status: 'check_in_created' } ]
}
[FIRST IN]: Abdulhafith Abuighrara (ID: 13)
354Request Received from Device!
a4:d5:c2:09:5b:df
192.168.5.105
355Request Received from Device!
a4:d5:c2:09:5b:df
192.168.5.105
356Request Received from Device!
a4:d5:c2:09:5b:df
192.168.5.105
-----------------------------------
[Authenticated]: Morad Alfurjani
Device Time (Original): 2026-06-04T09:31:06+02:00
Server Time (Received): 4‏/6‏/2026، 10:28:43 ص
-----------------------------------
Data synced to Odoo: {
  status: 'success',
  data: [ { device_id: '15', status: 'check_in_created' } ]
}
[FIRST IN]: Morad Alfurjani (ID: 15)
357Request Received from Device!
a4:d5:c2:09:5b:df
192.168.5.105
358Request Received from Device!
a4:d5:c2:09:5b:df
192.168.5.105
359Request Received from Device!
a4:d5:c2:09:5b:df
192.168.5.105
-----------------------------------
[Authenticated]: RADWAN
Device Time (Original): 2026-06-04T09:34:09+02:00
Server Time (Received): 4‏/6‏/2026، 10:31:46 ص
-----------------------------------
Data synced to Odoo: {
  status: 'success',
  data: [ { device_id: '20', status: 'check_in_created' } ]
}
[FIRST IN]: RADWAN (ID: 20)
360Request Received from Device!
a4:d5:c2:09:5b:df
192.168.5.105
361Request Received from Device!
a4:d5:c2:09:5b:df
192.168.5.105
362Request Received from Device!
a4:d5:c2:09:5b:df
192.168.5.105
-----------------------------------
[Authenticated]: Abdulhafith Abuighrara
Device Time (Original): 2026-06-04T09:41:39+02:00
Server Time (Received): 4‏/6‏/2026، 10:39:17 ص
-----------------------------------
[UPDATE LAST]: Abdulhafith Abuighrara (ID: 13)
363Request Received from Device!
a4:d5:c2:09:5b:df
192.168.5.105
364Request Received from Device!
a4:d5:c2:09:5b:df
192.168.5.105
365Request Received from Device!
a4:d5:c2:09:5b:df
192.168.5.105
366Request Received from Device!
a4:d5:c2:09:5b:df
192.168.5.105
367Request Received from Device!
a4:d5:c2:09:5b:df
192.168.5.105
-----------------------------------
[Authenticated]: Zakaria Elmagdmi
Device Time (Original): 2026-06-04T09:41:46+02:00
Server Time (Received): 4‏/6‏/2026، 10:41:33 ص
-----------------------------------
Data synced to Odoo: {
  status: 'success',
  data: [ { device_id: '11', status: 'check_in_created' } ]
}
[FIRST IN]: Zakaria Elmagdmi (ID: 11)
368Request Received from Device!
a4:d5:c2:09:5b:df
192.168.5.105
369Request Received from Device!
a4:d5:c2:09:5b:df
192.168.5.105
370Request Received from Device!
a4:d5:c2:09:5c:46
192.168.5.103
371Request Received from Device!
a4:d5:c2:09:5c:46
192.168.5.103
372Request Received from Device!
a4:d5:c2:09:5b:df
192.168.5.105
373Request Received from Device!
a4:d5:c2:09:5b:df
192.168.5.105
-----------------------------------
[Authenticated]: Siraj Kashoukh
Device Time (Original): 2026-06-04T09:54:19+02:00
Server Time (Received): 4‏/6‏/2026، 10:54:06 ص
-----------------------------------
Data synced to Odoo: {
  status: 'success',
  data: [ { device_id: '10', status: 'check_in_created' } ]
}
[FIRST IN]: Siraj Kashoukh (ID: 10)
374Request Received from Device!
a4:d5:c2:09:5b:df
192.168.5.105
375Request Received from Device!
a4:d5:c2:09:5b:df
192.168.5.105
376Request Received from Device!
a4:d5:c2:09:5b:df
192.168.5.105
377Request Received from Device!
a4:d5:c2:09:5b:df
192.168.5.105
-----------------------------------
[Authenticated]: RADWAN
Device Time (Original): 2026-06-04T13:11:43+02:00
Server Time (Received): 4‏/6‏/2026، 2:11:29 م
-----------------------------------
[UPDATE LAST]: RADWAN (ID: 20)
378Request Received from Device!
a4:d5:c2:09:5b:df
192.168.5.105
379Request Received from Device!
a4:d5:c2:09:5b:df
192.168.5.105
380Request Received from Device!
a4:d5:c2:09:5b:df
192.168.5.105
-----------------------------------
[Authenticated]: Alhadi Abdo
Device Time (Original): 2026-06-04T13:18:29+02:00
Server Time (Received): 4‏/6‏/2026، 2:18:15 م
-----------------------------------
Data synced to Odoo: {
  status: 'success',
  data: [ { device_id: '19', status: 'check_in_created' } ]
}
[FIRST IN]: Alhadi Abdo (ID: 19)
381Request Received from Device!
a4:d5:c2:09:5b:df
192.168.5.105
382Request Received from Device!
a4:d5:c2:09:5b:df
192.168.5.105
383Request Received from Device!
a4:d5:c2:09:5b:df
192.168.5.105
-----------------------------------
[Authenticated]: Zahra Alhrari
Device Time (Original): 2026-06-04T14:57:06+02:00
Server Time (Received): 4‏/6‏/2026، 3:56:53 م
-----------------------------------
[UPDATE LAST]: Zahra Alhrari (ID: 17)
384Request Received from Device!
a4:d5:c2:09:5b:df
192.168.5.105
385Request Received from Device!
a4:d5:c2:09:5b:df
192.168.5.105
386Request Received from Device!
a4:d5:c2:09:5b:df
192.168.5.105
-----------------------------------
[Authenticated]: Siraj Kashoukh
Device Time (Original): 2026-06-04T15:19:35+02:00
Server Time (Received): 4‏/6‏/2026، 4:19:22 م
-----------------------------------
[UPDATE LAST]: Siraj Kashoukh (ID: 10)
387Request Received from Device!
a4:d5:c2:09:5b:df
192.168.5.105
388Request Received from Device!
a4:d5:c2:09:5b:df
192.168.5.105
389Request Received from Device!
a4:d5:c2:09:5b:df
192.168.5.105
-----------------------------------
[Authenticated]: Hatem  Talha
Device Time (Original): 2026-06-04T15:20:41+02:00
Server Time (Received): 4‏/6‏/2026، 4:20:28 م
-----------------------------------
[UPDATE LAST]: Hatem  Talha (ID: 12)
390Request Received from Device!
a4:d5:c2:09:5b:df
192.168.5.105
391Request Received from Device!
a4:d5:c2:09:5b:df
192.168.5.105
392Request Received from Device!
a4:d5:c2:09:5b:df
192.168.5.105
-----------------------------------
[Authenticated]: Abdulhafith Abuighrara
Device Time (Original): 2026-06-04T15:20:47+02:00
Server Time (Received): 4‏/6‏/2026، 4:20:33 م
-----------------------------------
[UPDATE LAST]: Abdulhafith Abuighrara (ID: 13)
393Request Received from Device!
a4:d5:c2:09:5b:df
192.168.5.105
394Request Received from Device!
a4:d5:c2:09:5b:df
192.168.5.105
395Request Received from Device!
a4:d5:c2:09:5b:df
192.168.5.105
-----------------------------------
[Authenticated]: Zakaria Elmagdmi
Device Time (Original): 2026-06-04T15:22:44+02:00
Server Time (Received): 4‏/6‏/2026، 4:22:31 م
-----------------------------------
[UPDATE LAST]: Zakaria Elmagdmi (ID: 11)
396Request Received from Device!
a4:d5:c2:09:5b:df
192.168.5.105
397Request Received from Device!
a4:d5:c2:09:5b:df
192.168.5.105
398Request Received from Device!
a4:d5:c2:09:5b:df
192.168.5.105
-----------------------------------
[Authenticated]: Morad Alfurjani
Device Time (Original): 2026-06-04T15:30:19+02:00
Server Time (Received): 4‏/6‏/2026، 4:30:05 م
-----------------------------------
[UPDATE LAST]: Morad Alfurjani (ID: 15)
399Request Received from Device!
a4:d5:c2:09:5b:df
192.168.5.105
400Request Received from Device!
a4:d5:c2:09:5b:df
192.168.5.105
401Request Received from Device!
a4:d5:c2:09:5b:df
192.168.5.105
-----------------------------------
[Authenticated]: Asma Rhoma
Device Time (Original): 2026-06-04T15:36:10+02:00
Server Time (Received): 4‏/6‏/2026، 4:35:56 م
-----------------------------------
[UPDATE LAST]: Asma Rhoma (ID: 18)
402Request Received from Device!
a4:d5:c2:09:5b:df
192.168.5.105
403Request Received from Device!
a4:d5:c2:09:5b:df
192.168.5.105
404Request Received from Device!
a4:d5:c2:09:5b:df
192.168.5.105
-----------------------------------
[Authenticated]: Ibrahim
Device Time (Original): 2026-06-04T15:50:28+02:00
Server Time (Received): 4‏/6‏/2026، 4:50:15 م
-----------------------------------
[UPDATE LAST]: Ibrahim (ID: 5)
405Request Received from Device!
a4:d5:c2:09:5b:df
192.168.5.105
406Request Received from Device!
a4:d5:c2:09:5b:df
192.168.5.105
407Request Received from Device!
a4:d5:c2:09:5c:46
192.168.5.103
Compact done
Check Out Data synced to Odoo: {
  status: 'success',
  data: [
    { device_id: '4', status: 'no_valid_checkout' },
    { device_id: '5', status: 'check_out_updated' },
    { device_id: '10', status: 'check_out_updated' },
    { device_id: '11', status: 'check_out_updated' },
    { device_id: '12', status: 'check_out_updated' },
    { device_id: '13', status: 'check_out_updated' },
    { device_id: '15', status: 'check_out_updated' },
    { device_id: '17', status: 'check_out_updated' },
    { device_id: '18', status: 'check_out_updated' },
    { device_id: '19', status: 'no_valid_checkout' },
    { device_id: '20', status: 'check_out_updated' }
  ]
}
Cache cleared successfully
Compact done
Check Out Data synced to Odoo: { status: 'success', data: [] }
Cache cleared successfully
Compact done
Check Out Data synced to Odoo: { status: 'success', data: [] }
Cache cleared successfully
NODE PRIORITY SETED TO HIGH
Server running on: http://localhost:3000
DB => Database Connection Success
1Request Received from Device!
a4:d5:c2:09:5b:df
192.168.5.105
2Request Received from Device!
a4:d5:c2:09:5b:df
192.168.5.105
NODE PRIORITY SETED TO HIGH
Server running on: http://localhost:3000
DB => Database Connection Success
1Request Received from Device!
a4:d5:c2:09:5c:46
192.168.5.103
2Request Received from Device!
a4:d5:c2:09:5b:df
192.168.5.105
-----------------------------------
[Authenticated]: Zahra Alhrari
Device Time (Original): 2026-06-07T08:08:21+02:00
Server Time (Received): 7‏/6‏/2026، 11:07:00 ص
-----------------------------------
3Request Received from Device!
a4:d5:c2:09:5c:46
192.168.5.103
4Request Received from Device!
a4:d5:c2:09:5c:46
192.168.5.103
5Request Received from Device!
a4:d5:c2:09:5c:46
192.168.5.103
[
  'session_id=44OH1rFAn0B0skF24a54wAfayIUxNYCxqVPgtO6LHnTl3hXJSrr1RgzJ22Pr6CS5-Kfw4tfpB7xFs6_U1ERY; Expires=Mon, 07 Jun 2027 08:07:00 GMT; Max-Age=604800; HttpOnly; Path=/',
  'session_id=44OH1rFAn0B0skF24a54wAfayIUxNYCxqVPgtO6LHnTl3hXJSrr1RgzJ22Pr6CS5-Kfw4tfpB7xFs6_U1ERY; Expires=Mon, 07 Jun 2027 08:07:01 GMT; Max-Age=604800; HttpOnly; Path=/'
]
Logged into Odoo successfully!
6Request Received from Device!
a4:d5:c2:09:5c:46
192.168.5.103
Data synced to Odoo: {
  status: 'success',
  data: [ { device_id: '17', status: 'check_in_created' } ]
}
[FIRST IN]: Zahra Alhrari (ID: 17)
7Request Received from Device!
a4:d5:c2:09:5b:df
192.168.5.105
8Request Received from Device!
a4:d5:c2:09:5b:df
192.168.5.105
9Request Received from Device!
a4:d5:c2:09:5b:df
192.168.5.105
-----------------------------------
[Authenticated]: Abdellmalek Ramadan
Device Time (Original): 2026-06-07T09:00:54+02:00
Server Time (Received): 7‏/6‏/2026، 11:07:02 ص
-----------------------------------
Data synced to Odoo: {
  status: 'success',
  data: [ { device_id: '14', status: 'check_in_created' } ]
}
[FIRST IN]: Abdellmalek Ramadan (ID: 14)
10Request Received from Device!
a4:d5:c2:09:5b:df
192.168.5.105
11Request Received from Device!
a4:d5:c2:09:5b:df
192.168.5.105
12Request Received from Device!
a4:d5:c2:09:5b:df
192.168.5.105
-----------------------------------
[Authenticated]: Asma Rhoma
Device Time (Original): 2026-06-07T09:01:47+02:00
Server Time (Received): 7‏/6‏/2026، 11:07:03 ص
-----------------------------------
Data synced to Odoo: {
  status: 'success',
  data: [ { device_id: '18', status: 'check_in_created' } ]
}
[FIRST IN]: Asma Rhoma (ID: 18)
13Request Received from Device!
a4:d5:c2:09:5b:df
192.168.5.105
14Request Received from Device!
a4:d5:c2:09:5b:df
192.168.5.105
15Request Received from Device!
a4:d5:c2:09:5b:df
192.168.5.105
-----------------------------------
[Authenticated]: Asma Rhoma
Device Time (Original): 2026-06-07T09:01:53+02:00
Server Time (Received): 7‏/6‏/2026، 11:07:03 ص
-----------------------------------
[UPDATE LAST]: Asma Rhoma (ID: 18)
16Request Received from Device!
a4:d5:c2:09:5b:df
192.168.5.105
17Request Received from Device!
a4:d5:c2:09:5b:df
192.168.5.105
18Request Received from Device!
a4:d5:c2:09:5b:df
192.168.5.105
-----------------------------------
[Authenticated]: Ibrahim
Device Time (Original): 2026-06-07T09:13:04+02:00
Server Time (Received): 7‏/6‏/2026، 11:07:04 ص
-----------------------------------
Data synced to Odoo: {
  status: 'success',
  data: [ { device_id: '5', status: 'check_in_created' } ]
}
[FIRST IN]: Ibrahim (ID: 5)
19Request Received from Device!
a4:d5:c2:09:5b:df
192.168.5.105
20Request Received from Device!
a4:d5:c2:09:5b:df
192.168.5.105
21Request Received from Device!
a4:d5:c2:09:5b:df
192.168.5.105
-----------------------------------
[Authenticated]: Ibrahim
Device Time (Original): 2026-06-07T09:15:28+02:00
Server Time (Received): 7‏/6‏/2026، 11:07:05 ص
-----------------------------------
[UPDATE LAST]: Ibrahim (ID: 5)
22Request Received from Device!
a4:d5:c2:09:5b:df
192.168.5.105
23Request Received from Device!
a4:d5:c2:09:5b:df
192.168.5.105
24Request Received from Device!
a4:d5:c2:09:5b:df
192.168.5.105
-----------------------------------
[Authenticated]: RADWAN
Device Time (Original): 2026-06-07T09:20:17+02:00
Server Time (Received): 7‏/6‏/2026، 11:07:06 ص
-----------------------------------
Data synced to Odoo: {
  status: 'success',
  data: [ { device_id: '20', status: 'check_in_created' } ]
}
[FIRST IN]: RADWAN (ID: 20)
25Request Received from Device!
a4:d5:c2:09:5b:df
192.168.5.105
26Request Received from Device!
a4:d5:c2:09:5b:df
192.168.5.105
27Request Received from Device!
a4:d5:c2:09:5b:df
192.168.5.105
-----------------------------------
[Authenticated]: Morad Alfurjani
Device Time (Original): 2026-06-07T09:28:29+02:00
Server Time (Received): 7‏/6‏/2026، 11:07:06 ص
-----------------------------------
Data synced to Odoo: {
  status: 'success',
  data: [ { device_id: '15', status: 'check_in_created' } ]
}
[FIRST IN]: Morad Alfurjani (ID: 15)
28Request Received from Device!
a4:d5:c2:09:5b:df
192.168.5.105
29Request Received from Device!
a4:d5:c2:09:5b:df
192.168.5.105
30Request Received from Device!
a4:d5:c2:09:5b:df
192.168.5.105
-----------------------------------
[Authenticated]: Hatem  Talha
Device Time (Original): 2026-06-07T09:28:45+02:00
Server Time (Received): 7‏/6‏/2026، 11:07:07 ص
-----------------------------------
Data synced to Odoo: {
  status: 'success',
  data: [ { device_id: '12', status: 'check_in_created' } ]
}
[FIRST IN]: Hatem  Talha (ID: 12)
31Request Received from Device!
a4:d5:c2:09:5b:df
192.168.5.105
32Request Received from Device!
a4:d5:c2:09:5b:df
192.168.5.105
33Request Received from Device!
a4:d5:c2:09:5b:df
192.168.5.105
-----------------------------------
[Authenticated]: Siraj Kashoukh
Device Time (Original): 2026-06-07T09:31:11+02:00
Server Time (Received): 7‏/6‏/2026، 11:07:08 ص
-----------------------------------
Data synced to Odoo: {
  status: 'success',
  data: [ { device_id: '10', status: 'check_in_created' } ]
}
[FIRST IN]: Siraj Kashoukh (ID: 10)
34Request Received from Device!
a4:d5:c2:09:5b:df
192.168.5.105
35Request Received from Device!
a4:d5:c2:09:5b:df
192.168.5.105
36Request Received from Device!
a4:d5:c2:09:5b:df
192.168.5.105
-----------------------------------
[Authenticated]: Zakaria Elmagdmi
Device Time (Original): 2026-06-07T09:40:36+02:00
Server Time (Received): 7‏/6‏/2026، 11:07:09 ص
-----------------------------------
Data synced to Odoo: {
  status: 'success',
  data: [ { device_id: '11', status: 'check_in_created' } ]
}
[FIRST IN]: Zakaria Elmagdmi (ID: 11)
37Request Received from Device!
a4:d5:c2:09:5b:df
192.168.5.105
38Request Received from Device!
a4:d5:c2:09:5b:df
192.168.5.105
39Request Received from Device!
a4:d5:c2:09:5b:df
192.168.5.105
40Request Received from Device!
a4:d5:c2:09:5b:df
192.168.5.105
41Request Received from Device!
a4:d5:c2:09:5c:46
192.168.5.103
-----------------------------------
[Authenticated]: SEFAW
Device Time (Original): 2026-06-07T11:31:01+02:00
Server Time (Received): 7‏/6‏/2026، 12:30:04 م
-----------------------------------
Data synced to Odoo: {
  status: 'success',
  data: [ { device_id: '8', status: 'check_in_created' } ]
}
[FIRST IN]: SEFAW (ID: 8)
42Request Received from Device!
a4:d5:c2:09:5c:46
192.168.5.103
43Request Received from Device!
a4:d5:c2:09:5c:46
192.168.5.103
44Request Received from Device!
a4:d5:c2:09:5b:df
192.168.5.105
-----------------------------------
[Authenticated]: Asma Rhoma
Device Time (Original): 2026-06-07T12:33:59+02:00
Server Time (Received): 7‏/6‏/2026، 1:33:37 م
-----------------------------------
[UPDATE LAST]: Asma Rhoma (ID: 18)
45Request Received from Device!
a4:d5:c2:09:5b:df
192.168.5.105
46Request Received from Device!
a4:d5:c2:09:5b:df
192.168.5.105
47Request Received from Device!
a4:d5:c2:09:5c:46
192.168.5.103
-----------------------------------
[Authenticated]: SEFAW
Device Time (Original): 2026-06-07T12:34:58+02:00
Server Time (Received): 7‏/6‏/2026، 1:34:00 م
-----------------------------------
[UPDATE LAST]: SEFAW (ID: 8)
48Request Received from Device!
a4:d5:c2:09:5c:46
192.168.5.103
49Request Received from Device!
a4:d5:c2:09:5c:46
192.168.5.103
50Request Received from Device!
a4:d5:c2:09:5b:df
192.168.5.105
-----------------------------------
[Authenticated]: Hatem  Talha
Device Time (Original): 2026-06-07T14:03:07+02:00
Server Time (Received): 7‏/6‏/2026، 3:02:46 م
-----------------------------------
[UPDATE LAST]: Hatem  Talha (ID: 12)
51Request Received from Device!
a4:d5:c2:09:5b:df
192.168.5.105
52Request Received from Device!
a4:d5:c2:09:5b:df
192.168.5.105
53Request Received from Device!
a4:d5:c2:09:5b:df
192.168.5.105
-----------------------------------
[Authenticated]: Ibrahim
Device Time (Original): 2026-06-07T15:03:51+02:00
Server Time (Received): 7‏/6‏/2026، 4:03:30 م
-----------------------------------
[UPDATE LAST]: Ibrahim (ID: 5)
54Request Received from Device!
a4:d5:c2:09:5b:df
192.168.5.105
55Request Received from Device!
a4:d5:c2:09:5b:df
192.168.5.105
56Request Received from Device!
a4:d5:c2:09:5b:df
192.168.5.105
-----------------------------------
[Authenticated]: Zahra Alhrari
Device Time (Original): 2026-06-07T15:04:26+02:00
Server Time (Received): 7‏/6‏/2026، 4:04:05 م
-----------------------------------
[UPDATE LAST]: Zahra Alhrari (ID: 17)
57Request Received from Device!
a4:d5:c2:09:5b:df
192.168.5.105
58Request Received from Device!
a4:d5:c2:09:5b:df
192.168.5.105
59Request Received from Device!
a4:d5:c2:09:5b:df
192.168.5.105
-----------------------------------
[Authenticated]: Siraj Kashoukh
Device Time (Original): 2026-06-07T15:21:02+02:00
Server Time (Received): 7‏/6‏/2026، 4:20:41 م
-----------------------------------
[UPDATE LAST]: Siraj Kashoukh (ID: 10)
60Request Received from Device!
a4:d5:c2:09:5b:df
192.168.5.105
61Request Received from Device!
a4:d5:c2:09:5b:df
192.168.5.105
62Request Received from Device!
a4:d5:c2:09:5b:df
192.168.5.105
-----------------------------------
[Authenticated]: Abdellmalek Ramadan
Device Time (Original): 2026-06-07T15:23:03+02:00
Server Time (Received): 7‏/6‏/2026، 4:22:43 م
-----------------------------------
[UPDATE LAST]: Abdellmalek Ramadan (ID: 14)
63Request Received from Device!
a4:d5:c2:09:5b:df
192.168.5.105
64Request Received from Device!
a4:d5:c2:09:5b:df
192.168.5.105
65Request Received from Device!
a4:d5:c2:09:5b:df
192.168.5.105
-----------------------------------
[Authenticated]: Zakaria Elmagdmi
Device Time (Original): 2026-06-07T15:23:21+02:00
Server Time (Received): 7‏/6‏/2026، 4:23:00 م
-----------------------------------
[UPDATE LAST]: Zakaria Elmagdmi (ID: 11)
66Request Received from Device!
a4:d5:c2:09:5b:df
192.168.5.105
67Request Received from Device!
a4:d5:c2:09:5b:df
192.168.5.105
68Request Received from Device!
a4:d5:c2:09:5b:df
192.168.5.105
-----------------------------------
[Authenticated]: Ibrahim
Device Time (Original): 2026-06-07T15:30:09+02:00
Server Time (Received): 7‏/6‏/2026، 4:29:48 م
-----------------------------------
[UPDATE LAST]: Ibrahim (ID: 5)
69Request Received from Device!
a4:d5:c2:09:5b:df
192.168.5.105
70Request Received from Device!
a4:d5:c2:09:5b:df
192.168.5.105
-----------------------------------
[Authenticated]: Ibrahim
Device Time (Original): 2026-06-07T15:30:12+02:00
Server Time (Received): 7‏/6‏/2026، 4:29:51 م
-----------------------------------
[UPDATE LAST]: Ibrahim (ID: 5)
71Request Received from Device!
a4:d5:c2:09:5b:df
192.168.5.105
72Request Received from Device!
a4:d5:c2:09:5c:46
192.168.5.103
-----------------------------------
[Authenticated]: Aseel Elayeb
Device Time (Original): 2026-06-07T15:36:34+02:00
Server Time (Received): 7‏/6‏/2026، 4:35:36 م
-----------------------------------
Data synced to Odoo: {
  status: 'success',
  data: [ { device_id: '4', status: 'check_in_created' } ]
}
[FIRST IN]: Aseel Elayeb (ID: 4)
73Request Received from Device!
a4:d5:c2:09:5c:46
192.168.5.103
74Request Received from Device!
a4:d5:c2:09:5c:46
192.168.5.103
75Request Received from Device!
a4:d5:c2:09:5b:df
192.168.5.105
-----------------------------------
[Authenticated]: Asma Rhoma
Device Time (Original): 2026-06-07T15:56:44+02:00
Server Time (Received): 7‏/6‏/2026، 4:56:22 م
-----------------------------------
[UPDATE LAST]: Asma Rhoma (ID: 18)
76Request Received from Device!
a4:d5:c2:09:5b:df
192.168.5.105
77Request Received from Device!
a4:d5:c2:09:5b:df
192.168.5.105
78Request Received from Device!
a4:d5:c2:09:5c:46
192.168.5.103
-----------------------------------
[Authenticated]: SEFAW
Device Time (Original): 2026-06-07T18:17:16+02:00
Server Time (Received): 7‏/6‏/2026، 7:16:18 م
-----------------------------------
[UPDATE LAST]: SEFAW (ID: 8)
79Request Received from Device!
a4:d5:c2:09:5c:46
192.168.5.103
80Request Received from Device!
a4:d5:c2:09:5c:46
192.168.5.103
81Request Received from Device!
a4:d5:c2:09:5c:46
192.168.5.103
-----------------------------------
[Authenticated]: NASIRULDIN AHMED
Device Time (Original): 2026-06-08T08:56:35+02:00
Server Time (Received): 8‏/6‏/2026، 9:55:35 ص
-----------------------------------
Data synced to Odoo: {
  status: 'success',
  data: [ { device_id: '2', status: 'check_in_created' } ]
}
[FIRST IN]: NASIRULDIN AHMED (ID: 2)
82Request Received from Device!
a4:d5:c2:09:5c:46
192.168.5.103
83Request Received from Device!
a4:d5:c2:09:5c:46
192.168.5.103
84Request Received from Device!
a4:d5:c2:09:5b:df
192.168.5.105
-----------------------------------
[Authenticated]: Ibrahim
Device Time (Original): 2026-06-08T09:09:34+02:00
Server Time (Received): 8‏/6‏/2026، 10:09:10 ص
-----------------------------------
Data synced to Odoo: {
  status: 'success',
  data: [ { device_id: '5', status: 'check_out_updated' } ]
}
[FIRST IN]: Ibrahim (ID: 5)
85Request Received from Device!
a4:d5:c2:09:5b:df
192.168.5.105
86Request Received from Device!
a4:d5:c2:09:5b:df
192.168.5.105
87Request Received from Device!
a4:d5:c2:09:5b:df
192.168.5.105
-----------------------------------
[Authenticated]: Ibrahim
Device Time (Original): 2026-06-08T09:09:50+02:00
Server Time (Received): 8‏/6‏/2026، 10:09:27 ص
-----------------------------------
[UPDATE LAST]: Ibrahim (ID: 5)
88Request Received from Device!
a4:d5:c2:09:5b:df
192.168.5.105
89Request Received from Device!
a4:d5:c2:09:5b:df
192.168.5.105
90Request Received from Device!
a4:d5:c2:09:5b:df
192.168.5.105
-----------------------------------
[Authenticated]: RADWAN
Device Time (Original): 2026-06-08T09:11:58+02:00
Server Time (Received): 8‏/6‏/2026، 10:11:34 ص
-----------------------------------
Data synced to Odoo: {
  status: 'success',
  data: [ { device_id: '20', status: 'check_out_updated' } ]
}
[FIRST IN]: RADWAN (ID: 20)
91Request Received from Device!
a4:d5:c2:09:5b:df
192.168.5.105
92Request Received from Device!
a4:d5:c2:09:5b:df
192.168.5.105
93Request Received from Device!
a4:d5:c2:09:5b:df
192.168.5.105
-----------------------------------
[Authenticated]: Abdellmalek Ramadan
Device Time (Original): 2026-06-08T09:13:04+02:00
Server Time (Received): 8‏/6‏/2026، 10:12:40 ص
-----------------------------------
Data synced to Odoo: {
  status: 'success',
  data: [ { device_id: '14', status: 'check_out_updated' } ]
}
[FIRST IN]: Abdellmalek Ramadan (ID: 14)
94Request Received from Device!
a4:d5:c2:09:5b:df
192.168.5.105
95Request Received from Device!
a4:d5:c2:09:5b:df
192.168.5.105
96Request Received from Device!
a4:d5:c2:09:5b:df
192.168.5.105
-----------------------------------
[Authenticated]: Zakaria Elmagdmi
Device Time (Original): 2026-06-08T09:15:28+02:00
Server Time (Received): 8‏/6‏/2026، 10:15:04 ص
-----------------------------------
Data synced to Odoo: {
  status: 'success',
  data: [ { device_id: '11', status: 'check_out_updated' } ]
}
[FIRST IN]: Zakaria Elmagdmi (ID: 11)
97Request Received from Device!
a4:d5:c2:09:5b:df
192.168.5.105
98Request Received from Device!
a4:d5:c2:09:5b:df
192.168.5.105
99Request Received from Device!
a4:d5:c2:09:5b:df
192.168.5.105
-----------------------------------
[Authenticated]: Siraj Kashoukh
Device Time (Original): 2026-06-08T09:30:14+02:00
Server Time (Received): 8‏/6‏/2026، 10:29:51 ص
-----------------------------------
Data synced to Odoo: {
  status: 'success',
  data: [ { device_id: '10', status: 'check_out_updated' } ]
}
[FIRST IN]: Siraj Kashoukh (ID: 10)
100Request Received from Device!
a4:d5:c2:09:5b:df
192.168.5.105
101Request Received from Device!
a4:d5:c2:09:5b:df
192.168.5.105
102Request Received from Device!
a4:d5:c2:09:5b:df
192.168.5.105
-----------------------------------
[Authenticated]: Hatem  Talha
Device Time (Original): 2026-06-08T09:34:26+02:00
Server Time (Received): 8‏/6‏/2026، 10:34:03 ص
-----------------------------------
Data synced to Odoo: {
  status: 'success',
  data: [ { device_id: '12', status: 'check_out_updated' } ]
}
[FIRST IN]: Hatem  Talha (ID: 12)
103Request Received from Device!
a4:d5:c2:09:5b:df
192.168.5.105
104Request Received from Device!
a4:d5:c2:09:5b:df
192.168.5.105
105Request Received from Device!
a4:d5:c2:09:5b:df
192.168.5.105
-----------------------------------
[Authenticated]: Morad Alfurjani
Device Time (Original): 2026-06-08T09:45:02+02:00
Server Time (Received): 8‏/6‏/2026، 10:44:39 ص
-----------------------------------
Data synced to Odoo: {
  status: 'success',
  data: [ { device_id: '15', status: 'check_out_updated' } ]
}
[FIRST IN]: Morad Alfurjani (ID: 15)
106Request Received from Device!
a4:d5:c2:09:5b:df
192.168.5.105
107Request Received from Device!
a4:d5:c2:09:5b:df
192.168.5.105
108Request Received from Device!
a4:d5:c2:09:5b:df
192.168.5.105
109Request Received from Device!
a4:d5:c2:09:5c:46
192.168.5.103
110Request Received from Device!
a4:d5:c2:09:5b:df
192.168.5.105
111Request Received from Device!
a4:d5:c2:09:5c:46
192.168.5.103
112Request Received from Device!
a4:d5:c2:09:5c:46
192.168.5.103
113Request Received from Device!
a4:d5:c2:09:5c:46
192.168.5.103
114Request Received from Device!
a4:d5:c2:09:5c:46
192.168.5.147
115Request Received from Device!
a4:d5:c2:09:5b:df
192.0.0.64
116Request Received from Device!
a4:d5:c2:09:5c:46
192.168.5.103
117Request Received from Device!
a4:d5:c2:09:5b:df
192.168.5.105
118Request Received from Device!
a4:d5:c2:09:5b:df
192.168.5.105
-----------------------------------
[Authenticated]: Asma Rhoma
Device Time (Original): 2026-06-08T11:10:52+02:00
Server Time (Received): 8‏/6‏/2026، 12:10:29 م
-----------------------------------
Data synced to Odoo: {
  status: 'success',
  data: [ { device_id: '18', status: 'check_out_updated' } ]
}
[FIRST IN]: Asma Rhoma (ID: 18)
119Request Received from Device!
a4:d5:c2:09:5b:df
192.168.5.105
120Request Received from Device!
a4:d5:c2:09:5b:df
192.168.5.105
-----------------------------------
[Authenticated]: Asma Rhoma
Device Time (Original): 2026-06-08T11:10:56+02:00
Server Time (Received): 8‏/6‏/2026، 12:10:32 م
-----------------------------------
[UPDATE LAST]: Asma Rhoma (ID: 18)
121Request Received from Device!
a4:d5:c2:09:5b:df
192.168.5.105
122Request Received from Device!
a4:d5:c2:09:5c:46
192.168.5.103
-----------------------------------
[Authenticated]: JUMA ELALLUS
Device Time (Original): 2026-06-08T14:36:15+02:00
Server Time (Received): 8‏/6‏/2026، 3:35:15 م
-----------------------------------
Data synced to Odoo: {
  status: 'success',
  data: [ { device_id: '1', status: 'employee_not_found' } ]
}
[FIRST IN]: JUMA ELALLUS (ID: 1)
123Request Received from Device!
a4:d5:c2:09:5c:46
192.168.5.103
124Request Received from Device!
a4:d5:c2:09:5c:46
192.168.5.103
125Request Received from Device!
a4:d5:c2:09:5b:df
192.168.5.105
-----------------------------------
[Authenticated]: Siraj Kashoukh
Device Time (Original): 2026-06-08T15:04:46+02:00
Server Time (Received): 8‏/6‏/2026، 4:04:22 م
-----------------------------------
[UPDATE LAST]: Siraj Kashoukh (ID: 10)
126Request Received from Device!
a4:d5:c2:09:5b:df
192.168.5.105
127Request Received from Device!
a4:d5:c2:09:5b:df
192.168.5.105
128Request Received from Device!
a4:d5:c2:09:5b:df
192.168.5.105
-----------------------------------
[Authenticated]: Hatem  Talha
Device Time (Original): 2026-06-08T15:25:53+02:00
Server Time (Received): 8‏/6‏/2026، 4:25:29 م
-----------------------------------
[UPDATE LAST]: Hatem  Talha (ID: 12)
129Request Received from Device!
a4:d5:c2:09:5b:df
192.168.5.105
130Request Received from Device!
a4:d5:c2:09:5b:df
192.168.5.105
-----------------------------------
[Authenticated]: Hatem  Talha
Device Time (Original): 2026-06-08T15:25:57+02:00
Server Time (Received): 8‏/6‏/2026، 4:25:32 م
-----------------------------------
[UPDATE LAST]: Hatem  Talha (ID: 12)
131Request Received from Device!
a4:d5:c2:09:5b:df
192.168.5.105
132Request Received from Device!
a4:d5:c2:09:5b:df
192.168.5.105
-----------------------------------
[Authenticated]: Abdellmalek Ramadan
Device Time (Original): 2026-06-08T15:27:38+02:00
Server Time (Received): 8‏/6‏/2026، 4:27:14 م
-----------------------------------
[UPDATE LAST]: Abdellmalek Ramadan (ID: 14)
133Request Received from Device!
a4:d5:c2:09:5b:df
192.168.5.105
134Request Received from Device!
a4:d5:c2:09:5b:df
192.168.5.105
-----------------------------------
[Authenticated]: Abdellmalek Ramadan
Device Time (Original): 2026-06-08T15:27:41+02:00
Server Time (Received): 8‏/6‏/2026، 4:27:17 م
-----------------------------------
[UPDATE LAST]: Abdellmalek Ramadan (ID: 14)
135Request Received from Device!
a4:d5:c2:09:5b:df
192.168.5.105
136Request Received from Device!
a4:d5:c2:09:5b:df
192.168.5.105
-----------------------------------
[Authenticated]: Ibrahim
Device Time (Original): 2026-06-08T15:30:04+02:00
Server Time (Received): 8‏/6‏/2026، 4:29:40 م
-----------------------------------
[UPDATE LAST]: Ibrahim (ID: 5)
137Request Received from Device!
a4:d5:c2:09:5b:df
192.168.5.105
138Request Received from Device!
a4:d5:c2:09:5b:df
192.168.5.105
-----------------------------------
[Authenticated]: Ibrahim
Device Time (Original): 2026-06-08T15:30:07+02:00
Server Time (Received): 8‏/6‏/2026، 4:29:43 م
-----------------------------------
[UPDATE LAST]: Ibrahim (ID: 5)
139Request Received from Device!
a4:d5:c2:09:5b:df
192.168.5.105
140Request Received from Device!
a4:d5:c2:09:5b:df
192.168.5.105
-----------------------------------
[Authenticated]: Asma Rhoma
Device Time (Original): 2026-06-08T15:31:43+02:00
Server Time (Received): 8‏/6‏/2026، 4:31:19 م
-----------------------------------
[UPDATE LAST]: Asma Rhoma (ID: 18)
141Request Received from Device!
a4:d5:c2:09:5b:df
192.168.5.105
142Request Received from Device!
a4:d5:c2:09:5b:df
192.168.5.105
143Request Received from Device!
a4:d5:c2:09:5c:46
192.168.5.103
-----------------------------------
[Authenticated]: SEFAW
Device Time (Original): 2026-06-08T16:55:40+02:00
Server Time (Received): 8‏/6‏/2026، 5:54:39 م
-----------------------------------
Data synced to Odoo: {
  status: 'success',
  data: [ { device_id: '8', status: 'check_out_updated' } ]
}
[FIRST IN]: SEFAW (ID: 8)
144Request Received from Device!
a4:d5:c2:09:5c:46
192.168.5.103
145Request Received from Device!
a4:d5:c2:09:5c:46
192.168.5.103
Compact done
Check Out Data synced to Odoo: {
  status: 'error',
  message: 'Cannot create new attendance record for زكريا علي المقدمي, the employee was already checked in on 06/07/2026 07:40:36 AM'
}
Cache cleared successfully
Compact done
Check Out Data synced to Odoo: { status: 'success', data: [] }
Cache cleared successfully
Compact done
Check Out Data synced to Odoo: { status: 'success', data: [] }
Cache cleared successfully
Compact done
Check Out Data synced to Odoo: { status: 'success', data: [] }
Cache cleared successfully
Compact done
Check Out Data synced to Odoo: { status: 'success', data: [] }
Cache cleared successfully
Compact done
Check Out Data synced to Odoo: { status: 'success', data: [] }
Cache cleared successfully
146Request Received from Device!
a4:d5:c2:09:5c:46
192.168.5.103
-----------------------------------
[Authenticated]: NASIRULDIN AHMED
Device Time (Original): 2026-06-09T08:53:16+02:00
Server Time (Received): 9‏/6‏/2026، 9:52:12 ص
-----------------------------------
Data synced to Odoo: {
  status: 'success',
  data: [ { device_id: '2', status: 'check_in_created' } ]
}
[FIRST IN]: NASIRULDIN AHMED (ID: 2)
147Request Received from Device!
a4:d5:c2:09:5c:46
192.168.5.103
148Request Received from Device!
a4:d5:c2:09:5c:46
192.168.5.103
149Request Received from Device!
a4:d5:c2:09:5b:df
192.168.5.105
-----------------------------------
[Authenticated]: Zahra Alhrari
Device Time (Original): 2026-06-09T08:59:54+02:00
Server Time (Received): 9‏/6‏/2026، 9:59:28 ص
-----------------------------------
Data synced to Odoo: {
  status: 'success',
  data: [ { device_id: '17', status: 'check_in_created' } ]
}
[FIRST IN]: Zahra Alhrari (ID: 17)
150Request Received from Device!
a4:d5:c2:09:5b:df
192.168.5.105
151Request Received from Device!
a4:d5:c2:09:5b:df
192.168.5.105
152Request Received from Device!
a4:d5:c2:09:5b:df
192.168.5.105
-----------------------------------
[Authenticated]: Hatem  Talha
Device Time (Original): 2026-06-09T09:02:30+02:00
Server Time (Received): 9‏/6‏/2026، 10:02:04 ص
-----------------------------------
Data synced to Odoo: {
  status: 'success',
  data: [ { device_id: '12', status: 'check_in_created' } ]
}
[FIRST IN]: Hatem  Talha (ID: 12)
153Request Received from Device!
a4:d5:c2:09:5b:df
192.168.5.105
154Request Received from Device!
a4:d5:c2:09:5b:df
192.168.5.105
155Request Received from Device!
a4:d5:c2:09:5b:df
192.168.5.105
-----------------------------------
[Authenticated]: Asma Rhoma
Device Time (Original): 2026-06-09T09:03:50+02:00
Server Time (Received): 9‏/6‏/2026، 10:03:24 ص
-----------------------------------
Data synced to Odoo: {
  status: 'success',
  data: [ { device_id: '18', status: 'check_in_created' } ]
}
[FIRST IN]: Asma Rhoma (ID: 18)
156Request Received from Device!
a4:d5:c2:09:5b:df
192.168.5.105
157Request Received from Device!
a4:d5:c2:09:5b:df
192.168.5.105
158Request Received from Device!
a4:d5:c2:09:5b:df
192.168.5.105
-----------------------------------
[Authenticated]: Zahra Alhrari
Device Time (Original): 2026-06-09T09:07:48+02:00
Server Time (Received): 9‏/6‏/2026، 10:07:23 ص
-----------------------------------
[UPDATE LAST]: Zahra Alhrari (ID: 17)
159Request Received from Device!
a4:d5:c2:09:5b:df
192.168.5.105
160Request Received from Device!
a4:d5:c2:09:5b:df
192.168.5.105
161Request Received from Device!
a4:d5:c2:09:5b:df
192.168.5.105
-----------------------------------
[Authenticated]: RADWAN
Device Time (Original): 2026-06-09T09:15:39+02:00
Server Time (Received): 9‏/6‏/2026، 10:15:14 ص
-----------------------------------
Data synced to Odoo: {
  status: 'success',
  data: [ { device_id: '20', status: 'check_in_created' } ]
}
[FIRST IN]: RADWAN (ID: 20)
162Request Received from Device!
a4:d5:c2:09:5b:df
192.168.5.105
163Request Received from Device!
a4:d5:c2:09:5b:df
192.168.5.105
164Request Received from Device!
a4:d5:c2:09:5b:df
192.168.5.105
-----------------------------------
[Authenticated]: Zakaria Elmagdmi
Device Time (Original): 2026-06-09T09:19:41+02:00
Server Time (Received): 9‏/6‏/2026، 10:19:15 ص
-----------------------------------
Data synced to Odoo: {
  status: 'success',
  data: [ { device_id: '11', status: 'check_in_created' } ]
}
[FIRST IN]: Zakaria Elmagdmi (ID: 11)
165Request Received from Device!
a4:d5:c2:09:5b:df
192.168.5.105
166Request Received from Device!
a4:d5:c2:09:5b:df
192.168.5.105
167Request Received from Device!
a4:d5:c2:09:5b:df
192.168.5.105
-----------------------------------
[Authenticated]: Ibrahim
Device Time (Original): 2026-06-09T09:24:28+02:00
Server Time (Received): 9‏/6‏/2026، 10:24:02 ص
-----------------------------------
Data synced to Odoo: {
  status: 'success',
  data: [ { device_id: '5', status: 'check_in_created' } ]
}
[FIRST IN]: Ibrahim (ID: 5)
168Request Received from Device!
a4:d5:c2:09:5b:df
192.168.5.105
169Request Received from Device!
a4:d5:c2:09:5b:df
192.168.5.105
170Request Received from Device!
a4:d5:c2:09:5b:df
192.168.5.105
-----------------------------------
[Authenticated]: Siraj Kashoukh
Device Time (Original): 2026-06-09T09:27:16+02:00
Server Time (Received): 9‏/6‏/2026، 10:26:51 ص
-----------------------------------
Data synced to Odoo: {
  status: 'success',
  data: [ { device_id: '10', status: 'check_in_created' } ]
}
[FIRST IN]: Siraj Kashoukh (ID: 10)
171Request Received from Device!
a4:d5:c2:09:5b:df
192.168.5.105
172Request Received from Device!
a4:d5:c2:09:5b:df
192.168.5.105
173Request Received from Device!
a4:d5:c2:09:5b:df
192.168.5.105
-----------------------------------
[Authenticated]: Morad Alfurjani
Device Time (Original): 2026-06-09T09:41:35+02:00
Server Time (Received): 9‏/6‏/2026، 10:41:09 ص
-----------------------------------
Data synced to Odoo: {
  status: 'success',
  data: [ { device_id: '15', status: 'check_in_created' } ]
}
[FIRST IN]: Morad Alfurjani (ID: 15)
174Request Received from Device!
a4:d5:c2:09:5b:df
192.168.5.105
175Request Received from Device!
a4:d5:c2:09:5b:df
192.168.5.105
176Request Received from Device!
a4:d5:c2:09:5c:46
192.168.5.103
-----------------------------------
[Authenticated]: SEFAW
Device Time (Original): 2026-06-09T09:52:28+02:00
Server Time (Received): 9‏/6‏/2026، 10:51:25 ص
-----------------------------------
Data synced to Odoo: {
  status: 'success',
  data: [ { device_id: '8', status: 'check_in_created' } ]
}
[FIRST IN]: SEFAW (ID: 8)
177Request Received from Device!
a4:d5:c2:09:5c:46
192.168.5.103
178Request Received from Device!
a4:d5:c2:09:5c:46
192.168.5.103
179Request Received from Device!
a4:d5:c2:09:5b:df
192.168.5.105
-----------------------------------
[Authenticated]: Zakaria Elmagdmi
Device Time (Original): 2026-06-09T12:42:00+02:00
Server Time (Received): 9‏/6‏/2026، 1:41:35 م
-----------------------------------
[UPDATE LAST]: Zakaria Elmagdmi (ID: 11)
180Request Received from Device!
a4:d5:c2:09:5b:df
192.168.5.105
181Request Received from Device!
a4:d5:c2:09:5b:df
192.168.5.105
182Request Received from Device!
a4:d5:c2:09:5b:df
192.168.5.105
-----------------------------------
[Authenticated]: RADWAN
Device Time (Original): 2026-06-09T13:52:26+02:00
Server Time (Received): 9‏/6‏/2026، 2:52:00 م
-----------------------------------
[UPDATE LAST]: RADWAN (ID: 20)
183Request Received from Device!
a4:d5:c2:09:5b:df
192.168.5.105
184Request Received from Device!
a4:d5:c2:09:5b:df
192.168.5.105
185Request Received from Device!
a4:d5:c2:09:5c:46
192.168.5.103
-----------------------------------
[Authenticated]: SEFAW
Device Time (Original): 2026-06-09T13:53:28+02:00
Server Time (Received): 9‏/6‏/2026، 2:52:24 م
-----------------------------------
[UPDATE LAST]: SEFAW (ID: 8)
186Request Received from Device!
a4:d5:c2:09:5c:46
192.168.5.103
187Request Received from Device!
a4:d5:c2:09:5c:46
192.168.5.103
188Request Received from Device!
a4:d5:c2:09:5b:df
192.168.5.105
-----------------------------------
[Authenticated]: Alhadi Abdo
Device Time (Original): 2026-06-09T14:01:11+02:00
Server Time (Received): 9‏/6‏/2026، 3:00:45 م
-----------------------------------
Data synced to Odoo: {
  status: 'success',
  data: [ { device_id: '19', status: 'check_in_created' } ]
}
[FIRST IN]: Alhadi Abdo (ID: 19)
189Request Received from Device!
a4:d5:c2:09:5b:df
192.168.5.105
190Request Received from Device!
a4:d5:c2:09:5b:df
192.168.5.105
191Request Received from Device!
a4:d5:c2:09:5b:df
192.168.5.105
-----------------------------------
[Authenticated]: Zahra Alhrari
Device Time (Original): 2026-06-09T15:06:45+02:00
Server Time (Received): 9‏/6‏/2026، 4:06:18 م
-----------------------------------
[UPDATE LAST]: Zahra Alhrari (ID: 17)
192Request Received from Device!
a4:d5:c2:09:5b:df
192.168.5.105
193Request Received from Device!
a4:d5:c2:09:5b:df
192.168.5.105
194Request Received from Device!
a4:d5:c2:09:5b:df
192.168.5.105
-----------------------------------
[Authenticated]: Siraj Kashoukh
Device Time (Original): 2026-06-09T15:15:45+02:00
Server Time (Received): 9‏/6‏/2026، 4:15:18 م
-----------------------------------
[UPDATE LAST]: Siraj Kashoukh (ID: 10)
195Request Received from Device!
a4:d5:c2:09:5b:df
192.168.5.105
196Request Received from Device!
a4:d5:c2:09:5b:df
192.168.5.105
197Request Received from Device!
a4:d5:c2:09:5b:df
192.168.5.105
-----------------------------------
[Authenticated]: Hatem  Talha
Device Time (Original): 2026-06-09T15:25:00+02:00
Server Time (Received): 9‏/6‏/2026، 4:24:34 م
-----------------------------------
[UPDATE LAST]: Hatem  Talha (ID: 12)
198Request Received from Device!
a4:d5:c2:09:5b:df
192.168.5.105
199Request Received from Device!
a4:d5:c2:09:5b:df
192.168.5.105
200Request Received from Device!
a4:d5:c2:09:5b:df
192.168.5.105
-----------------------------------
[Authenticated]: Ibrahim
Device Time (Original): 2026-06-09T15:34:10+02:00
Server Time (Received): 9‏/6‏/2026، 4:33:44 م
-----------------------------------
[UPDATE LAST]: Ibrahim (ID: 5)
201Request Received from Device!
a4:d5:c2:09:5b:df
192.168.5.105
202Request Received from Device!
a4:d5:c2:09:5b:df
192.168.5.105
203Request Received from Device!
a4:d5:c2:09:5b:df
192.168.5.105
-----------------------------------
[Authenticated]: Asma Rhoma
Device Time (Original): 2026-06-09T15:40:14+02:00
Server Time (Received): 9‏/6‏/2026، 4:39:48 م
-----------------------------------
[UPDATE LAST]: Asma Rhoma (ID: 18)
204Request Received from Device!
a4:d5:c2:09:5b:df
192.168.5.105
205Request Received from Device!
a4:d5:c2:09:5b:df
192.168.5.105
206Request Received from Device!
a4:d5:c2:09:5c:46
192.168.5.103
-----------------------------------
[Authenticated]: SEFAW
Device Time (Original): 2026-06-09T16:09:15+02:00
Server Time (Received): 9‏/6‏/2026، 5:08:12 م
-----------------------------------
[UPDATE LAST]: SEFAW (ID: 8)
207Request Received from Device!
a4:d5:c2:09:5c:46
192.168.5.103
208Request Received from Device!
a4:d5:c2:09:5c:46
192.168.5.103
Compact done
Check Out Data synced to Odoo: {
  status: 'success',
  data: [
    { device_id: '2', status: 'no_valid_checkout' },
    { device_id: '5', status: 'check_out_updated' },
    { device_id: '8', status: 'check_out_updated' },
    { device_id: '10', status: 'check_out_updated' },
    { device_id: '11', status: 'check_out_updated' },
    { device_id: '12', status: 'check_out_updated' },
    { device_id: '15', status: 'no_valid_checkout' },
    { device_id: '17', status: 'check_out_updated' },
    { device_id: '18', status: 'check_out_updated' },
    { device_id: '19', status: 'no_valid_checkout' },
    { device_id: '20', status: 'check_out_updated' }
  ]
}
Cache cleared successfully
Compact done
Check Out Data synced to Odoo: { status: 'success', data: [] }
Cache cleared successfully
209Request Received from Device!
a4:d5:c2:09:5c:46
192.168.5.103
-----------------------------------
[Authenticated]: NASIRULDIN AHMED
Device Time (Original): 2026-06-10T08:58:12+02:00
Server Time (Received): 10‏/6‏/2026، 9:57:06 ص
-----------------------------------
Data synced to Odoo: {
  status: 'success',
  data: [ { device_id: '2', status: 'check_in_created' } ]
}
[FIRST IN]: NASIRULDIN AHMED (ID: 2)
210Request Received from Device!
a4:d5:c2:09:5c:46
192.168.5.103
211Request Received from Device!
a4:d5:c2:09:5c:46
192.168.5.103
212Request Received from Device!
a4:d5:c2:09:5b:df
192.168.5.105
-----------------------------------
[Authenticated]: RADWAN
Device Time (Original): 2026-06-10T09:05:59+02:00
Server Time (Received): 10‏/6‏/2026، 10:05:31 ص
-----------------------------------
Data synced to Odoo: {
  status: 'success',
  data: [ { device_id: '20', status: 'check_in_created' } ]
}
[FIRST IN]: RADWAN (ID: 20)
213Request Received from Device!
a4:d5:c2:09:5b:df
192.168.5.105
214Request Received from Device!
a4:d5:c2:09:5b:df
192.168.5.105
215Request Received from Device!
a4:d5:c2:09:5b:df
192.168.5.105
-----------------------------------
[Authenticated]: Hatem  Talha
Device Time (Original): 2026-06-10T09:11:51+02:00
Server Time (Received): 10‏/6‏/2026، 10:11:24 ص
-----------------------------------
Data synced to Odoo: {
  status: 'success',
  data: [ { device_id: '12', status: 'check_in_created' } ]
}
[FIRST IN]: Hatem  Talha (ID: 12)
216Request Received from Device!
a4:d5:c2:09:5b:df
192.168.5.105
217Request Received from Device!
a4:d5:c2:09:5b:df
192.168.5.105
218Request Received from Device!
a4:d5:c2:09:5b:df
192.168.5.105
-----------------------------------
[Authenticated]: Zahra Alhrari
Device Time (Original): 2026-06-10T09:12:11+02:00
Server Time (Received): 10‏/6‏/2026، 10:11:44 ص
-----------------------------------
Data synced to Odoo: {
  status: 'success',
  data: [ { device_id: '17', status: 'check_in_created' } ]
}
[FIRST IN]: Zahra Alhrari (ID: 17)
219Request Received from Device!
a4:d5:c2:09:5b:df
192.168.5.105
220Request Received from Device!
a4:d5:c2:09:5b:df
192.168.5.105
221Request Received from Device!
a4:d5:c2:09:5b:df
192.168.5.105
-----------------------------------
[Authenticated]: Zakaria Elmagdmi
Device Time (Original): 2026-06-10T09:13:10+02:00
Server Time (Received): 10‏/6‏/2026، 10:12:42 ص
-----------------------------------
Data synced to Odoo: {
  status: 'success',
  data: [ { device_id: '11', status: 'check_in_created' } ]
}
[FIRST IN]: Zakaria Elmagdmi (ID: 11)
222Request Received from Device!
a4:d5:c2:09:5b:df
192.168.5.105
223Request Received from Device!
a4:d5:c2:09:5b:df
192.168.5.105
224Request Received from Device!
a4:d5:c2:09:5b:df
192.168.5.105
-----------------------------------
[Authenticated]: Asma Rhoma
Device Time (Original): 2026-06-10T09:15:54+02:00
Server Time (Received): 10‏/6‏/2026، 10:15:27 ص
-----------------------------------
Data synced to Odoo: {
  status: 'success',
  data: [ { device_id: '18', status: 'check_in_created' } ]
}
[FIRST IN]: Asma Rhoma (ID: 18)
225Request Received from Device!
a4:d5:c2:09:5b:df
192.168.5.105
226Request Received from Device!
a4:d5:c2:09:5b:df
192.168.5.105
227Request Received from Device!
a4:d5:c2:09:5b:df
192.168.5.105
-----------------------------------
[Authenticated]: Ibrahim
Device Time (Original): 2026-06-10T09:21:49+02:00
Server Time (Received): 10‏/6‏/2026، 10:21:21 ص
-----------------------------------
Data synced to Odoo: {
  status: 'success',
  data: [ { device_id: '5', status: 'check_in_created' } ]
}
[FIRST IN]: Ibrahim (ID: 5)
228Request Received from Device!
a4:d5:c2:09:5b:df
192.168.5.105
229Request Received from Device!
a4:d5:c2:09:5b:df
192.168.5.105
230Request Received from Device!
a4:d5:c2:09:5b:df
192.168.5.105
-----------------------------------
[Authenticated]: Abdellmalek Ramadan
Device Time (Original): 2026-06-10T09:34:04+02:00
Server Time (Received): 10‏/6‏/2026، 10:33:35 ص
-----------------------------------
Data synced to Odoo: {
  status: 'success',
  data: [ { device_id: '14', status: 'check_in_created' } ]
}
[FIRST IN]: Abdellmalek Ramadan (ID: 14)
231Request Received from Device!
a4:d5:c2:09:5b:df
192.168.5.105
232Request Received from Device!
a4:d5:c2:09:5b:df
192.168.5.105
233Request Received from Device!
a4:d5:c2:09:5b:df
192.168.5.105
-----------------------------------
[Authenticated]: Morad Alfurjani
Device Time (Original): 2026-06-10T09:46:36+02:00
Server Time (Received): 10‏/6‏/2026، 10:46:07 ص
-----------------------------------
Data synced to Odoo: {
  status: 'success',
  data: [ { device_id: '15', status: 'check_in_created' } ]
}
[FIRST IN]: Morad Alfurjani (ID: 15)
234Request Received from Device!
a4:d5:c2:09:5b:df
192.168.5.105
235Request Received from Device!
a4:d5:c2:09:5b:df
192.168.5.105
236Request Received from Device!
a4:d5:c2:09:5b:df
192.168.5.105
-----------------------------------
[Authenticated]: Siraj Kashoukh
Device Time (Original): 2026-06-10T10:27:02+02:00
Server Time (Received): 10‏/6‏/2026، 11:26:34 ص
-----------------------------------
Data synced to Odoo: {
  status: 'success',
  data: [ { device_id: '10', status: 'check_in_created' } ]
}
[FIRST IN]: Siraj Kashoukh (ID: 10)
237Request Received from Device!
a4:d5:c2:09:5b:df
192.168.5.105
238Request Received from Device!
a4:d5:c2:09:5b:df
192.168.5.105
239Request Received from Device!
a4:d5:c2:09:5c:46
192.168.5.103
-----------------------------------
[Authenticated]: SEFAW
Device Time (Original): 2026-06-10T11:50:16+02:00
Server Time (Received): 10‏/6‏/2026، 12:49:10 م
-----------------------------------
Data synced to Odoo: {
  status: 'success',
  data: [ { device_id: '8', status: 'check_in_created' } ]
}
[FIRST IN]: SEFAW (ID: 8)
240Request Received from Device!
a4:d5:c2:09:5c:46
192.168.5.103
241Request Received from Device!
a4:d5:c2:09:5c:46
192.168.5.103
242Request Received from Device!
a4:d5:c2:09:5c:46
192.168.5.103
-----------------------------------
[Authenticated]: SEFAW
Device Time (Original): 2026-06-10T11:50:22+02:00
Server Time (Received): 10‏/6‏/2026، 12:49:16 م
-----------------------------------
[UPDATE LAST]: SEFAW (ID: 8)
243Request Received from Device!
a4:d5:c2:09:5c:46
192.168.5.103
244Request Received from Device!
a4:d5:c2:09:5c:46
192.168.5.103
245Request Received from Device!
a4:d5:c2:09:5b:df
192.168.5.105
-----------------------------------
[Authenticated]: RADWAN
Device Time (Original): 2026-06-10T13:52:57+02:00
Server Time (Received): 10‏/6‏/2026، 2:52:29 م
-----------------------------------
[UPDATE LAST]: RADWAN (ID: 20)
246Request Received from Device!
a4:d5:c2:09:5b:df
192.168.5.105
247Request Received from Device!
a4:d5:c2:09:5b:df
192.168.5.105
248Request Received from Device!
a4:d5:c2:09:5b:df
192.168.5.105
-----------------------------------
[Authenticated]: Zahra Alhrari
Device Time (Original): 2026-06-10T15:05:17+02:00
Server Time (Received): 10‏/6‏/2026، 4:04:49 م
-----------------------------------
[UPDATE LAST]: Zahra Alhrari (ID: 17)
249Request Received from Device!
a4:d5:c2:09:5b:df
192.168.5.105
250Request Received from Device!
a4:d5:c2:09:5b:df
192.168.5.105
251Request Received from Device!
a4:d5:c2:09:5b:df
192.168.5.105
-----------------------------------
[Authenticated]: Abdellmalek Ramadan
Device Time (Original): 2026-06-10T15:23:26+02:00
Server Time (Received): 10‏/6‏/2026، 4:22:57 م
-----------------------------------
[UPDATE LAST]: Abdellmalek Ramadan (ID: 14)
252Request Received from Device!
a4:d5:c2:09:5b:df
192.168.5.105
253Request Received from Device!
a4:d5:c2:09:5b:df
192.168.5.105
254Request Received from Device!
a4:d5:c2:09:5b:df
192.168.5.105
-----------------------------------
[Authenticated]: Siraj Kashoukh
Device Time (Original): 2026-06-10T15:25:24+02:00
Server Time (Received): 10‏/6‏/2026، 4:24:56 م
-----------------------------------
[UPDATE LAST]: Siraj Kashoukh (ID: 10)
255Request Received from Device!
a4:d5:c2:09:5b:df
192.168.5.105
256Request Received from Device!
a4:d5:c2:09:5b:df
192.168.5.105
-----------------------------------
[Authenticated]: Zakaria Elmagdmi
Device Time (Original): 2026-06-10T15:25:27+02:00
Server Time (Received): 10‏/6‏/2026، 4:24:59 م
-----------------------------------
[UPDATE LAST]: Zakaria Elmagdmi (ID: 11)
257Request Received from Device!
a4:d5:c2:09:5b:df
192.168.5.105
258Request Received from Device!
a4:d5:c2:09:5b:df
192.168.5.105
-----------------------------------
[Authenticated]: Hatem  Talha
Device Time (Original): 2026-06-10T15:25:45+02:00
Server Time (Received): 10‏/6‏/2026، 4:25:17 م
-----------------------------------
[UPDATE LAST]: Hatem  Talha (ID: 12)
259Request Received from Device!
a4:d5:c2:09:5b:df
192.168.5.105
260Request Received from Device!
a4:d5:c2:09:5b:df
192.168.5.105
261Request Received from Device!
a4:d5:c2:09:5b:df
192.168.5.105
-----------------------------------
[Authenticated]: Ibrahim
Device Time (Original): 2026-06-10T15:35:33+02:00
Server Time (Received): 10‏/6‏/2026، 4:35:03 م
-----------------------------------
[UPDATE LAST]: Ibrahim (ID: 5)
262Request Received from Device!
a4:d5:c2:09:5b:df
192.168.5.105
263Request Received from Device!
a4:d5:c2:09:5b:df
192.168.5.105
264Request Received from Device!
a4:d5:c2:09:5c:46
192.168.5.103
-----------------------------------
[Authenticated]: NASIRULDIN AHMED
Device Time (Original): 2026-06-10T15:44:41+02:00
Server Time (Received): 10‏/6‏/2026، 4:43:34 م
-----------------------------------
[UPDATE LAST]: NASIRULDIN AHMED (ID: 2)
265Request Received from Device!
a4:d5:c2:09:5c:46
192.168.5.103
266Request Received from Device!
a4:d5:c2:09:5c:46
192.168.5.103
267Request Received from Device!
a4:d5:c2:09:5c:46
192.168.5.103
-----------------------------------
[Authenticated]: SEFAW
Device Time (Original): 2026-06-10T15:44:53+02:00
Server Time (Received): 10‏/6‏/2026، 4:43:46 م
-----------------------------------
[UPDATE LAST]: SEFAW (ID: 8)
268Request Received from Device!
a4:d5:c2:09:5c:46
192.168.5.103
269Request Received from Device!
a4:d5:c2:09:5c:46
192.168.5.103
Compact done
Check Out Data synced to Odoo: {
  status: 'success',
  data: [
    { device_id: '2', status: 'check_out_updated' },
    { device_id: '5', status: 'check_out_updated' },
    { device_id: '8', status: 'check_out_updated' },
    { device_id: '10', status: 'check_out_updated' },
    { device_id: '11', status: 'check_out_updated' },
    { device_id: '12', status: 'check_out_updated' },
    { device_id: '14', status: 'check_out_updated' },
    { device_id: '15', status: 'no_valid_checkout' },
    { device_id: '17', status: 'check_out_updated' },
    { device_id: '18', status: 'no_valid_checkout' },
    { device_id: '20', status: 'check_out_updated' }
  ]
}
Cache cleared successfully
270Request Received from Device!
a4:d5:c2:09:5b:df
192.168.5.105
-----------------------------------
[Authenticated]: Zahra Alhrari
Device Time (Original): 2026-06-11T08:08:19+02:00
Server Time (Received): 11‏/6‏/2026، 9:07:49 ص
-----------------------------------
Data synced to Odoo: {
  status: 'success',
  data: [ { device_id: '17', status: 'check_in_created' } ]
}
[FIRST IN]: Zahra Alhrari (ID: 17)
271Request Received from Device!
a4:d5:c2:09:5b:df
192.168.5.105
272Request Received from Device!
a4:d5:c2:09:5b:df
192.168.5.105
273Request Received from Device!
a4:d5:c2:09:5c:46
192.168.5.103
274Request Received from Device!
a4:d5:c2:09:5c:46
192.168.5.103
-----------------------------------
[Authenticated]: NASIRULDIN AHMED
Device Time (Original): 2026-06-11T08:59:44+02:00
Server Time (Received): 11‏/6‏/2026، 9:58:35 ص
-----------------------------------
Data synced to Odoo: {
  status: 'success',
  data: [ { device_id: '2', status: 'check_in_created' } ]
}
[FIRST IN]: NASIRULDIN AHMED (ID: 2)
275Request Received from Device!
a4:d5:c2:09:5c:46
192.168.5.103
276Request Received from Device!
a4:d5:c2:09:5c:46
192.168.5.103
277Request Received from Device!
a4:d5:c2:09:5b:df
192.168.5.105
-----------------------------------
[Authenticated]: Hatem  Talha
Device Time (Original): 2026-06-11T09:13:08+02:00
Server Time (Received): 11‏/6‏/2026، 10:12:37 ص
-----------------------------------
Data synced to Odoo: {
  status: 'success',
  data: [ { device_id: '12', status: 'check_in_created' } ]
}
[FIRST IN]: Hatem  Talha (ID: 12)
278Request Received from Device!
a4:d5:c2:09:5b:df
192.168.5.105
279Request Received from Device!
a4:d5:c2:09:5b:df
192.168.5.105
280Request Received from Device!
a4:d5:c2:09:5b:df
192.168.5.105
-----------------------------------
[Authenticated]: Zakaria Elmagdmi
Device Time (Original): 2026-06-11T09:16:18+02:00
Server Time (Received): 11‏/6‏/2026، 10:15:47 ص
-----------------------------------
Data synced to Odoo: {
  status: 'success',
  data: [ { device_id: '11', status: 'check_in_created' } ]
}
[FIRST IN]: Zakaria Elmagdmi (ID: 11)
281Request Received from Device!
a4:d5:c2:09:5b:df
192.168.5.105
282Request Received from Device!
a4:d5:c2:09:5b:df
192.168.5.105
-----------------------------------
[Authenticated]: Siraj Kashoukh
Device Time (Original): 2026-06-11T09:16:23+02:00
Server Time (Received): 11‏/6‏/2026، 10:15:52 ص
-----------------------------------
Data synced to Odoo: {
  status: 'success',
  data: [ { device_id: '10', status: 'check_in_created' } ]
}
[FIRST IN]: Siraj Kashoukh (ID: 10)
283Request Received from Device!
a4:d5:c2:09:5b:df
192.168.5.105
284Request Received from Device!
a4:d5:c2:09:5c:46
192.168.5.103
-----------------------------------
[Authenticated]: SEFAW
Device Time (Original): 2026-06-11T09:19:40+02:00
Server Time (Received): 11‏/6‏/2026، 10:18:31 ص
-----------------------------------
Data synced to Odoo: {
  status: 'success',
  data: [ { device_id: '8', status: 'check_in_created' } ]
}
[FIRST IN]: SEFAW (ID: 8)
285Request Received from Device!
a4:d5:c2:09:5c:46
192.168.5.103
286Request Received from Device!
a4:d5:c2:09:5c:46
192.168.5.103
287Request Received from Device!
a4:d5:c2:09:5b:df
192.168.5.105
-----------------------------------
[Authenticated]: Morad Alfurjani
Device Time (Original): 2026-06-11T09:34:39+02:00
Server Time (Received): 11‏/6‏/2026، 10:34:09 ص
-----------------------------------
Data synced to Odoo: {
  status: 'success',
  data: [ { device_id: '15', status: 'check_in_created' } ]
}
[FIRST IN]: Morad Alfurjani (ID: 15)
288Request Received from Device!
a4:d5:c2:09:5b:df
192.168.5.105
289Request Received from Device!
a4:d5:c2:09:5b:df
192.168.5.105
290Request Received from Device!
a4:d5:c2:09:5b:df
192.168.5.105
-----------------------------------
[Authenticated]: Ibrahim
Device Time (Original): 2026-06-11T09:36:23+02:00
Server Time (Received): 11‏/6‏/2026، 10:35:53 ص
-----------------------------------
Data synced to Odoo: {
  status: 'success',
  data: [ { device_id: '5', status: 'check_in_created' } ]
}
[FIRST IN]: Ibrahim (ID: 5)
291Request Received from Device!
a4:d5:c2:09:5b:df
192.168.5.105
292Request Received from Device!
a4:d5:c2:09:5b:df
192.168.5.105
293Request Received from Device!
a4:d5:c2:09:5b:df
192.168.5.105
-----------------------------------
[Authenticated]: Asma Rhoma
Device Time (Original): 2026-06-11T09:39:58+02:00
Server Time (Received): 11‏/6‏/2026، 10:39:28 ص
-----------------------------------
Data synced to Odoo: {
  status: 'success',
  data: [ { device_id: '18', status: 'check_in_created' } ]
}
[FIRST IN]: Asma Rhoma (ID: 18)
294Request Received from Device!
a4:d5:c2:09:5b:df
192.168.5.105
295Request Received from Device!
a4:d5:c2:09:5b:df
192.168.5.105
296Request Received from Device!
a4:d5:c2:09:5b:df
192.168.5.105
-----------------------------------
[Authenticated]: RADWAN
Device Time (Original): 2026-06-11T09:40:30+02:00
Server Time (Received): 11‏/6‏/2026، 10:39:59 ص
-----------------------------------
Data synced to Odoo: {
  status: 'success',
  data: [ { device_id: '20', status: 'check_in_created' } ]
}
[FIRST IN]: RADWAN (ID: 20)
297Request Received from Device!
a4:d5:c2:09:5b:df
192.168.5.105
298Request Received from Device!
a4:d5:c2:09:5b:df
192.168.5.105
NODE PRIORITY SETED TO HIGH
Server running on: http://localhost:3000
DB => Database Connection Success
1Request Received from Device!
a4:d5:c2:09:5c:46
192.168.5.103
2Request Received from Device!
a4:d5:c2:09:5b:df
192.168.5.105
3Request Received from Device!
a4:d5:c2:09:5c:46
192.168.5.103
4Request Received from Device!
a4:d5:c2:09:5b:df
192.168.5.105
5Request Received from Device!
a4:d5:c2:09:5c:46
192.168.5.103
6Request Received from Device!
a4:d5:c2:09:5b:df
192.168.5.105
7Request Received from Device!
a4:d5:c2:09:5c:46
192.168.5.103
8Request Received from Device!
a4:d5:c2:09:5b:df
192.168.5.105
9Request Received from Device!
a4:d5:c2:09:5b:df
192.168.5.105
-----------------------------------
[Authenticated]: Asma Rhoma
Device Time (Original): 2026-06-11T11:13:20+02:00
Server Time (Received): 11‏/6‏/2026، 12:29:25 م
-----------------------------------
[UPDATE LAST]: Asma Rhoma (ID: 18)
10Request Received from Device!
a4:d5:c2:09:5b:df
192.168.5.105
11Request Received from Device!
a4:d5:c2:09:5b:df
192.168.5.105
12Request Received from Device!
a4:d5:c2:09:5b:df
192.168.5.105
-----------------------------------
[Authenticated]: RADWAN
Device Time (Original): 2026-06-11T14:36:02+02:00
Server Time (Received): 11‏/6‏/2026، 3:35:31 م
-----------------------------------
[UPDATE LAST]: RADWAN (ID: 20)
13Request Received from Device!
a4:d5:c2:09:5b:df
192.168.5.105
14Request Received from Device!
a4:d5:c2:09:5b:df
192.168.5.105
15Request Received from Device!
a4:d5:c2:09:5b:df
192.168.5.105
-----------------------------------
[Authenticated]: Zahra Alhrari
Device Time (Original): 2026-06-11T15:06:59+02:00
Server Time (Received): 11‏/6‏/2026، 4:06:28 م
-----------------------------------
[UPDATE LAST]: Zahra Alhrari (ID: 17)
16Request Received from Device!
a4:d5:c2:09:5b:df
192.168.5.105
17Request Received from Device!
a4:d5:c2:09:5b:df
192.168.5.105
18Request Received from Device!
a4:d5:c2:09:5b:df
192.168.5.105
-----------------------------------
[Authenticated]: Zakaria Elmagdmi
Device Time (Original): 2026-06-11T15:23:49+02:00
Server Time (Received): 11‏/6‏/2026، 4:23:21 م
-----------------------------------
[UPDATE LAST]: Zakaria Elmagdmi (ID: 11)
19Request Received from Device!
a4:d5:c2:09:5b:df
192.168.5.105
20Request Received from Device!
a4:d5:c2:09:5b:df
192.168.5.105
-----------------------------------
[Authenticated]: Zakaria Elmagdmi
Device Time (Original): 2026-06-11T15:23:52+02:00
Server Time (Received): 11‏/6‏/2026، 4:23:21 م
-----------------------------------
[UPDATE LAST]: Zakaria Elmagdmi (ID: 11)
21Request Received from Device!
a4:d5:c2:09:5b:df
192.168.5.105
-----------------------------------
[Authenticated]: Siraj Kashoukh
Device Time (Original): 2026-06-11T15:23:54+02:00
Server Time (Received): 11‏/6‏/2026، 4:23:22 م
-----------------------------------
[UPDATE LAST]: Siraj Kashoukh (ID: 10)
22Request Received from Device!
a4:d5:c2:09:5b:df
192.168.5.105
23Request Received from Device!
a4:d5:c2:09:5b:df
192.168.5.105
-----------------------------------
[Authenticated]: Hatem  Talha
Device Time (Original): 2026-06-11T15:25:01+02:00
Server Time (Received): 11‏/6‏/2026، 4:24:30 م
-----------------------------------
[UPDATE LAST]: Hatem  Talha (ID: 12)
24Request Received from Device!
a4:d5:c2:09:5b:df
192.168.5.105
25Request Received from Device!
a4:d5:c2:09:5b:df
192.168.5.105
26Request Received from Device!
a4:d5:c2:09:5b:df
192.168.5.105
-----------------------------------
[Authenticated]: Ibrahim
Device Time (Original): 2026-06-11T15:26:25+02:00
Server Time (Received): 11‏/6‏/2026، 4:25:53 م
-----------------------------------
[UPDATE LAST]: Ibrahim (ID: 5)
27Request Received from Device!
a4:d5:c2:09:5b:df
192.168.5.105
28Request Received from Device!
a4:d5:c2:09:5b:df
192.168.5.105
29Request Received from Device!
a4:d5:c2:09:5b:df
192.168.5.105
-----------------------------------
[Authenticated]: Asma Rhoma
Device Time (Original): 2026-06-11T15:55:50+02:00
Server Time (Received): 11‏/6‏/2026، 4:55:19 م
-----------------------------------
[UPDATE LAST]: Asma Rhoma (ID: 18)
30Request Received from Device!
a4:d5:c2:09:5b:df
192.168.5.105
31Request Received from Device!
a4:d5:c2:09:5b:df
192.168.5.105
-----------------------------------
[Authenticated]: Asma Rhoma
Device Time (Original): 2026-06-11T15:55:54+02:00
Server Time (Received): 11‏/6‏/2026، 4:55:23 م
-----------------------------------
[UPDATE LAST]: Asma Rhoma (ID: 18)
32Request Received from Device!
a4:d5:c2:09:5b:df
192.168.5.105
Compact done
[
  'session_id=ZtdidS_3jzf7ol5lmoXt7bzAUgBpTUbp2yhnrG1OTvgEB__O-V-SaZIzgbaKDpfFI2lUsR9Uz44U1UeTBUvr; Expires=Fri, 11 Jun 2027 20:01:11 GMT; Max-Age=604800; HttpOnly; Path=/',
  'session_id=ZtdidS_3jzf7ol5lmoXt7bzAUgBpTUbp2yhnrG1OTvgEB__O-V-SaZIzgbaKDpfFI2lUsR9Uz44U1UeTBUvr; Expires=Fri, 11 Jun 2027 20:01:11 GMT; Max-Age=604800; HttpOnly; Path=/'
]
Logged into Odoo successfully!
Check Out Data synced to Odoo: {
  status: 'success',
  data: [
    { device_id: '2', status: 'no_valid_checkout' },
    { device_id: '5', status: 'check_out_updated' },
    { device_id: '8', status: 'no_valid_checkout' },
    { device_id: '10', status: 'check_out_updated' },
    { device_id: '11', status: 'check_out_updated' },
    { device_id: '12', status: 'check_out_updated' },
    { device_id: '15', status: 'no_valid_checkout' },
    { device_id: '17', status: 'check_out_updated' },
    { device_id: '18', status: 'check_out_updated' },
    { device_id: '20', status: 'check_out_updated' }
  ]
}
Cache cleared successfully
Compact done
Check Out Data synced to Odoo: { status: 'success', data: [] }
Cache cleared successfully
Compact done
Check Out Data synced to Odoo: { status: 'success', data: [] }
Cache cleared successfully
33Request Received from Device!
a4:d5:c2:09:5b:df
192.168.5.105
-----------------------------------
[Authenticated]: Asma Rhoma
Device Time (Original): 2026-06-14T08:57:39+02:00
Server Time (Received): 14‏/6‏/2026، 9:57:01 ص
-----------------------------------
Data synced to Odoo: {
  status: 'success',
  data: [ { device_id: '18', status: 'check_in_created' } ]
}
[FIRST IN]: Asma Rhoma (ID: 18)
34Request Received from Device!
a4:d5:c2:09:5b:df
192.168.5.105
35Request Received from Device!
a4:d5:c2:09:5b:df
192.168.5.105
36Request Received from Device!
a4:d5:c2:09:5c:46
192.168.5.103
-----------------------------------
[Authenticated]: NASIRULDIN AHMED
Device Time (Original): 2026-06-14T09:00:10+02:00
Server Time (Received): 14‏/6‏/2026، 9:58:52 ص
-----------------------------------
Data synced to Odoo: {
  status: 'success',
  data: [ { device_id: '2', status: 'check_in_created' } ]
}
[FIRST IN]: NASIRULDIN AHMED (ID: 2)
37Request Received from Device!
a4:d5:c2:09:5c:46
192.168.5.103
38Request Received from Device!
a4:d5:c2:09:5c:46
192.168.5.103
39Request Received from Device!
a4:d5:c2:09:5b:df
192.168.5.105
-----------------------------------
[Authenticated]: RADWAN
Device Time (Original): 2026-06-14T09:03:37+02:00
Server Time (Received): 14‏/6‏/2026، 10:02:59 ص
-----------------------------------
Data synced to Odoo: {
  status: 'success',
  data: [ { device_id: '20', status: 'check_in_created' } ]
}
[FIRST IN]: RADWAN (ID: 20)
40Request Received from Device!
a4:d5:c2:09:5b:df
192.168.5.105
41Request Received from Device!
a4:d5:c2:09:5b:df
192.168.5.105
42Request Received from Device!
a4:d5:c2:09:5b:df
192.168.5.105
-----------------------------------
[Authenticated]: Morad Alfurjani
Device Time (Original): 2026-06-14T09:04:44+02:00
Server Time (Received): 14‏/6‏/2026، 10:04:06 ص
-----------------------------------
Data synced to Odoo: {
  status: 'success',
  data: [ { device_id: '15', status: 'check_in_created' } ]
}
[FIRST IN]: Morad Alfurjani (ID: 15)
43Request Received from Device!
a4:d5:c2:09:5b:df
192.168.5.105
44Request Received from Device!
a4:d5:c2:09:5b:df
192.168.5.105
45Request Received from Device!
a4:d5:c2:09:5c:46
192.168.5.103
-----------------------------------
[Authenticated]: SEFAW
Device Time (Original): 2026-06-14T09:05:51+02:00
Server Time (Received): 14‏/6‏/2026، 10:04:33 ص
-----------------------------------
Data synced to Odoo: {
  status: 'success',
  data: [ { device_id: '8', status: 'check_in_created' } ]
}
[FIRST IN]: SEFAW (ID: 8)
46Request Received from Device!
a4:d5:c2:09:5c:46
192.168.5.103
47Request Received from Device!
a4:d5:c2:09:5c:46
192.168.5.103
48Request Received from Device!
a4:d5:c2:09:5b:df
192.168.5.105
-----------------------------------
[Authenticated]: Abdellmalek Ramadan
Device Time (Original): 2026-06-14T09:08:15+02:00
Server Time (Received): 14‏/6‏/2026، 10:07:38 ص
-----------------------------------
Data synced to Odoo: {
  status: 'success',
  data: [ { device_id: '14', status: 'check_in_created' } ]
}
[FIRST IN]: Abdellmalek Ramadan (ID: 14)
49Request Received from Device!
a4:d5:c2:09:5b:df
192.168.5.105
50Request Received from Device!
a4:d5:c2:09:5b:df
192.168.5.105
51Request Received from Device!
a4:d5:c2:09:5b:df
192.168.5.105
-----------------------------------
[Authenticated]: Hatem  Talha
Device Time (Original): 2026-06-14T09:12:23+02:00
Server Time (Received): 14‏/6‏/2026، 10:11:45 ص
-----------------------------------
Data synced to Odoo: {
  status: 'success',
  data: [ { device_id: '12', status: 'check_in_created' } ]
}
[FIRST IN]: Hatem  Talha (ID: 12)
52Request Received from Device!
a4:d5:c2:09:5b:df
192.168.5.105
53Request Received from Device!
a4:d5:c2:09:5b:df
192.168.5.105
54Request Received from Device!
a4:d5:c2:09:5b:df
192.168.5.105
-----------------------------------
[Authenticated]: Abdulhafith Abuighrara
Device Time (Original): 2026-06-14T09:15:25+02:00
Server Time (Received): 14‏/6‏/2026، 10:14:47 ص
-----------------------------------
Data synced to Odoo: {
  status: 'success',
  data: [ { device_id: '13', status: 'check_in_created' } ]
}
[FIRST IN]: Abdulhafith Abuighrara (ID: 13)
55Request Received from Device!
a4:d5:c2:09:5b:df
192.168.5.105
56Request Received from Device!
a4:d5:c2:09:5b:df
192.168.5.105
57Request Received from Device!
a4:d5:c2:09:5b:df
192.168.5.105
-----------------------------------
[Authenticated]: Zakaria Elmagdmi
Device Time (Original): 2026-06-14T09:16:12+02:00
Server Time (Received): 14‏/6‏/2026، 10:15:34 ص
-----------------------------------
Data synced to Odoo: {
  status: 'success',
  data: [ { device_id: '11', status: 'check_in_created' } ]
}
[FIRST IN]: Zakaria Elmagdmi (ID: 11)
58Request Received from Device!
a4:d5:c2:09:5b:df
192.168.5.105
59Request Received from Device!
a4:d5:c2:09:5b:df
192.168.5.105
60Request Received from Device!
a4:d5:c2:09:5b:df
192.168.5.105
-----------------------------------
[Authenticated]: Zahra Alhrari
Device Time (Original): 2026-06-14T09:19:04+02:00
Server Time (Received): 14‏/6‏/2026، 10:18:26 ص
-----------------------------------
Data synced to Odoo: {
  status: 'success',
  data: [ { device_id: '17', status: 'check_in_created' } ]
}
[FIRST IN]: Zahra Alhrari (ID: 17)
61Request Received from Device!
a4:d5:c2:09:5b:df
192.168.5.105
62Request Received from Device!
a4:d5:c2:09:5b:df
192.168.5.105
63Request Received from Device!
a4:d5:c2:09:5b:df
192.168.5.105
-----------------------------------
[Authenticated]: Ibrahim
Device Time (Original): 2026-06-14T09:22:13+02:00
Server Time (Received): 14‏/6‏/2026، 10:21:34 ص
-----------------------------------
Data synced to Odoo: {
  status: 'success',
  data: [ { device_id: '5', status: 'check_in_created' } ]
}
[FIRST IN]: Ibrahim (ID: 5)
64Request Received from Device!
a4:d5:c2:09:5b:df
192.168.5.105
65Request Received from Device!
a4:d5:c2:09:5b:df
192.168.5.105
66Request Received from Device!
a4:d5:c2:09:5c:46
192.168.5.103
-----------------------------------
[Authenticated]: SEFAW
Device Time (Original): 2026-06-14T09:54:13+02:00
Server Time (Received): 14‏/6‏/2026، 10:52:55 ص
-----------------------------------
[UPDATE LAST]: SEFAW (ID: 8)
67Request Received from Device!
a4:d5:c2:09:5c:46
192.168.5.103
68Request Received from Device!
a4:d5:c2:09:5c:46
192.168.5.103
69Request Received from Device!
a4:d5:c2:09:5b:df
192.168.5.105
-----------------------------------
[Authenticated]: Siraj Kashoukh
Device Time (Original): 2026-06-14T10:18:20+02:00
Server Time (Received): 14‏/6‏/2026، 11:17:42 ص
-----------------------------------
Data synced to Odoo: {
  status: 'success',
  data: [ { device_id: '10', status: 'check_in_created' } ]
}
[FIRST IN]: Siraj Kashoukh (ID: 10)
70Request Received from Device!
a4:d5:c2:09:5b:df
192.168.5.105
71Request Received from Device!
a4:d5:c2:09:5b:df
192.168.5.105
72Request Received from Device!
a4:d5:c2:09:5b:df
192.168.5.105
-----------------------------------
[Authenticated]: RADWAN
Device Time (Original): 2026-06-14T14:30:50+02:00
Server Time (Received): 14‏/6‏/2026، 3:30:11 م
-----------------------------------
[UPDATE LAST]: RADWAN (ID: 20)
73Request Received from Device!
a4:d5:c2:09:5b:df
192.168.5.105
74Request Received from Device!
a4:d5:c2:09:5b:df
192.168.5.105
75Request Received from Device!
a4:d5:c2:09:5b:df
192.168.5.105
-----------------------------------
[Authenticated]: Zahra Alhrari
Device Time (Original): 2026-06-14T15:06:00+02:00
Server Time (Received): 14‏/6‏/2026، 4:05:21 م
-----------------------------------
[UPDATE LAST]: Zahra Alhrari (ID: 17)
76Request Received from Device!
a4:d5:c2:09:5b:df
192.168.5.105
77Request Received from Device!
a4:d5:c2:09:5b:df
192.168.5.105
78Request Received from Device!
a4:d5:c2:09:5b:df
192.168.5.105
-----------------------------------
[Authenticated]: Zakaria Elmagdmi
Device Time (Original): 2026-06-14T15:19:14+02:00
Server Time (Received): 14‏/6‏/2026، 4:18:35 م
-----------------------------------
[UPDATE LAST]: Zakaria Elmagdmi (ID: 11)
79Request Received from Device!
a4:d5:c2:09:5b:df
192.168.5.105
80Request Received from Device!
a4:d5:c2:09:5b:df
192.168.5.105
-----------------------------------
[Authenticated]: Siraj Kashoukh
Device Time (Original): 2026-06-14T15:19:18+02:00
Server Time (Received): 14‏/6‏/2026، 4:18:39 م
-----------------------------------
[UPDATE LAST]: Siraj Kashoukh (ID: 10)
81Request Received from Device!
a4:d5:c2:09:5b:df
192.168.5.105
82Request Received from Device!
a4:d5:c2:09:5b:df
192.168.5.105
-----------------------------------
[Authenticated]: Abdellmalek Ramadan
Device Time (Original): 2026-06-14T15:26:09+02:00
Server Time (Received): 14‏/6‏/2026، 4:25:30 م
-----------------------------------
[UPDATE LAST]: Abdellmalek Ramadan (ID: 14)
83Request Received from Device!
a4:d5:c2:09:5b:df
192.168.5.105
84Request Received from Device!
a4:d5:c2:09:5b:df
192.168.5.105
85Request Received from Device!
a4:d5:c2:09:5b:df
192.168.5.105
-----------------------------------
[Authenticated]: Hatem  Talha
Device Time (Original): 2026-06-14T15:27:27+02:00
Server Time (Received): 14‏/6‏/2026، 4:26:48 م
-----------------------------------
[UPDATE LAST]: Hatem  Talha (ID: 12)
86Request Received from Device!
a4:d5:c2:09:5b:df
192.168.5.105
87Request Received from Device!
a4:d5:c2:09:5b:df
192.168.5.105
88Request Received from Device!
a4:d5:c2:09:5b:df
192.168.5.105
-----------------------------------
[Authenticated]: Abdulhafith Abuighrara
Device Time (Original): 2026-06-14T15:31:45+02:00
Server Time (Received): 14‏/6‏/2026، 4:31:07 م
-----------------------------------
[UPDATE LAST]: Abdulhafith Abuighrara (ID: 13)
89Request Received from Device!
a4:d5:c2:09:5b:df
192.168.5.105
90Request Received from Device!
a4:d5:c2:09:5b:df
192.168.5.105
91Request Received from Device!
a4:d5:c2:09:5b:df
192.168.5.105
-----------------------------------
[Authenticated]: Ibrahim
Device Time (Original): 2026-06-14T15:33:53+02:00
Server Time (Received): 14‏/6‏/2026، 4:33:14 م
-----------------------------------
[UPDATE LAST]: Ibrahim (ID: 5)
92Request Received from Device!
a4:d5:c2:09:5b:df
192.168.5.105
93Request Received from Device!
a4:d5:c2:09:5b:df
192.168.5.105
94Request Received from Device!
a4:d5:c2:09:5c:46
192.168.5.103
-----------------------------------
[Authenticated]: SEFAW
Device Time (Original): 2026-06-14T15:44:12+02:00
Server Time (Received): 14‏/6‏/2026، 4:42:53 م
-----------------------------------
[UPDATE LAST]: SEFAW (ID: 8)
95Request Received from Device!
a4:d5:c2:09:5c:46
192.168.5.103
96Request Received from Device!
a4:d5:c2:09:5c:46
192.168.5.103
-----------------------------------
[Authenticated]: NASIRULDIN AHMED
Device Time (Original): 2026-06-14T15:44:14+02:00
Server Time (Received): 14‏/6‏/2026، 4:42:54 م
-----------------------------------
[UPDATE LAST]: NASIRULDIN AHMED (ID: 2)
97Request Received from Device!
a4:d5:c2:09:5c:46
192.168.5.103
-----------------------------------
[Authenticated]: SEFAW
Device Time (Original): 2026-06-14T15:44:15+02:00
Server Time (Received): 14‏/6‏/2026، 4:42:56 م
-----------------------------------
[UPDATE LAST]: SEFAW (ID: 8)
98Request Received from Device!
a4:d5:c2:09:5c:46
192.168.5.103
99Request Received from Device!
a4:d5:c2:09:5b:df
192.168.5.105
-----------------------------------
[Authenticated]: Asma Rhoma
Device Time (Original): 2026-06-14T15:45:22+02:00
Server Time (Received): 14‏/6‏/2026، 4:44:44 م
-----------------------------------
[UPDATE LAST]: Asma Rhoma (ID: 18)
100Request Received from Device!
a4:d5:c2:09:5b:df
192.168.5.105
101Request Received from Device!
a4:d5:c2:09:5b:df
192.168.5.105
Compact done
Check Out Data synced to Odoo: {
  status: 'success',
  data: [
    { device_id: '2', status: 'check_out_updated' },
    { device_id: '5', status: 'check_out_updated' },
    { device_id: '8', status: 'check_out_updated' },
    { device_id: '10', status: 'check_out_updated' },
    { device_id: '11', status: 'check_out_updated' },
    { device_id: '12', status: 'check_out_updated' },
    { device_id: '13', status: 'check_out_updated' },
    { device_id: '14', status: 'check_out_updated' },
    { device_id: '15', status: 'no_valid_checkout' },
    { device_id: '17', status: 'check_out_updated' },
    { device_id: '18', status: 'check_out_updated' },
    { device_id: '20', status: 'check_out_updated' }
  ]
}
Cache cleared successfully
102Request Received from Device!
a4:d5:c2:09:5b:df
192.168.5.105
-----------------------------------
[Authenticated]: Zahra Alhrari
Device Time (Original): 2026-06-15T07:56:27+02:00
Server Time (Received): 15‏/6‏/2026، 8:55:46 ص
-----------------------------------
Data synced to Odoo: {
  status: 'success',
  data: [ { device_id: '17', status: 'check_in_created' } ]
}
[FIRST IN]: Zahra Alhrari (ID: 17)
103Request Received from Device!
a4:d5:c2:09:5b:df
192.168.5.105
104Request Received from Device!
a4:d5:c2:09:5b:df
192.168.5.105
105Request Received from Device!
a4:d5:c2:09:5c:46
192.168.5.103
-----------------------------------
[Authenticated]: NASIRULDIN AHMED
Device Time (Original): 2026-06-15T09:02:16+02:00
Server Time (Received): 15‏/6‏/2026، 10:00:55 ص
-----------------------------------
Data synced to Odoo: {
  status: 'success',
  data: [ { device_id: '2', status: 'check_in_created' } ]
}
[FIRST IN]: NASIRULDIN AHMED (ID: 2)
106Request Received from Device!
a4:d5:c2:09:5c:46
192.168.5.103
107Request Received from Device!
a4:d5:c2:09:5c:46
192.168.5.103
108Request Received from Device!
a4:d5:c2:09:5b:df
192.168.5.105
-----------------------------------
[Authenticated]: Asma Rhoma
Device Time (Original): 2026-06-15T09:06:19+02:00
Server Time (Received): 15‏/6‏/2026، 10:05:38 ص
-----------------------------------
Data synced to Odoo: {
  status: 'success',
  data: [ { device_id: '18', status: 'check_in_created' } ]
}
[FIRST IN]: Asma Rhoma (ID: 18)
109Request Received from Device!
a4:d5:c2:09:5b:df
192.168.5.105
110Request Received from Device!
a4:d5:c2:09:5b:df
192.168.5.105
111Request Received from Device!
a4:d5:c2:09:5b:df
192.168.5.105
-----------------------------------
[Authenticated]: Abdellmalek Ramadan
Device Time (Original): 2026-06-15T09:07:11+02:00
Server Time (Received): 15‏/6‏/2026، 10:06:30 ص
-----------------------------------
Data synced to Odoo: {
  status: 'success',
  data: [ { device_id: '14', status: 'check_in_created' } ]
}
[FIRST IN]: Abdellmalek Ramadan (ID: 14)
112Request Received from Device!
a4:d5:c2:09:5b:df
192.168.5.105
113Request Received from Device!
a4:d5:c2:09:5b:df
192.168.5.105
-----------------------------------
[Authenticated]: Abdellmalek Ramadan
Device Time (Original): 2026-06-15T09:07:16+02:00
Server Time (Received): 15‏/6‏/2026، 10:06:34 ص
-----------------------------------
[UPDATE LAST]: Abdellmalek Ramadan (ID: 14)
114Request Received from Device!
a4:d5:c2:09:5b:df
192.168.5.105
115Request Received from Device!
a4:d5:c2:09:5b:df
192.168.5.105
-----------------------------------
[Authenticated]: Zakaria Elmagdmi
Device Time (Original): 2026-06-15T09:07:36+02:00
Server Time (Received): 15‏/6‏/2026، 10:06:55 ص
-----------------------------------
Data synced to Odoo: {
  status: 'success',
  data: [ { device_id: '11', status: 'check_in_created' } ]
}
[FIRST IN]: Zakaria Elmagdmi (ID: 11)
116Request Received from Device!
a4:d5:c2:09:5b:df
192.168.5.105
117Request Received from Device!
a4:d5:c2:09:5b:df
192.168.5.105
118Request Received from Device!
a4:d5:c2:09:5b:df
192.168.5.105
-----------------------------------
[Authenticated]: Hatem  Talha
Device Time (Original): 2026-06-15T09:13:29+02:00
Server Time (Received): 15‏/6‏/2026، 10:12:48 ص
-----------------------------------
Data synced to Odoo: {
  status: 'success',
  data: [ { device_id: '12', status: 'check_in_created' } ]
}
[FIRST IN]: Hatem  Talha (ID: 12)
119Request Received from Device!
a4:d5:c2:09:5b:df
192.168.5.105
120Request Received from Device!
a4:d5:c2:09:5b:df
192.168.5.105
121Request Received from Device!
a4:d5:c2:09:5b:df
192.168.5.105
-----------------------------------
[Authenticated]: Siraj Kashoukh
Device Time (Original): 2026-06-15T09:26:46+02:00
Server Time (Received): 15‏/6‏/2026، 10:26:05 ص
-----------------------------------
Data synced to Odoo: {
  status: 'success',
  data: [ { device_id: '10', status: 'check_in_created' } ]
}
[FIRST IN]: Siraj Kashoukh (ID: 10)
122Request Received from Device!
a4:d5:c2:09:5b:df
192.168.5.105
123Request Received from Device!
a4:d5:c2:09:5b:df
192.168.5.105
124Request Received from Device!
a4:d5:c2:09:5b:df
192.168.5.105
-----------------------------------
[Authenticated]: Abdulhafith Abuighrara
Device Time (Original): 2026-06-15T09:29:19+02:00
Server Time (Received): 15‏/6‏/2026، 10:28:38 ص
-----------------------------------
Data synced to Odoo: {
  status: 'success',
  data: [ { device_id: '13', status: 'check_in_created' } ]
}
[FIRST IN]: Abdulhafith Abuighrara (ID: 13)
125Request Received from Device!
a4:d5:c2:09:5b:df
192.168.5.105
126Request Received from Device!
a4:d5:c2:09:5b:df
192.168.5.105
127Request Received from Device!
a4:d5:c2:09:5b:df
192.168.5.105
-----------------------------------
[Authenticated]: Ibrahim
Device Time (Original): 2026-06-15T09:33:38+02:00
Server Time (Received): 15‏/6‏/2026، 10:32:58 ص
-----------------------------------
Data synced to Odoo: {
  status: 'success',
  data: [ { device_id: '5', status: 'check_in_created' } ]
}
[FIRST IN]: Ibrahim (ID: 5)
128Request Received from Device!
a4:d5:c2:09:5b:df
192.168.5.105
129Request Received from Device!
a4:d5:c2:09:5b:df
192.168.5.105
130Request Received from Device!
a4:d5:c2:09:5c:46
192.168.5.103
-----------------------------------
[Authenticated]: SEFAW
Device Time (Original): 2026-06-15T09:53:08+02:00
Server Time (Received): 15‏/6‏/2026، 10:51:46 ص
-----------------------------------
Data synced to Odoo: {
  status: 'success',
  data: [ { device_id: '8', status: 'check_in_created' } ]
}
[FIRST IN]: SEFAW (ID: 8)
131Request Received from Device!
a4:d5:c2:09:5c:46
192.168.5.103
132Request Received from Device!
a4:d5:c2:09:5c:46
192.168.5.103
133Request Received from Device!
a4:d5:c2:09:5b:df
192.168.5.105
-----------------------------------
[Authenticated]: Morad Alfurjani
Device Time (Original): 2026-06-15T10:21:11+02:00
Server Time (Received): 15‏/6‏/2026، 11:20:30 ص
-----------------------------------
Data synced to Odoo: {
  status: 'success',
  data: [ { device_id: '15', status: 'check_in_created' } ]
}
[FIRST IN]: Morad Alfurjani (ID: 15)
134Request Received from Device!
a4:d5:c2:09:5b:df
192.168.5.105
135Request Received from Device!
a4:d5:c2:09:5b:df
192.168.5.105
136Request Received from Device!
a4:d5:c2:09:5b:df
192.168.5.105
-----------------------------------
[Authenticated]: Zahra Alhrari
Device Time (Original): 2026-06-15T15:05:57+02:00
Server Time (Received): 15‏/6‏/2026، 4:05:15 م
-----------------------------------
[UPDATE LAST]: Zahra Alhrari (ID: 17)
137Request Received from Device!
a4:d5:c2:09:5b:df
192.168.5.105
138Request Received from Device!
a4:d5:c2:09:5b:df
192.168.5.105
139Request Received from Device!
a4:d5:c2:09:5b:df
192.168.5.105
-----------------------------------
[Authenticated]: Zakaria Elmagdmi
Device Time (Original): 2026-06-15T15:24:12+02:00
Server Time (Received): 15‏/6‏/2026، 4:23:31 م
-----------------------------------
[UPDATE LAST]: Zakaria Elmagdmi (ID: 11)
140Request Received from Device!
a4:d5:c2:09:5b:df
192.168.5.105
141Request Received from Device!
a4:d5:c2:09:5b:df
192.168.5.105
142Request Received from Device!
a4:d5:c2:09:5b:df
192.168.5.105
-----------------------------------
[Authenticated]: Siraj Kashoukh
Device Time (Original): 2026-06-15T15:25:07+02:00
Server Time (Received): 15‏/6‏/2026، 4:24:25 م
-----------------------------------
[UPDATE LAST]: Siraj Kashoukh (ID: 10)
143Request Received from Device!
a4:d5:c2:09:5b:df
192.168.5.105
144Request Received from Device!
a4:d5:c2:09:5b:df
192.168.5.105
145Request Received from Device!
a4:d5:c2:09:5b:df
192.168.5.105
-----------------------------------
[Authenticated]: Hatem  Talha
Device Time (Original): 2026-06-15T15:26:00+02:00
Server Time (Received): 15‏/6‏/2026، 4:25:19 م
-----------------------------------
[UPDATE LAST]: Hatem  Talha (ID: 12)
146Request Received from Device!
a4:d5:c2:09:5b:df
192.168.5.105
147Request Received from Device!
a4:d5:c2:09:5b:df
192.168.5.105
148Request Received from Device!
a4:d5:c2:09:5b:df
192.168.5.105
-----------------------------------
[Authenticated]: Abdellmalek Ramadan
Device Time (Original): 2026-06-15T15:26:07+02:00
Server Time (Received): 15‏/6‏/2026، 4:25:26 م
-----------------------------------
[UPDATE LAST]: Abdellmalek Ramadan (ID: 14)
149Request Received from Device!
a4:d5:c2:09:5b:df
192.168.5.105
150Request Received from Device!
a4:d5:c2:09:5b:df
192.168.5.105
151Request Received from Device!
a4:d5:c2:09:5b:df
192.168.5.105
-----------------------------------
[Authenticated]: Asma Rhoma
Device Time (Original): 2026-06-15T15:27:00+02:00
Server Time (Received): 15‏/6‏/2026، 4:26:19 م
-----------------------------------
[UPDATE LAST]: Asma Rhoma (ID: 18)
152Request Received from Device!
a4:d5:c2:09:5b:df
192.168.5.105
153Request Received from Device!
a4:d5:c2:09:5b:df
192.168.5.105
154Request Received from Device!
a4:d5:c2:09:5b:df
192.168.5.105
-----------------------------------
[Authenticated]: Abdulhafith Abuighrara
Device Time (Original): 2026-06-15T15:29:24+02:00
Server Time (Received): 15‏/6‏/2026، 4:28:42 م
-----------------------------------
[UPDATE LAST]: Abdulhafith Abuighrara (ID: 13)
155Request Received from Device!
a4:d5:c2:09:5b:df
192.168.5.105
156Request Received from Device!
a4:d5:c2:09:5b:df
192.168.5.105
157Request Received from Device!
a4:d5:c2:09:5c:46
192.168.5.103
-----------------------------------
[Authenticated]: NASIRULDIN AHMED
Device Time (Original): 2026-06-15T15:31:10+02:00
Server Time (Received): 15‏/6‏/2026، 4:29:47 م
-----------------------------------
[UPDATE LAST]: NASIRULDIN AHMED (ID: 2)
158Request Received from Device!
a4:d5:c2:09:5c:46
192.168.5.103
159Request Received from Device!
a4:d5:c2:09:5c:46
192.168.5.103
-----------------------------------
[Authenticated]: SEFAW
Device Time (Original): 2026-06-15T15:31:13+02:00
Server Time (Received): 15‏/6‏/2026، 4:29:50 م
-----------------------------------
[UPDATE LAST]: SEFAW (ID: 8)
160Request Received from Device!
a4:d5:c2:09:5c:46
192.168.5.103
-----------------------------------
[Authenticated]: SEFAW
Device Time (Original): 2026-06-15T15:31:17+02:00
Server Time (Received): 15‏/6‏/2026، 4:29:54 م
-----------------------------------
[UPDATE LAST]: SEFAW (ID: 8)
161Request Received from Device!
a4:d5:c2:09:5c:46
192.168.5.103
162Request Received from Device!
a4:d5:c2:09:5b:df
192.168.5.105
-----------------------------------
[Authenticated]: Ibrahim
Device Time (Original): 2026-06-15T15:32:22+02:00
Server Time (Received): 15‏/6‏/2026، 4:31:40 م
-----------------------------------
[UPDATE LAST]: Ibrahim (ID: 5)
163Request Received from Device!
a4:d5:c2:09:5b:df
192.168.5.105
164Request Received from Device!
a4:d5:c2:09:5b:df
192.168.5.105
165Request Received from Device!
a4:d5:c2:09:5b:df
192.168.5.105
-----------------------------------
[Authenticated]: Ibrahim
Device Time (Original): 2026-06-15T15:32:29+02:00
Server Time (Received): 15‏/6‏/2026، 4:31:47 م
-----------------------------------
[UPDATE LAST]: Ibrahim (ID: 5)
166Request Received from Device!
a4:d5:c2:09:5b:df
192.168.5.105
167Request Received from Device!
a4:d5:c2:09:5b:df
192.168.5.105
Compact done
Check Out Data synced to Odoo: {
  status: 'success',
  data: [
    { device_id: '2', status: 'check_out_updated' },
    { device_id: '5', status: 'check_out_updated' },
    { device_id: '8', status: 'check_out_updated' },
    { device_id: '10', status: 'check_out_updated' },
    { device_id: '11', status: 'check_out_updated' },
    { device_id: '12', status: 'check_out_updated' },
    { device_id: '13', status: 'check_out_updated' },
    { device_id: '14', status: 'check_out_updated' },
    { device_id: '15', status: 'no_valid_checkout' },
    { device_id: '17', status: 'check_out_updated' },
    { device_id: '18', status: 'check_out_updated' }
  ]
}
Cache cleared successfully
Compact done
Check Out Data synced to Odoo: { status: 'success', data: [] }
Cache cleared successfully
168Request Received from Device!
a4:d5:c2:09:5b:df
192.168.5.105
-----------------------------------
[Authenticated]: JUMA ELALLUS
Device Time (Original): 2026-06-16T09:41:22+02:00
Server Time (Received): 16‏/6‏/2026، 10:40:39 ص
-----------------------------------
Data synced to Odoo: {
  status: 'success',
  data: [ { device_id: '1', status: 'check_in_created' } ]
}
[FIRST IN]: JUMA ELALLUS (ID: 1)
169Request Received from Device!
a4:d5:c2:09:5b:df
192.168.5.105
170Request Received from Device!
a4:d5:c2:09:5b:df
192.168.5.105
Compact done
Check Out Data synced to Odoo: {
  status: 'success',
  data: [ { device_id: '1', status: 'no_valid_checkout' } ]
}
Cache cleared successfully
171Request Received from Device!
a4:d5:c2:09:5b:df
192.168.5.105
-----------------------------------
[Authenticated]: Asma Rhoma
Device Time (Original): 2026-06-17T09:04:14+02:00
Server Time (Received): 17‏/6‏/2026، 10:03:28 ص
-----------------------------------
Data synced to Odoo: {
  status: 'success',
  data: [ { device_id: '18', status: 'check_in_created' } ]
}
[FIRST IN]: Asma Rhoma (ID: 18)
172Request Received from Device!
a4:d5:c2:09:5b:df
192.168.5.105
173Request Received from Device!
a4:d5:c2:09:5b:df
192.168.5.105
174Request Received from Device!
a4:d5:c2:09:5b:df
192.168.5.105
-----------------------------------
[Authenticated]: Abdulhafith Abuighrara
Device Time (Original): 2026-06-17T09:09:37+02:00
Server Time (Received): 17‏/6‏/2026، 10:08:51 ص
-----------------------------------
Data synced to Odoo: {
  status: 'success',
  data: [ { device_id: '13', status: 'check_in_created' } ]
}
[FIRST IN]: Abdulhafith Abuighrara (ID: 13)
175Request Received from Device!
a4:d5:c2:09:5b:df
192.168.5.105
176Request Received from Device!
a4:d5:c2:09:5b:df
192.168.5.105
177Request Received from Device!
a4:d5:c2:09:5b:df
192.168.5.105
-----------------------------------
[Authenticated]: Hatem  Talha
Device Time (Original): 2026-06-17T09:22:43+02:00
Server Time (Received): 17‏/6‏/2026، 10:21:57 ص
-----------------------------------
Data synced to Odoo: {
  status: 'success',
  data: [ { device_id: '12', status: 'check_in_created' } ]
}
[FIRST IN]: Hatem  Talha (ID: 12)
178Request Received from Device!
a4:d5:c2:09:5b:df
192.168.5.105
179Request Received from Device!
a4:d5:c2:09:5b:df
192.168.5.105
180Request Received from Device!
a4:d5:c2:09:5b:df
192.168.5.105
-----------------------------------
[Authenticated]: RADWAN
Device Time (Original): 2026-06-17T09:23:57+02:00
Server Time (Received): 17‏/6‏/2026، 10:23:11 ص
-----------------------------------
Data synced to Odoo: {
  status: 'success',
  data: [ { device_id: '20', status: 'check_in_created' } ]
}
[FIRST IN]: RADWAN (ID: 20)
181Request Received from Device!
a4:d5:c2:09:5b:df
192.168.5.105
182Request Received from Device!
a4:d5:c2:09:5b:df
192.168.5.105
183Request Received from Device!
a4:d5:c2:09:5c:46
192.168.5.103
-----------------------------------
[Authenticated]: SEFAW
Device Time (Original): 2026-06-17T09:32:43+02:00
Server Time (Received): 17‏/6‏/2026، 10:31:15 ص
-----------------------------------
Data synced to Odoo: {
  status: 'success',
  data: [ { device_id: '8', status: 'check_in_created' } ]
}
[FIRST IN]: SEFAW (ID: 8)
184Request Received from Device!
a4:d5:c2:09:5c:46
192.168.5.103
185Request Received from Device!
a4:d5:c2:09:5c:46
192.168.5.103
186Request Received from Device!
a4:d5:c2:09:5b:df
192.168.5.105
-----------------------------------
[Authenticated]: Ibrahim
Device Time (Original): 2026-06-17T09:32:14+02:00
Server Time (Received): 17‏/6‏/2026، 10:31:28 ص
-----------------------------------
Data synced to Odoo: {
  status: 'success',
  data: [ { device_id: '5', status: 'check_in_created' } ]
}
[FIRST IN]: Ibrahim (ID: 5)
187Request Received from Device!
a4:d5:c2:09:5b:df
192.168.5.105
188Request Received from Device!
a4:d5:c2:09:5b:df
192.168.5.105
189Request Received from Device!
a4:d5:c2:09:5b:df
192.168.5.105
-----------------------------------
[Authenticated]: Zakaria Elmagdmi
Device Time (Original): 2026-06-17T10:24:56+02:00
Server Time (Received): 17‏/6‏/2026، 11:24:09 ص
-----------------------------------
Data synced to Odoo: {
  status: 'success',
  data: [ { device_id: '11', status: 'check_in_created' } ]
}
[FIRST IN]: Zakaria Elmagdmi (ID: 11)
190Request Received from Device!
a4:d5:c2:09:5b:df
192.168.5.105
191Request Received from Device!
a4:d5:c2:09:5b:df
192.168.5.105
192Request Received from Device!
a4:d5:c2:09:5b:df
192.168.5.105
-----------------------------------
[Authenticated]: JUMA ELALLUS
Device Time (Original): 2026-06-17T10:38:06+02:00
Server Time (Received): 17‏/6‏/2026، 11:37:19 ص
-----------------------------------
Data synced to Odoo: {
  status: 'success',
  data: [ { device_id: '1', status: 'check_in_created' } ]
}
[FIRST IN]: JUMA ELALLUS (ID: 1)
193Request Received from Device!
a4:d5:c2:09:5b:df
192.168.5.105
194Request Received from Device!
a4:d5:c2:09:5b:df
192.168.5.105
-----------------------------------
[Authenticated]: JUMA ELALLUS
Device Time (Original): 2026-06-17T10:38:09+02:00
Server Time (Received): 17‏/6‏/2026، 11:37:22 ص
-----------------------------------
[UPDATE LAST]: JUMA ELALLUS (ID: 1)
195Request Received from Device!
a4:d5:c2:09:5b:df
192.168.5.105
196Request Received from Device!
a4:d5:c2:09:5b:df
192.168.5.105
-----------------------------------
[Authenticated]: Siraj Kashoukh
Device Time (Original): 2026-06-17T10:55:47+02:00
Server Time (Received): 17‏/6‏/2026، 11:55:01 ص
-----------------------------------
Data synced to Odoo: {
  status: 'success',
  data: [ { device_id: '10', status: 'check_in_created' } ]
}
[FIRST IN]: Siraj Kashoukh (ID: 10)
197Request Received from Device!
a4:d5:c2:09:5b:df
192.168.5.105
198Request Received from Device!
a4:d5:c2:09:5b:df
192.168.5.105
199Request Received from Device!
a4:d5:c2:09:5b:df
192.168.5.105
-----------------------------------
[Authenticated]: Morad Alfurjani
Device Time (Original): 2026-06-17T14:57:38+02:00
Server Time (Received): 17‏/6‏/2026، 3:56:51 م
-----------------------------------
Data synced to Odoo: {
  status: 'success',
  data: [ { device_id: '15', status: 'check_in_created' } ]
}
[FIRST IN]: Morad Alfurjani (ID: 15)
200Request Received from Device!
a4:d5:c2:09:5b:df
192.168.5.105
201Request Received from Device!
a4:d5:c2:09:5b:df
192.168.5.105
202Request Received from Device!
a4:d5:c2:09:5b:df
192.168.5.105
-----------------------------------
[Authenticated]: Zakaria Elmagdmi
Device Time (Original): 2026-06-17T15:26:06+02:00
Server Time (Received): 17‏/6‏/2026، 4:25:19 م
-----------------------------------
[UPDATE LAST]: Zakaria Elmagdmi (ID: 11)
203Request Received from Device!
a4:d5:c2:09:5b:df
192.168.5.105
204Request Received from Device!
a4:d5:c2:09:5b:df
192.168.5.105
-----------------------------------
[Authenticated]: Siraj Kashoukh
Device Time (Original): 2026-06-17T15:26:09+02:00
Server Time (Received): 17‏/6‏/2026، 4:25:22 م
-----------------------------------
[UPDATE LAST]: Siraj Kashoukh (ID: 10)
205Request Received from Device!
a4:d5:c2:09:5b:df
192.168.5.105
206Request Received from Device!
a4:d5:c2:09:5b:df
192.168.5.105
-----------------------------------
[Authenticated]: Hatem  Talha
Device Time (Original): 2026-06-17T15:27:51+02:00
Server Time (Received): 17‏/6‏/2026، 4:27:05 م
-----------------------------------
[UPDATE LAST]: Hatem  Talha (ID: 12)
207Request Received from Device!
a4:d5:c2:09:5b:df
192.168.5.105
208Request Received from Device!
a4:d5:c2:09:5b:df
192.168.5.105
209Request Received from Device!
a4:d5:c2:09:5b:df
192.168.5.105
-----------------------------------
[Authenticated]: Abdulhafith Abuighrara
Device Time (Original): 2026-06-17T15:30:57+02:00
Server Time (Received): 17‏/6‏/2026، 4:30:10 م
-----------------------------------
[UPDATE LAST]: Abdulhafith Abuighrara (ID: 13)
210Request Received from Device!
a4:d5:c2:09:5b:df
192.168.5.105
211Request Received from Device!
a4:d5:c2:09:5b:df
192.168.5.105
212Request Received from Device!
a4:d5:c2:09:5b:df
192.168.5.105
-----------------------------------
[Authenticated]: Ibrahim
Device Time (Original): 2026-06-17T15:34:58+02:00
Server Time (Received): 17‏/6‏/2026، 4:34:11 م
-----------------------------------
[UPDATE LAST]: Ibrahim (ID: 5)
213Request Received from Device!
a4:d5:c2:09:5b:df
192.168.5.105
214Request Received from Device!
a4:d5:c2:09:5b:df
192.168.5.105
215Request Received from Device!
a4:d5:c2:09:5c:46
192.168.5.103
-----------------------------------
[Authenticated]: SEFAW
Device Time (Original): 2026-06-17T15:47:11+02:00
Server Time (Received): 17‏/6‏/2026، 4:45:42 م
-----------------------------------
[UPDATE LAST]: SEFAW (ID: 8)
216Request Received from Device!
a4:d5:c2:09:5c:46
192.168.5.103
217Request Received from Device!
a4:d5:c2:09:5c:46
192.168.5.103
Compact done
Check Out Data synced to Odoo: {
  status: 'success',
  data: [
    { device_id: '1', status: 'check_out_updated' },
    { device_id: '5', status: 'check_out_updated' },
    { device_id: '8', status: 'check_out_updated' },
    { device_id: '10', status: 'check_out_updated' },
    { device_id: '11', status: 'check_out_updated' },
    { device_id: '12', status: 'check_out_updated' },
    { device_id: '13', status: 'check_out_updated' },
    { device_id: '15', status: 'no_valid_checkout' },
    { device_id: '18', status: 'no_valid_checkout' },
    { device_id: '20', status: 'no_valid_checkout' }
  ]
}
Cache cleared successfully
218Request Received from Device!
a4:d5:c2:09:5b:df
192.168.5.105
-----------------------------------
[Authenticated]: Zahra Alhrari
Device Time (Original): 2026-06-18T08:55:20+02:00
Server Time (Received): 18‏/6‏/2026، 9:54:32 ص
-----------------------------------
Data synced to Odoo: {
  status: 'success',
  data: [ { device_id: '17', status: 'check_in_created' } ]
}
[FIRST IN]: Zahra Alhrari (ID: 17)
219Request Received from Device!
a4:d5:c2:09:5b:df
192.168.5.105
220Request Received from Device!
a4:d5:c2:09:5b:df
192.168.5.105
221Request Received from Device!
a4:d5:c2:09:5b:df
192.168.5.105
-----------------------------------
[Authenticated]: Asma Rhoma
Device Time (Original): 2026-06-18T09:02:31+02:00
Server Time (Received): 18‏/6‏/2026، 10:01:42 ص
-----------------------------------
Data synced to Odoo: {
  status: 'success',
  data: [ { device_id: '18', status: 'check_in_created' } ]
}
[FIRST IN]: Asma Rhoma (ID: 18)
222Request Received from Device!
a4:d5:c2:09:5b:df
192.168.5.105
223Request Received from Device!
a4:d5:c2:09:5b:df
192.168.5.105
224Request Received from Device!
a4:d5:c2:09:5b:df
192.168.5.105
-----------------------------------
[Authenticated]: Ibrahim
Device Time (Original): 2026-06-18T09:12:19+02:00
Server Time (Received): 18‏/6‏/2026، 10:11:31 ص
-----------------------------------
Data synced to Odoo: {
  status: 'success',
  data: [ { device_id: '5', status: 'check_in_created' } ]
}
[FIRST IN]: Ibrahim (ID: 5)
225Request Received from Device!
a4:d5:c2:09:5b:df
192.168.5.105
226Request Received from Device!
a4:d5:c2:09:5b:df
192.168.5.105
227Request Received from Device!
a4:d5:c2:09:5b:df
192.168.5.105
-----------------------------------
[Authenticated]: Hatem  Talha
Device Time (Original): 2026-06-18T09:21:00+02:00
Server Time (Received): 18‏/6‏/2026، 10:20:11 ص
-----------------------------------
Data synced to Odoo: {
  status: 'success',
  data: [ { device_id: '12', status: 'check_in_created' } ]
}
[FIRST IN]: Hatem  Talha (ID: 12)
228Request Received from Device!
a4:d5:c2:09:5b:df
192.168.5.105
229Request Received from Device!
a4:d5:c2:09:5b:df
192.168.5.105
230Request Received from Device!
a4:d5:c2:09:5c:46
192.168.5.103
-----------------------------------
[Authenticated]: Aseel Elayeb
Device Time (Original): 2026-06-18T09:26:12+02:00
Server Time (Received): 18‏/6‏/2026، 10:24:41 ص
-----------------------------------
Data synced to Odoo: {
  status: 'success',
  data: [ { device_id: '4', status: 'check_in_created' } ]
}
[FIRST IN]: Aseel Elayeb (ID: 4)
231Request Received from Device!
a4:d5:c2:09:5c:46
192.168.5.103
232Request Received from Device!
a4:d5:c2:09:5c:46
192.168.5.103
233Request Received from Device!
a4:d5:c2:09:5b:df
192.168.5.105
-----------------------------------
[Authenticated]: Abdulhafith Abuighrara
Device Time (Original): 2026-06-18T09:29:02+02:00
Server Time (Received): 18‏/6‏/2026، 10:28:13 ص
-----------------------------------
[FIRST IN]: Abdulhafith Abuighrara (ID: 13)
234Request Received from Device!
a4:d5:c2:09:5b:df
192.168.5.105
235Request Received from Device!
a4:d5:c2:09:5b:df
192.168.5.105
236Request Received from Device!
a4:d5:c2:09:5b:df
192.168.5.105
-----------------------------------
[Authenticated]: RADWAN
Device Time (Original): 2026-06-18T09:29:45+02:00
Server Time (Received): 18‏/6‏/2026، 10:28:56 ص
-----------------------------------
237Request Received from Device!
a4:d5:c2:09:5b:df
192.168.5.105
-----------------------------------
[Authenticated]: RADWAN
Device Time (Original): 2026-06-18T09:29:45+02:00
Server Time (Received): 18‏/6‏/2026، 10:29:02 ص
-----------------------------------
[UPDATE LAST]: RADWAN (ID: 20)
238Request Received from Device!
a4:d5:c2:09:5b:df
192.168.5.105
239Request Received from Device!
a4:d5:c2:09:5b:df
192.168.5.105
Data synced to Odoo: {
  status: 'success',
  data: [ { device_id: '20', status: 'check_in_created' } ]
}
[FIRST IN]: RADWAN (ID: 20)
240Request Received from Device!
a4:d5:c2:09:5b:df
192.168.5.105
-----------------------------------
[Authenticated]: Zakaria Elmagdmi
Device Time (Original): 2026-06-18T09:54:22+02:00
Server Time (Received): 18‏/6‏/2026، 10:53:33 ص
-----------------------------------
Data synced to Odoo: {
  status: 'success',
  data: [ { device_id: '11', status: 'check_in_created' } ]
}
[FIRST IN]: Zakaria Elmagdmi (ID: 11)
241Request Received from Device!
a4:d5:c2:09:5b:df
192.168.5.105
242Request Received from Device!
a4:d5:c2:09:5b:df
192.168.5.105
243Request Received from Device!
a4:d5:c2:09:5c:46
192.168.5.103
-----------------------------------
[Authenticated]: SEFAW
Device Time (Original): 2026-06-18T10:05:39+02:00
Server Time (Received): 18‏/6‏/2026، 11:04:09 ص
-----------------------------------
Data synced to Odoo: {
  status: 'success',
  data: [ { device_id: '8', status: 'check_in_created' } ]
}
[FIRST IN]: SEFAW (ID: 8)
244Request Received from Device!
a4:d5:c2:09:5c:46
192.168.5.103
245Request Received from Device!
a4:d5:c2:09:5c:46
192.168.5.103
246Request Received from Device!
a4:d5:c2:09:5b:df
192.168.5.105
247Request Received from Device!
a4:d5:c2:09:5b:df
192.168.5.105
248Request Received from Device!
a4:d5:c2:09:5c:46
192.168.5.103
249Request Received from Device!
a4:d5:c2:09:5c:46
192.168.5.103
250Request Received from Device!
a4:d5:c2:09:5b:df
192.168.5.105
-----------------------------------
[Authenticated]: Siraj Kashoukh
Device Time (Original): 2026-06-18T11:12:59+02:00
Server Time (Received): 18‏/6‏/2026، 12:12:10 م
-----------------------------------
Data synced to Odoo: {
  status: 'success',
  data: [ { device_id: '10', status: 'check_in_created' } ]
}
[FIRST IN]: Siraj Kashoukh (ID: 10)
251Request Received from Device!
a4:d5:c2:09:5b:df
192.168.5.105
252Request Received from Device!
a4:d5:c2:09:5b:df
192.168.5.105
253Request Received from Device!
a4:d5:c2:09:5c:46
192.168.5.103
-----------------------------------
[Authenticated]: JUMA ELALLUS
Device Time (Original): 2026-06-18T13:08:22+02:00
Server Time (Received): 18‏/6‏/2026، 2:06:51 م
-----------------------------------
Data synced to Odoo: {
  status: 'success',
  data: [ { device_id: '1', status: 'employee_not_found' } ]
}
[FIRST IN]: JUMA ELALLUS (ID: 1)
254Request Received from Device!
a4:d5:c2:09:5c:46
192.168.5.103
255Request Received from Device!
a4:d5:c2:09:5c:46
192.168.5.103
256Request Received from Device!
a4:d5:c2:09:5b:df
192.168.5.105
257Request Received from Device!
a4:d5:c2:09:5c:46
192.168.5.103
-----------------------------------
[Authenticated]: SEFAW
Device Time (Original): 2026-06-18T14:50:14+02:00
Server Time (Received): 18‏/6‏/2026، 3:48:43 م
-----------------------------------
[UPDATE LAST]: SEFAW (ID: 8)
258Request Received from Device!
a4:d5:c2:09:5c:46
192.168.5.103
259Request Received from Device!
a4:d5:c2:09:5c:46
192.168.5.103
260Request Received from Device!
a4:d5:c2:09:5b:df
192.168.5.105
-----------------------------------
[Authenticated]: Zahra Alhrari
Device Time (Original): 2026-06-18T15:05:56+02:00
Server Time (Received): 18‏/6‏/2026، 4:05:08 م
-----------------------------------
[UPDATE LAST]: Zahra Alhrari (ID: 17)
261Request Received from Device!
a4:d5:c2:09:5b:df
192.168.5.105
262Request Received from Device!
a4:d5:c2:09:5b:df
192.168.5.105
263Request Received from Device!
a4:d5:c2:09:5b:df
192.168.5.105
-----------------------------------
[Authenticated]: Abdulhafith Abuighrara
Device Time (Original): 2026-06-18T15:25:15+02:00
Server Time (Received): 18‏/6‏/2026، 4:24:27 م
-----------------------------------
[UPDATE LAST]: Abdulhafith Abuighrara (ID: 13)
264Request Received from Device!
a4:d5:c2:09:5b:df
192.168.5.105
265Request Received from Device!
a4:d5:c2:09:5b:df
192.168.5.105
266Request Received from Device!
a4:d5:c2:09:5b:df
192.168.5.105
-----------------------------------
[Authenticated]: Abdulhafith Abuighrara
Device Time (Original): 2026-06-18T15:25:21+02:00
Server Time (Received): 18‏/6‏/2026، 4:24:32 م
-----------------------------------
[UPDATE LAST]: Abdulhafith Abuighrara (ID: 13)
267Request Received from Device!
a4:d5:c2:09:5b:df
192.168.5.105
268Request Received from Device!
a4:d5:c2:09:5b:df
192.168.5.105
269Request Received from Device!
a4:d5:c2:09:5b:df
192.168.5.105
-----------------------------------
[Authenticated]: Zakaria Elmagdmi
Device Time (Original): 2026-06-18T15:25:55+02:00
Server Time (Received): 18‏/6‏/2026، 4:25:06 م
-----------------------------------
[UPDATE LAST]: Zakaria Elmagdmi (ID: 11)
270Request Received from Device!
a4:d5:c2:09:5b:df
192.168.5.105
271Request Received from Device!
a4:d5:c2:09:5b:df
192.168.5.105
272Request Received from Device!
a4:d5:c2:09:5b:df
192.168.5.105
-----------------------------------
[Authenticated]: Siraj Kashoukh
Device Time (Original): 2026-06-18T15:26:41+02:00
Server Time (Received): 18‏/6‏/2026، 4:25:53 م
-----------------------------------
[UPDATE LAST]: Siraj Kashoukh (ID: 10)
273Request Received from Device!
a4:d5:c2:09:5b:df
192.168.5.105
274Request Received from Device!
a4:d5:c2:09:5b:df
192.168.5.105
275Request Received from Device!
a4:d5:c2:09:5b:df
192.168.5.105
-----------------------------------
[Authenticated]: Hatem  Talha
Device Time (Original): 2026-06-18T15:26:52+02:00
Server Time (Received): 18‏/6‏/2026، 4:26:03 م
-----------------------------------
[UPDATE LAST]: Hatem  Talha (ID: 12)
276Request Received from Device!
a4:d5:c2:09:5b:df
192.168.5.105
277Request Received from Device!
a4:d5:c2:09:5b:df
192.168.5.105
278Request Received from Device!
a4:d5:c2:09:5b:df
192.168.5.105
-----------------------------------
[Authenticated]: Asma Rhoma
Device Time (Original): 2026-06-18T15:27:23+02:00
Server Time (Received): 18‏/6‏/2026، 4:26:34 م
-----------------------------------
[UPDATE LAST]: Asma Rhoma (ID: 18)
279Request Received from Device!
a4:d5:c2:09:5b:df
192.168.5.105
280Request Received from Device!
a4:d5:c2:09:5b:df
192.168.5.105
281Request Received from Device!
a4:d5:c2:09:5b:df
192.168.5.105
-----------------------------------
[Authenticated]: Ibrahim
Device Time (Original): 2026-06-18T15:32:03+02:00
Server Time (Received): 18‏/6‏/2026، 4:31:13 م
-----------------------------------
[UPDATE LAST]: Ibrahim (ID: 5)
282Request Received from Device!
a4:d5:c2:09:5b:df
192.168.5.105
283Request Received from Device!
a4:d5:c2:09:5b:df
192.168.5.105
Compact done
Check Out Data synced to Odoo: {
  status: 'success',
  data: [
    { device_id: '1', status: 'employee_not_found' },
    { device_id: '4', status: 'no_valid_checkout' },
    { device_id: '5', status: 'check_out_updated' },
    { device_id: '8', status: 'check_out_updated' },
    { device_id: '10', status: 'check_out_updated' },
    { device_id: '11', status: 'check_out_updated' },
    { device_id: '12', status: 'check_out_updated' },
    { device_id: '13', status: 'check_in_created' },
    { device_id: '17', status: 'check_out_updated' },
    { device_id: '18', status: 'check_out_updated' },
    { device_id: '20', status: 'no_valid_checkout' }
  ]
}
Cache cleared successfully
NODE PRIORITY SETED TO HIGH
Server running on: http://localhost:3000
1Request Received from Device!
a4:d5:c2:09:5c:46
192.168.5.103
DB => Database Connection Success
2Request Received from Device!
a4:d5:c2:09:5c:46
192.168.5.103
3Request Received from Device!
a4:d5:c2:09:5b:df
192.168.5.105
4Request Received from Device!
a4:d5:c2:09:5b:df
192.168.5.105
NODE PRIORITY SETED TO HIGH
Server running on: http://localhost:3000
DB => Database Connection Success
1Request Received from Device!
a4:d5:c2:09:5b:df
192.168.5.105
2Request Received from Device!
a4:d5:c2:09:5c:46
192.168.5.103
3Request Received from Device!
a4:d5:c2:09:5b:df
192.168.5.105
4Request Received from Device!
a4:d5:c2:09:5c:46
192.168.5.103
5Request Received from Device!
a4:d5:c2:09:5b:df
192.168.5.105
6Request Received from Device!
a4:d5:c2:09:5c:46
192.168.5.103
7Request Received from Device!
a4:d5:c2:09:5b:df
192.168.5.105
8Request Received from Device!
a4:d5:c2:09:5c:46
192.168.5.103
9Request Received from Device!
a4:d5:c2:09:5c:46
192.168.5.103
10Request Received from Device!
a4:d5:c2:09:5b:df
192.168.5.105
11Request Received from Device!
a4:d5:c2:09:5b:df
192.168.5.105
-----------------------------------
[Authenticated]: Zahra Alhrari
Device Time (Original): 2026-06-21T07:56:31+02:00
Server Time (Received): 21‏/6‏/2026، 8:56:41 ص
-----------------------------------
[
  'session_id=051QDY8xXj23Y8Kb5U2K1hChJBFFpCm6JjEXrynJHNgzGfL-0T0RmQsYuQnk-ZS3us2oGfYSQh6Mq-_La8hK; Expires=Mon, 21 Jun 2027 05:56:42 GMT; Max-Age=604800; HttpOnly; Path=/',
  'session_id=051QDY8xXj23Y8Kb5U2K1hChJBFFpCm6JjEXrynJHNgzGfL-0T0RmQsYuQnk-ZS3us2oGfYSQh6Mq-_La8hK; Expires=Mon, 21 Jun 2027 05:56:42 GMT; Max-Age=604800; HttpOnly; Path=/'
]
Logged into Odoo successfully!
12Request Received from Device!
a4:d5:c2:09:5c:46
192.168.5.103
13Request Received from Device!
a4:d5:c2:09:5c:46
192.168.5.103
Data synced to Odoo: {
  status: 'success',
  data: [ { device_id: '17', status: 'check_in_created' } ]
}
[FIRST IN]: Zahra Alhrari (ID: 17)
14Request Received from Device!
a4:d5:c2:09:5b:df
192.168.5.105
15Request Received from Device!
a4:d5:c2:09:5b:df
192.168.5.105
16Request Received from Device!
a4:d5:c2:09:5c:46
192.168.5.147
17Request Received from Device!
a4:d5:c2:09:5b:df
192.168.5.105
18Request Received from Device!
a4:d5:c2:09:5c:46
192.168.5.103
19Request Received from Device!
a4:d5:c2:09:5b:df
192.168.5.105
20Request Received from Device!
a4:d5:c2:09:5b:df
192.168.5.105
21Request Received from Device!
a4:d5:c2:09:5b:df
192.168.5.105
-----------------------------------
[Authenticated]: Asma Rhoma
Device Time (Original): 2026-06-21T08:41:28+02:00
Server Time (Received): 21‏/6‏/2026، 9:40:33 ص
-----------------------------------
Data synced to Odoo: {
  status: 'success',
  data: [ { device_id: '18', status: 'check_in_created' } ]
}
[FIRST IN]: Asma Rhoma (ID: 18)
22Request Received from Device!
a4:d5:c2:09:5b:df
192.168.5.105
23Request Received from Device!
a4:d5:c2:09:5b:df
192.168.5.105
-----------------------------------
[Authenticated]: Asma Rhoma
Device Time (Original): 2026-06-21T08:41:32+02:00
Server Time (Received): 21‏/6‏/2026، 9:40:37 ص
-----------------------------------
[UPDATE LAST]: Asma Rhoma (ID: 18)
24Request Received from Device!
a4:d5:c2:09:5b:df
192.168.5.105
25Request Received from Device!
a4:d5:c2:09:5c:46
192.168.5.103
26Request Received from Device!
a4:d5:c2:09:5b:df
192.168.5.105
-----------------------------------
[Authenticated]: Zahra Alhrari
Device Time (Original): 2026-06-21T08:47:03+02:00
Server Time (Received): 21‏/6‏/2026، 9:46:06 ص
-----------------------------------
[UPDATE LAST]: Zahra Alhrari (ID: 17)
27Request Received from Device!
a4:d5:c2:09:5b:df
192.168.5.105
28Request Received from Device!
a4:d5:c2:09:5b:df
192.168.5.105
29Request Received from Device!
a4:d5:c2:09:5b:df
192.168.5.105
-----------------------------------
[Authenticated]: Zahra Alhrari
Device Time (Original): 2026-06-21T08:47:18+02:00
Server Time (Received): 21‏/6‏/2026، 9:46:21 ص
-----------------------------------
[UPDATE LAST]: Zahra Alhrari (ID: 17)
30Request Received from Device!
a4:d5:c2:09:5b:df
192.168.5.105
31Request Received from Device!
a4:d5:c2:09:5b:df
192.168.5.105
32Request Received from Device!
a4:d5:c2:09:5b:df
192.168.5.105
-----------------------------------
[Authenticated]: Zahra Alhrari
Device Time (Original): 2026-06-21T09:01:12+02:00
Server Time (Received): 21‏/6‏/2026، 10:00:16 ص
-----------------------------------
[UPDATE LAST]: Zahra Alhrari (ID: 17)
33Request Received from Device!
a4:d5:c2:09:5b:df
192.168.5.105
34Request Received from Device!
a4:d5:c2:09:5b:df
192.168.5.105
-----------------------------------
[Authenticated]: Zahra Alhrari
Device Time (Original): 2026-06-21T09:01:17+02:00
Server Time (Received): 21‏/6‏/2026، 10:00:20 ص
-----------------------------------
[UPDATE LAST]: Zahra Alhrari (ID: 17)
35Request Received from Device!
a4:d5:c2:09:5b:df
192.168.5.105
36Request Received from Device!
a4:d5:c2:09:5b:df
192.168.5.105
-----------------------------------
[Authenticated]: Abdellmalek Ramadan
Device Time (Original): 2026-06-21T09:13:27+02:00
Server Time (Received): 21‏/6‏/2026، 10:12:31 ص
-----------------------------------
Data synced to Odoo: {
  status: 'success',
  data: [ { device_id: '14', status: 'check_in_created' } ]
}
[FIRST IN]: Abdellmalek Ramadan (ID: 14)
37Request Received from Device!
a4:d5:c2:09:5b:df
192.168.5.105
38Request Received from Device!
a4:d5:c2:09:5b:df
192.168.5.105
39Request Received from Device!
a4:d5:c2:09:5b:df
192.168.5.105
-----------------------------------
[Authenticated]: Abdellmalek Ramadan
Device Time (Original): 2026-06-21T09:13:36+02:00
Server Time (Received): 21‏/6‏/2026، 10:12:40 ص
-----------------------------------
[UPDATE LAST]: Abdellmalek Ramadan (ID: 14)
40Request Received from Device!
a4:d5:c2:09:5b:df
192.168.5.105
41Request Received from Device!
a4:d5:c2:09:5b:df
192.168.5.105
42Request Received from Device!
a4:d5:c2:09:5b:df
192.168.5.105
-----------------------------------
[Authenticated]: Abdulhafith Abuighrara
Device Time (Original): 2026-06-21T09:15:01+02:00
Server Time (Received): 21‏/6‏/2026، 10:14:05 ص
-----------------------------------
Data synced to Odoo: {
  status: 'success',
  data: [ { device_id: '13', status: 'check_in_created' } ]
}
[FIRST IN]: Abdulhafith Abuighrara (ID: 13)
43Request Received from Device!
a4:d5:c2:09:5b:df
192.168.5.105
44Request Received from Device!
a4:d5:c2:09:5b:df
192.168.5.105
45Request Received from Device!
a4:d5:c2:09:5b:df
192.168.5.105
-----------------------------------
[Authenticated]: Hatem  Talha
Device Time (Original): 2026-06-21T09:16:53+02:00
Server Time (Received): 21‏/6‏/2026، 10:15:56 ص
-----------------------------------
Data synced to Odoo: {
  status: 'success',
  data: [ { device_id: '12', status: 'check_in_created' } ]
}
[FIRST IN]: Hatem  Talha (ID: 12)
46Request Received from Device!
a4:d5:c2:09:5b:df
192.168.5.105
47Request Received from Device!
a4:d5:c2:09:5b:df
192.168.5.105
48Request Received from Device!
a4:d5:c2:09:5b:df
192.168.5.105
-----------------------------------
[Authenticated]: RADWAN
Device Time (Original): 2026-06-21T09:25:20+02:00
Server Time (Received): 21‏/6‏/2026، 10:24:23 ص
-----------------------------------
Data synced to Odoo: {
  status: 'success',
  data: [ { device_id: '20', status: 'check_in_created' } ]
}
[FIRST IN]: RADWAN (ID: 20)
49Request Received from Device!
a4:d5:c2:09:5b:df
192.168.5.105
50Request Received from Device!
a4:d5:c2:09:5b:df
192.168.5.105
51Request Received from Device!
a4:d5:c2:09:5b:df
192.168.5.105
-----------------------------------
[Authenticated]: Ibrahim
Device Time (Original): 2026-06-21T09:31:37+02:00
Server Time (Received): 21‏/6‏/2026، 10:30:41 ص
-----------------------------------
Data synced to Odoo: {
  status: 'success',
  data: [ { device_id: '5', status: 'check_in_created' } ]
}
[FIRST IN]: Ibrahim (ID: 5)
52Request Received from Device!
a4:d5:c2:09:5b:df
192.168.5.105
53Request Received from Device!
a4:d5:c2:09:5b:df
192.168.5.105
54Request Received from Device!
a4:d5:c2:09:5b:df
192.168.5.105
-----------------------------------
[Authenticated]: Morad Alfurjani
Device Time (Original): 2026-06-21T10:05:56+02:00
Server Time (Received): 21‏/6‏/2026، 11:05:00 ص
-----------------------------------
Data synced to Odoo: {
  status: 'success',
  data: [ { device_id: '15', status: 'check_in_created' } ]
}
[FIRST IN]: Morad Alfurjani (ID: 15)
55Request Received from Device!
a4:d5:c2:09:5b:df
192.168.5.105
56Request Received from Device!
a4:d5:c2:09:5b:df
192.168.5.105
57Request Received from Device!
a4:d5:c2:09:5b:df
192.168.5.105
-----------------------------------
[Authenticated]: RADWAN
Device Time (Original): 2026-06-21T13:09:37+02:00
Server Time (Received): 21‏/6‏/2026، 2:08:41 م
-----------------------------------
[UPDATE LAST]: RADWAN (ID: 20)
58Request Received from Device!
a4:d5:c2:09:5b:df
192.168.5.105
59Request Received from Device!
a4:d5:c2:09:5b:df
192.168.5.105
60Request Received from Device!
a4:d5:c2:09:5c:46
192.168.5.103
-----------------------------------
[Authenticated]: SEFAW
Device Time (Original): 2026-06-21T13:18:16+02:00
Server Time (Received): 21‏/6‏/2026، 2:16:35 م
-----------------------------------
Data synced to Odoo: {
  status: 'success',
  data: [ { device_id: '8', status: 'check_in_created' } ]
}
[FIRST IN]: SEFAW (ID: 8)
61Request Received from Device!
a4:d5:c2:09:5c:46
192.168.5.103
62Request Received from Device!
a4:d5:c2:09:5c:46
192.168.5.103
63Request Received from Device!
a4:d5:c2:09:5b:df
192.168.5.105
-----------------------------------
[Authenticated]: Zahra Alhrari
Device Time (Original): 2026-06-21T13:58:55+02:00
Server Time (Received): 21‏/6‏/2026، 2:57:58 م
-----------------------------------
[UPDATE LAST]: Zahra Alhrari (ID: 17)
64Request Received from Device!
a4:d5:c2:09:5b:df
192.168.5.105
65Request Received from Device!
a4:d5:c2:09:5b:df
192.168.5.105
66Request Received from Device!
a4:d5:c2:09:5b:df
192.168.5.105
-----------------------------------
[Authenticated]: Zahra Alhrari
Device Time (Original): 2026-06-21T15:01:32+02:00
Server Time (Received): 21‏/6‏/2026، 4:00:36 م
-----------------------------------
[UPDATE LAST]: Zahra Alhrari (ID: 17)
67Request Received from Device!
a4:d5:c2:09:5b:df
192.168.5.105
68Request Received from Device!
a4:d5:c2:09:5b:df
192.168.5.105
69Request Received from Device!
a4:d5:c2:09:5b:df
192.168.5.105
-----------------------------------
[Authenticated]: Asma Rhoma
Device Time (Original): 2026-06-21T15:22:20+02:00
Server Time (Received): 21‏/6‏/2026، 4:21:23 م
-----------------------------------
[UPDATE LAST]: Asma Rhoma (ID: 18)
70Request Received from Device!
a4:d5:c2:09:5b:df
192.168.5.105
71Request Received from Device!
a4:d5:c2:09:5b:df
192.168.5.105
72Request Received from Device!
a4:d5:c2:09:5b:df
192.168.5.105
-----------------------------------
[Authenticated]: Morad Alfurjani
Device Time (Original): 2026-06-21T15:25:08+02:00
Server Time (Received): 21‏/6‏/2026، 4:24:11 م
-----------------------------------
[UPDATE LAST]: Morad Alfurjani (ID: 15)
73Request Received from Device!
a4:d5:c2:09:5b:df
192.168.5.105
74Request Received from Device!
a4:d5:c2:09:5b:df
192.168.5.105
75Request Received from Device!
a4:d5:c2:09:5b:df
192.168.5.105
-----------------------------------
[Authenticated]: Hatem  Talha
Device Time (Original): 2026-06-21T15:26:21+02:00
Server Time (Received): 21‏/6‏/2026، 4:25:24 م
-----------------------------------
[UPDATE LAST]: Hatem  Talha (ID: 12)
76Request Received from Device!
a4:d5:c2:09:5b:df
192.168.5.105
77Request Received from Device!
a4:d5:c2:09:5b:df
192.168.5.105
78Request Received from Device!
a4:d5:c2:09:5b:df
192.168.5.105
-----------------------------------
[Authenticated]: Abdulhafith Abuighrara
Device Time (Original): 2026-06-21T15:26:40+02:00
Server Time (Received): 21‏/6‏/2026، 4:25:43 م
-----------------------------------
[UPDATE LAST]: Abdulhafith Abuighrara (ID: 13)
79Request Received from Device!
a4:d5:c2:09:5b:df
192.168.5.105
80Request Received from Device!
a4:d5:c2:09:5b:df
192.168.5.105
81Request Received from Device!
a4:d5:c2:09:5b:df
192.168.5.105
-----------------------------------
[Authenticated]: Abdellmalek Ramadan
Device Time (Original): 2026-06-21T15:26:59+02:00
Server Time (Received): 21‏/6‏/2026، 4:26:02 م
-----------------------------------
[UPDATE LAST]: Abdellmalek Ramadan (ID: 14)
82Request Received from Device!
a4:d5:c2:09:5b:df
192.168.5.105
83Request Received from Device!
a4:d5:c2:09:5b:df
192.168.5.105
84Request Received from Device!
a4:d5:c2:09:5b:df
192.168.5.105
-----------------------------------
[Authenticated]: Ibrahim
Device Time (Original): 2026-06-21T15:44:24+02:00
Server Time (Received): 21‏/6‏/2026، 4:43:27 م
-----------------------------------
[UPDATE LAST]: Ibrahim (ID: 5)
85Request Received from Device!
a4:d5:c2:09:5b:df
192.168.5.105
86Request Received from Device!
a4:d5:c2:09:5b:df
192.168.5.105
87Request Received from Device!
a4:d5:c2:09:5c:46
192.168.5.103
-----------------------------------
[Authenticated]: JUMA ELALLUS
Device Time (Original): 2026-06-21T23:35:04+02:00
Server Time (Received): 22‏/6‏/2026، 12:33:22 ص
-----------------------------------
Data synced to Odoo: {
  status: 'success',
  data: [ { device_id: '1', status: 'employee_not_found' } ]
}
[FIRST IN]: JUMA ELALLUS (ID: 1)
88Request Received from Device!
a4:d5:c2:09:5c:46
192.168.5.103
89Request Received from Device!
a4:d5:c2:09:5c:46
192.168.5.103
90Request Received from Device!
a4:d5:c2:09:5b:df
192.168.5.105
-----------------------------------
[Authenticated]: Zahra Alhrari
Device Time (Original): 2026-06-22T09:09:39+02:00
Server Time (Received): 22‏/6‏/2026، 10:08:40 ص
-----------------------------------
Data synced to Odoo: {
  status: 'success',
  data: [ { device_id: '17', status: 'check_out_updated' } ]
}
[FIRST IN]: Zahra Alhrari (ID: 17)
91Request Received from Device!
a4:d5:c2:09:5b:df
192.168.5.105
92Request Received from Device!
a4:d5:c2:09:5b:df
192.168.5.105
93Request Received from Device!
a4:d5:c2:09:5b:df
192.168.5.105
-----------------------------------
[Authenticated]: Asma Rhoma
Device Time (Original): 2026-06-22T09:12:01+02:00
Server Time (Received): 22‏/6‏/2026، 10:11:03 ص
-----------------------------------
Data synced to Odoo: {
  status: 'success',
  data: [ { device_id: '18', status: 'check_out_updated' } ]
}
[FIRST IN]: Asma Rhoma (ID: 18)
94Request Received from Device!
a4:d5:c2:09:5b:df
192.168.5.105
95Request Received from Device!
a4:d5:c2:09:5b:df
192.168.5.105
96Request Received from Device!
a4:d5:c2:09:5b:df
192.168.5.105
-----------------------------------
[Authenticated]: Ibrahim
Device Time (Original): 2026-06-22T09:14:15+02:00
Server Time (Received): 22‏/6‏/2026، 10:13:17 ص
-----------------------------------
Data synced to Odoo: {
  status: 'success',
  data: [ { device_id: '5', status: 'check_out_updated' } ]
}
[FIRST IN]: Ibrahim (ID: 5)
97Request Received from Device!
a4:d5:c2:09:5b:df
192.168.5.105
98Request Received from Device!
a4:d5:c2:09:5b:df
192.168.5.105
99Request Received from Device!
a4:d5:c2:09:5b:df
192.168.5.105
-----------------------------------
[Authenticated]: Abdulhafith Abuighrara
Device Time (Original): 2026-06-22T09:16:18+02:00
Server Time (Received): 22‏/6‏/2026، 10:15:19 ص
-----------------------------------
Data synced to Odoo: {
  status: 'success',
  data: [ { device_id: '13', status: 'check_out_updated' } ]
}
[FIRST IN]: Abdulhafith Abuighrara (ID: 13)
100Request Received from Device!
a4:d5:c2:09:5b:df
192.168.5.105
101Request Received from Device!
a4:d5:c2:09:5b:df
192.168.5.105
-----------------------------------
[Authenticated]: Hatem  Talha
Device Time (Original): 2026-06-22T09:16:21+02:00
Server Time (Received): 22‏/6‏/2026، 10:15:23 ص
-----------------------------------
Data synced to Odoo: {
  status: 'success',
  data: [ { device_id: '12', status: 'check_out_updated' } ]
}
[FIRST IN]: Hatem  Talha (ID: 12)
102Request Received from Device!
a4:d5:c2:09:5b:df
192.168.5.105
103Request Received from Device!
a4:d5:c2:09:5b:df
192.168.5.105
-----------------------------------
[Authenticated]: Hatem  Talha
Device Time (Original): 2026-06-22T09:16:28+02:00
Server Time (Received): 22‏/6‏/2026، 10:15:29 ص
-----------------------------------
[UPDATE LAST]: Hatem  Talha (ID: 12)
104Request Received from Device!
a4:d5:c2:09:5b:df
192.168.5.105
105Request Received from Device!
a4:d5:c2:09:5b:df
192.168.5.105
-----------------------------------
[Authenticated]: Hatem  Talha
Device Time (Original): 2026-06-22T09:16:32+02:00
Server Time (Received): 22‏/6‏/2026، 10:15:33 ص
-----------------------------------
[UPDATE LAST]: Hatem  Talha (ID: 12)
106Request Received from Device!
a4:d5:c2:09:5b:df
192.168.5.105
107Request Received from Device!
a4:d5:c2:09:5c:46
192.168.5.103
-----------------------------------
[Authenticated]: SEFAW
Device Time (Original): 2026-06-22T09:17:40+02:00
Server Time (Received): 22‏/6‏/2026، 10:15:56 ص
-----------------------------------
Data synced to Odoo: {
  status: 'success',
  data: [ { device_id: '8', status: 'check_out_updated' } ]
}
[FIRST IN]: SEFAW (ID: 8)
108Request Received from Device!
a4:d5:c2:09:5c:46
192.168.5.103
109Request Received from Device!
a4:d5:c2:09:5c:46
192.168.5.103
110Request Received from Device!
a4:d5:c2:09:5b:df
192.168.5.105
-----------------------------------
[Authenticated]: Morad Alfurjani
Device Time (Original): 2026-06-22T09:53:21+02:00
Server Time (Received): 22‏/6‏/2026، 10:52:22 ص
-----------------------------------
Data synced to Odoo: {
  status: 'success',
  data: [ { device_id: '15', status: 'check_out_updated' } ]
}
[FIRST IN]: Morad Alfurjani (ID: 15)
111Request Received from Device!
a4:d5:c2:09:5b:df
192.168.5.105
112Request Received from Device!
a4:d5:c2:09:5b:df
192.168.5.105
113Request Received from Device!
a4:d5:c2:09:5b:df
192.168.5.105
-----------------------------------
[Authenticated]: RADWAN
Device Time (Original): 2026-06-22T09:55:14+02:00
Server Time (Received): 22‏/6‏/2026، 10:54:15 ص
-----------------------------------
Data synced to Odoo: {
  status: 'success',
  data: [ { device_id: '20', status: 'check_out_updated' } ]
}
[FIRST IN]: RADWAN (ID: 20)
114Request Received from Device!
a4:d5:c2:09:5b:df
192.168.5.105
115Request Received from Device!
a4:d5:c2:09:5b:df
192.168.5.105
116Request Received from Device!
a4:d5:c2:09:5b:df
192.168.5.105
-----------------------------------
[Authenticated]: Siraj Kashoukh
Device Time (Original): 2026-06-22T12:18:37+02:00
Server Time (Received): 22‏/6‏/2026، 1:17:38 م
-----------------------------------
Data synced to Odoo: {
  status: 'success',
  data: [ { device_id: '10', status: 'check_in_created' } ]
}
[FIRST IN]: Siraj Kashoukh (ID: 10)
117Request Received from Device!
a4:d5:c2:09:5b:df
192.168.5.105
118Request Received from Device!
a4:d5:c2:09:5b:df
192.168.5.105
119Request Received from Device!
a4:d5:c2:09:5b:df
192.168.5.105
-----------------------------------
[Authenticated]: RADWAN
Device Time (Original): 2026-06-22T13:15:10+02:00
Server Time (Received): 22‏/6‏/2026، 2:14:11 م
-----------------------------------
[UPDATE LAST]: RADWAN (ID: 20)
120Request Received from Device!
a4:d5:c2:09:5b:df
192.168.5.105
121Request Received from Device!
a4:d5:c2:09:5b:df
192.168.5.105
122Request Received from Device!
a4:d5:c2:09:5c:46
192.168.5.103
123Request Received from Device!
a4:d5:c2:09:5b:df
192.168.5.105
-----------------------------------
[Authenticated]: Zahra Alhrari
Device Time (Original): 2026-06-22T15:06:53+02:00
Server Time (Received): 22‏/6‏/2026، 4:05:54 م
-----------------------------------
[UPDATE LAST]: Zahra Alhrari (ID: 17)
124Request Received from Device!
a4:d5:c2:09:5b:df
192.168.5.105
125Request Received from Device!
a4:d5:c2:09:5b:df
192.168.5.105
126Request Received from Device!
a4:d5:c2:09:5b:df
192.168.5.105
-----------------------------------
[Authenticated]: Siraj Kashoukh
Device Time (Original): 2026-06-22T15:24:18+02:00
Server Time (Received): 22‏/6‏/2026، 4:23:19 م
-----------------------------------
[UPDATE LAST]: Siraj Kashoukh (ID: 10)
127Request Received from Device!
a4:d5:c2:09:5b:df
192.168.5.105
128Request Received from Device!
a4:d5:c2:09:5b:df
192.168.5.105
-----------------------------------
[Authenticated]: Siraj Kashoukh
Device Time (Original): 2026-06-22T15:24:22+02:00
Server Time (Received): 22‏/6‏/2026، 4:23:22 م
-----------------------------------
[UPDATE LAST]: Siraj Kashoukh (ID: 10)
129Request Received from Device!
a4:d5:c2:09:5b:df
192.168.5.105
-----------------------------------
[Authenticated]: Morad Alfurjani
Device Time (Original): 2026-06-22T15:24:26+02:00
Server Time (Received): 22‏/6‏/2026، 4:23:27 م
-----------------------------------
[UPDATE LAST]: Morad Alfurjani (ID: 15)
130Request Received from Device!
a4:d5:c2:09:5b:df
192.168.5.105
131Request Received from Device!
a4:d5:c2:09:5b:df
192.168.5.105
-----------------------------------
[Authenticated]: Hatem  Talha
Device Time (Original): 2026-06-22T15:25:59+02:00
Server Time (Received): 22‏/6‏/2026، 4:25:00 م
-----------------------------------
[UPDATE LAST]: Hatem  Talha (ID: 12)
132Request Received from Device!
a4:d5:c2:09:5b:df
192.168.5.105
133Request Received from Device!
a4:d5:c2:09:5b:df
192.168.5.105
134Request Received from Device!
a4:d5:c2:09:5b:df
192.168.5.105
-----------------------------------
[Authenticated]: Abdulhafith Abuighrara
Device Time (Original): 2026-06-22T15:37:24+02:00
Server Time (Received): 22‏/6‏/2026، 4:36:25 م
-----------------------------------
[UPDATE LAST]: Abdulhafith Abuighrara (ID: 13)
135Request Received from Device!
a4:d5:c2:09:5b:df
192.168.5.105
136Request Received from Device!
a4:d5:c2:09:5b:df
192.168.5.105
137Request Received from Device!
a4:d5:c2:09:5b:df
192.168.5.105
-----------------------------------
[Authenticated]: Ibrahim
Device Time (Original): 2026-06-22T15:46:48+02:00
Server Time (Received): 22‏/6‏/2026، 4:45:49 م
-----------------------------------
[UPDATE LAST]: Ibrahim (ID: 5)
138Request Received from Device!
a4:d5:c2:09:5b:df
192.168.5.105
139Request Received from Device!
a4:d5:c2:09:5b:df
192.168.5.105
140Request Received from Device!
a4:d5:c2:09:5b:df
192.168.5.105
-----------------------------------
[Authenticated]: Zahra Alhrari
Device Time (Original): 2026-06-23T08:51:47+02:00
Server Time (Received): 23‏/6‏/2026، 9:50:46 ص
-----------------------------------
Data synced to Odoo: {
  status: 'success',
  data: [ { device_id: '17', status: 'check_in_created' } ]
}
[FIRST IN]: Zahra Alhrari (ID: 17)
141Request Received from Device!
a4:d5:c2:09:5b:df
192.168.5.105
142Request Received from Device!
a4:d5:c2:09:5b:df
192.168.5.105
143Request Received from Device!
a4:d5:c2:09:5b:df
192.168.5.105
-----------------------------------
[Authenticated]: Siraj Kashoukh
Device Time (Original): 2026-06-23T08:58:16+02:00
Server Time (Received): 23‏/6‏/2026، 9:57:15 ص
-----------------------------------
Data synced to Odoo: {
  status: 'success',
  data: [ { device_id: '10', status: 'check_out_updated' } ]
}
[FIRST IN]: Siraj Kashoukh (ID: 10)
144Request Received from Device!
a4:d5:c2:09:5b:df
192.168.5.105
145Request Received from Device!
a4:d5:c2:09:5b:df
192.168.5.105
-----------------------------------
[Authenticated]: Siraj Kashoukh
Device Time (Original): 2026-06-23T08:58:19+02:00
Server Time (Received): 23‏/6‏/2026، 9:57:18 ص
-----------------------------------
[UPDATE LAST]: Siraj Kashoukh (ID: 10)
146Request Received from Device!
a4:d5:c2:09:5b:df
192.168.5.105
147Request Received from Device!
a4:d5:c2:09:5b:df
192.168.5.105
-----------------------------------
[Authenticated]: Morad Alfurjani
Device Time (Original): 2026-06-23T08:58:38+02:00
Server Time (Received): 23‏/6‏/2026، 9:57:36 ص
-----------------------------------
Data synced to Odoo: {
  status: 'success',
  data: [ { device_id: '15', status: 'check_in_created' } ]
}
[FIRST IN]: Morad Alfurjani (ID: 15)
148Request Received from Device!
a4:d5:c2:09:5b:df
192.168.5.105
149Request Received from Device!
a4:d5:c2:09:5b:df
192.168.5.105
150Request Received from Device!
a4:d5:c2:09:5b:df
192.168.5.105
-----------------------------------
[Authenticated]: Asma Rhoma
Device Time (Original): 2026-06-23T09:04:09+02:00
Server Time (Received): 23‏/6‏/2026، 10:03:07 ص
-----------------------------------
Data synced to Odoo: {
  status: 'success',
  data: [ { device_id: '18', status: 'check_in_created' } ]
}
[FIRST IN]: Asma Rhoma (ID: 18)
151Request Received from Device!
a4:d5:c2:09:5b:df
192.168.5.105
152Request Received from Device!
a4:d5:c2:09:5b:df
192.168.5.105
153Request Received from Device!
a4:d5:c2:09:5b:df
192.168.5.105
-----------------------------------
[Authenticated]: Abdulhafith Abuighrara
Device Time (Original): 2026-06-23T09:10:53+02:00
Server Time (Received): 23‏/6‏/2026، 10:09:51 ص
-----------------------------------
Data synced to Odoo: {
  status: 'success',
  data: [ { device_id: '13', status: 'check_in_created' } ]
}
[FIRST IN]: Abdulhafith Abuighrara (ID: 13)
154Request Received from Device!
a4:d5:c2:09:5b:df
192.168.5.105
155Request Received from Device!
a4:d5:c2:09:5b:df
192.168.5.105
156Request Received from Device!
a4:d5:c2:09:5b:df
192.168.5.105
-----------------------------------
[Authenticated]: Zakaria Elmagdmi
Device Time (Original): 2026-06-23T09:12:26+02:00
Server Time (Received): 23‏/6‏/2026، 10:11:25 ص
-----------------------------------
Data synced to Odoo: {
  status: 'success',
  data: [ { device_id: '11', status: 'check_in_created' } ]
}
[FIRST IN]: Zakaria Elmagdmi (ID: 11)
157Request Received from Device!
a4:d5:c2:09:5b:df
192.168.5.105
158Request Received from Device!
a4:d5:c2:09:5b:df
192.168.5.105
159Request Received from Device!
a4:d5:c2:09:5b:df
192.168.5.105
160Request Received from Device!
a4:d5:c2:09:5b:df
192.168.5.105
-----------------------------------
[Authenticated]: RADWAN
Device Time (Original): 2026-06-23T09:29:26+02:00
Server Time (Received): 23‏/6‏/2026، 10:28:25 ص
-----------------------------------
Data synced to Odoo: {
  status: 'success',
  data: [ { device_id: '20', status: 'check_in_created' } ]
}
[FIRST IN]: RADWAN (ID: 20)
161Request Received from Device!
a4:d5:c2:09:5b:df
192.168.5.105
162Request Received from Device!
a4:d5:c2:09:5b:df
192.168.5.105
163Request Received from Device!
a4:d5:c2:09:5b:df
192.168.5.105
-----------------------------------
[Authenticated]: Hatem  Talha
Device Time (Original): 2026-06-23T09:39:47+02:00
Server Time (Received): 23‏/6‏/2026، 10:38:46 ص
-----------------------------------
Data synced to Odoo: {
  status: 'success',
  data: [ { device_id: '12', status: 'check_in_created' } ]
}
[FIRST IN]: Hatem  Talha (ID: 12)
164Request Received from Device!
a4:d5:c2:09:5b:df
192.168.5.105
165Request Received from Device!
a4:d5:c2:09:5b:df
192.168.5.105
166Request Received from Device!
a4:d5:c2:09:5b:df
192.168.5.105
-----------------------------------
[Authenticated]: Ibrahim
Device Time (Original): 2026-06-23T09:44:22+02:00
Server Time (Received): 23‏/6‏/2026، 10:43:21 ص
-----------------------------------
Data synced to Odoo: {
  status: 'success',
  data: [ { device_id: '5', status: 'check_in_created' } ]
}
[FIRST IN]: Ibrahim (ID: 5)
167Request Received from Device!
a4:d5:c2:09:5b:df
192.168.5.105
168Request Received from Device!
a4:d5:c2:09:5b:df
192.168.5.105
169Request Received from Device!
a4:d5:c2:09:5b:df
192.168.5.105
-----------------------------------
[Authenticated]: Asma Rhoma
Device Time (Original): 2026-06-23T12:56:55+02:00
Server Time (Received): 23‏/6‏/2026، 1:55:54 م
-----------------------------------
[UPDATE LAST]: Asma Rhoma (ID: 18)
170Request Received from Device!
a4:d5:c2:09:5b:df
192.168.5.105
171Request Received from Device!
a4:d5:c2:09:5b:df
192.168.5.105
172Request Received from Device!
a4:d5:c2:09:5b:df
192.168.5.105
-----------------------------------
[Authenticated]: Siraj Kashoukh
Device Time (Original): 2026-06-23T14:50:29+02:00
Server Time (Received): 23‏/6‏/2026، 3:49:28 م
-----------------------------------
[UPDATE LAST]: Siraj Kashoukh (ID: 10)
173Request Received from Device!
a4:d5:c2:09:5b:df
192.168.5.105
174Request Received from Device!
a4:d5:c2:09:5b:df
192.168.5.105
Compact done
Check Out Data synced to Odoo: {
  status: 'error',
  message: 'Cannot create new attendance record for mohamed said, the employee was already checked in on 06/21/2026 11:18:16 AM'
}
Cache cleared successfully
175Request Received from Device!
a4:d5:c2:09:5b:df
192.168.5.105
-----------------------------------
[Authenticated]: Zahra Alhrari
Device Time (Original): 2026-06-23T15:01:24+02:00
Server Time (Received): 23‏/6‏/2026، 4:00:23 م
-----------------------------------
Data synced to Odoo: {
  status: 'error',
  message: 'Cannot create new attendance record for زهرة عياد الحراري, the employee was already checked in on 06/23/2026 01:01:24 PM'
}
[FIRST IN]: Zahra Alhrari (ID: 17)
176Request Received from Device!
a4:d5:c2:09:5b:df
192.168.5.105
177Request Received from Device!
a4:d5:c2:09:5b:df
192.168.5.105
178Request Received from Device!
a4:d5:c2:09:5b:df
192.168.5.105
-----------------------------------
[Authenticated]: Morad Alfurjani
Device Time (Original): 2026-06-23T15:20:46+02:00
Server Time (Received): 23‏/6‏/2026، 4:19:44 م
-----------------------------------
Data synced to Odoo: {
  status: 'error',
  message: 'Cannot create new attendance record for مراد محمد الفرجاني, the employee was already checked in on 06/23/2026 01:20:46 PM'
}
[FIRST IN]: Morad Alfurjani (ID: 15)
179Request Received from Device!
a4:d5:c2:09:5b:df
192.168.5.105
180Request Received from Device!
a4:d5:c2:09:5b:df
192.168.5.105
181Request Received from Device!
a4:d5:c2:09:5b:df
192.168.5.105
-----------------------------------
[Authenticated]: Zakaria Elmagdmi
Device Time (Original): 2026-06-23T15:25:28+02:00
Server Time (Received): 23‏/6‏/2026، 4:24:26 م
-----------------------------------
Data synced to Odoo: {
  status: 'error',
  message: 'Cannot create new attendance record for زكريا علي المقدمي, the employee was already checked in on 06/23/2026 01:25:28 PM'
}
[FIRST IN]: Zakaria Elmagdmi (ID: 11)
182Request Received from Device!
a4:d5:c2:09:5b:df
192.168.5.105
183Request Received from Device!
a4:d5:c2:09:5b:df
192.168.5.105
184Request Received from Device!
a4:d5:c2:09:5b:df
192.168.5.105
-----------------------------------
[Authenticated]: Asma Rhoma
Device Time (Original): 2026-06-23T15:26:23+02:00
Server Time (Received): 23‏/6‏/2026، 4:25:21 م
-----------------------------------
Data synced to Odoo: {
  status: 'error',
  message: 'Cannot create new attendance record for اسماء الناظوري, the employee was already checked in on 06/23/2026 01:26:23 PM'
}
[FIRST IN]: Asma Rhoma (ID: 18)
185Request Received from Device!
a4:d5:c2:09:5b:df
192.168.5.105
186Request Received from Device!
a4:d5:c2:09:5b:df
192.168.5.105
187Request Received from Device!
a4:d5:c2:09:5b:df
192.168.5.105
-----------------------------------
[Authenticated]: Abdulhafith Abuighrara
Device Time (Original): 2026-06-23T15:29:31+02:00
Server Time (Received): 23‏/6‏/2026، 4:28:29 م
-----------------------------------
Data synced to Odoo: {
  status: 'error',
  message: 'Cannot create new attendance record for عبدالحفيظ محمد ابوغرارة, the employee was already checked in on 06/23/2026 01:29:31 PM'
}
[FIRST IN]: Abdulhafith Abuighrara (ID: 13)
188Request Received from Device!
a4:d5:c2:09:5b:df
192.168.5.105
189Request Received from Device!
a4:d5:c2:09:5b:df
192.168.5.105
-----------------------------------
[Authenticated]: Hatem  Talha
Device Time (Original): 2026-06-23T15:29:35+02:00
Server Time (Received): 23‏/6‏/2026، 4:28:33 م
-----------------------------------
Data synced to Odoo: {
  status: 'error',
  message: 'Cannot create new attendance record for حاتم عدنان طلحة, the employee was already checked in on 06/23/2026 01:29:35 PM'
}
[FIRST IN]: Hatem  Talha (ID: 12)
190Request Received from Device!
a4:d5:c2:09:5b:df
192.168.5.105
191Request Received from Device!
a4:d5:c2:09:5b:df
192.168.5.105
-----------------------------------
[Authenticated]: Ibrahim
Device Time (Original): 2026-06-23T15:40:55+02:00
Server Time (Received): 23‏/6‏/2026، 4:39:53 م
-----------------------------------
Data synced to Odoo: {
  status: 'success',
  data: [ { device_id: '5', status: 'check_in_created' } ]
}
[FIRST IN]: Ibrahim (ID: 5)
192Request Received from Device!
a4:d5:c2:09:5b:df
192.168.5.105
193Request Received from Device!
a4:d5:c2:09:5b:df
192.168.5.105
194Request Received from Device!
a4:d5:c2:09:5c:46
192.168.5.103
-----------------------------------
[Authenticated]: SEFAW
Device Time (Original): 2026-06-23T16:47:17+02:00
Server Time (Received): 23‏/6‏/2026، 5:45:29 م
-----------------------------------
Data synced to Odoo: {
  status: 'error',
  message: 'Cannot create new attendance record for mohamed said, the employee was already checked in on 06/21/2026 11:18:16 AM'
}
[FIRST IN]: SEFAW (ID: 8)
195Request Received from Device!
a4:d5:c2:09:5c:46
192.168.5.103
196Request Received from Device!
a4:d5:c2:09:5c:46
192.168.5.103
Compact done
Check Out Data synced to Odoo: {
  status: 'success',
  data: [
    { device_id: '5', status: 'no_valid_checkout' },
    { device_id: '8', status: 'check_in_created' },
    { device_id: '11', status: 'no_valid_checkout' },
    { device_id: '12', status: 'no_valid_checkout' },
    { device_id: '13', status: 'no_valid_checkout' },
    { device_id: '15', status: 'no_valid_checkout' },
    { device_id: '17', status: 'no_valid_checkout' },
    { device_id: '18', status: 'no_valid_checkout' }
  ]
}
Cache cleared successfully
197Request Received from Device!
a4:d5:c2:09:5b:df
192.168.5.105
-----------------------------------
[Authenticated]: Zahra Alhrari
Device Time (Original): 2026-06-24T08:48:32+02:00
Server Time (Received): 24‏/6‏/2026، 9:47:28 ص
-----------------------------------
Data synced to Odoo: {
  status: 'error',
  message: 'Cannot create new attendance record for زهرة عياد الحراري, the employee was already checked in on 06/23/2026 01:01:24 PM'
}
[FIRST IN]: Zahra Alhrari (ID: 17)
198Request Received from Device!
a4:d5:c2:09:5b:df
192.168.5.105
199Request Received from Device!
a4:d5:c2:09:5b:df
192.168.5.105
200Request Received from Device!
a4:d5:c2:09:5b:df
192.168.5.105
-----------------------------------
[Authenticated]: Abdulhafith Abuighrara
Device Time (Original): 2026-06-24T09:09:21+02:00
Server Time (Received): 24‏/6‏/2026، 10:08:18 ص
-----------------------------------
Data synced to Odoo: {
  status: 'error',
  message: 'Cannot create new attendance record for عبدالحفيظ محمد ابوغرارة, the employee was already checked in on 06/23/2026 01:29:31 PM'
}
[FIRST IN]: Abdulhafith Abuighrara (ID: 13)
201Request Received from Device!
a4:d5:c2:09:5b:df
192.168.5.105
202Request Received from Device!
a4:d5:c2:09:5b:df
192.168.5.105
203Request Received from Device!
a4:d5:c2:09:5b:df
192.168.5.105
-----------------------------------
[Authenticated]: Asma Rhoma
Device Time (Original): 2026-06-24T09:09:57+02:00
Server Time (Received): 24‏/6‏/2026، 10:08:54 ص
-----------------------------------
Data synced to Odoo: {
  status: 'error',
  message: 'Cannot create new attendance record for اسماء الناظوري, the employee was already checked in on 06/23/2026 01:26:23 PM'
}
[FIRST IN]: Asma Rhoma (ID: 18)
204Request Received from Device!
a4:d5:c2:09:5b:df
192.168.5.105
205Request Received from Device!
a4:d5:c2:09:5b:df
192.168.5.105
206Request Received from Device!
a4:d5:c2:09:5b:df
192.168.5.105
-----------------------------------
[Authenticated]: Asma Rhoma
Device Time (Original): 2026-06-24T09:10:05+02:00
Server Time (Received): 24‏/6‏/2026، 10:09:02 ص
-----------------------------------
[UPDATE LAST]: Asma Rhoma (ID: 18)
207Request Received from Device!
a4:d5:c2:09:5b:df
192.168.5.105
208Request Received from Device!
a4:d5:c2:09:5b:df
192.168.5.105
209Request Received from Device!
a4:d5:c2:09:5b:df
192.168.5.105
-----------------------------------
[Authenticated]: Hatem  Talha
Device Time (Original): 2026-06-24T09:16:18+02:00
Server Time (Received): 24‏/6‏/2026، 10:15:14 ص
-----------------------------------
Data synced to Odoo: {
  status: 'error',
  message: 'Cannot create new attendance record for حاتم عدنان طلحة, the employee was already checked in on 06/23/2026 01:29:35 PM'
}
[FIRST IN]: Hatem  Talha (ID: 12)
210Request Received from Device!
a4:d5:c2:09:5b:df
192.168.5.105
211Request Received from Device!
a4:d5:c2:09:5b:df
192.168.5.105
-----------------------------------
[Authenticated]: Hatem  Talha
Device Time (Original): 2026-06-24T09:16:21+02:00
Server Time (Received): 24‏/6‏/2026، 10:15:17 ص
-----------------------------------
[UPDATE LAST]: Hatem  Talha (ID: 12)
212Request Received from Device!
a4:d5:c2:09:5b:df
192.168.5.105
213Request Received from Device!
a4:d5:c2:09:5b:df
192.168.5.105
-----------------------------------
[Authenticated]: Zakaria Elmagdmi
Device Time (Original): 2026-06-24T09:17:21+02:00
Server Time (Received): 24‏/6‏/2026، 10:16:18 ص
-----------------------------------
Data synced to Odoo: {
  status: 'error',
  message: 'Cannot create new attendance record for زكريا علي المقدمي, the employee was already checked in on 06/23/2026 01:25:28 PM'
}
[FIRST IN]: Zakaria Elmagdmi (ID: 11)
214Request Received from Device!
a4:d5:c2:09:5b:df
192.168.5.105
215Request Received from Device!
a4:d5:c2:09:5b:df
192.168.5.105
-----------------------------------
[Authenticated]: Abdulhafith Abuighrara
Device Time (Original): 2026-06-24T09:17:25+02:00
Server Time (Received): 24‏/6‏/2026، 10:16:22 ص
-----------------------------------
[UPDATE LAST]: Abdulhafith Abuighrara (ID: 13)
216Request Received from Device!
a4:d5:c2:09:5b:df
192.168.5.105
217Request Received from Device!
a4:d5:c2:09:5b:df
192.168.5.105
-----------------------------------
[Authenticated]: Ibrahim
Device Time (Original): 2026-06-24T09:21:55+02:00
Server Time (Received): 24‏/6‏/2026، 10:20:52 ص
-----------------------------------
Data synced to Odoo: {
  status: 'success',
  data: [ { device_id: '5', status: 'check_out_updated' } ]
}
[FIRST IN]: Ibrahim (ID: 5)
218Request Received from Device!
a4:d5:c2:09:5b:df
192.168.5.105
219Request Received from Device!
a4:d5:c2:09:5b:df
192.168.5.105
220Request Received from Device!
a4:d5:c2:09:5b:df
192.168.5.105
-----------------------------------
[Authenticated]: RADWAN
Device Time (Original): 2026-06-24T09:38:18+02:00
Server Time (Received): 24‏/6‏/2026، 10:37:14 ص
-----------------------------------
Data synced to Odoo: {
  status: 'success',
  data: [ { device_id: '20', status: 'check_in_created' } ]
}
[FIRST IN]: RADWAN (ID: 20)
221Request Received from Device!
a4:d5:c2:09:5b:df
192.168.5.105
222Request Received from Device!
a4:d5:c2:09:5b:df
192.168.5.105
223Request Received from Device!
a4:d5:c2:09:5b:df
192.168.5.105
-----------------------------------
[Authenticated]: Siraj Kashoukh
Device Time (Original): 2026-06-24T10:09:05+02:00
Server Time (Received): 24‏/6‏/2026، 11:08:01 ص
-----------------------------------
Data synced to Odoo: {
  status: 'success',
  data: [ { device_id: '10', status: 'check_in_created' } ]
}
[FIRST IN]: Siraj Kashoukh (ID: 10)
224Request Received from Device!
a4:d5:c2:09:5b:df
192.168.5.105
225Request Received from Device!
a4:d5:c2:09:5b:df
192.168.5.105
226Request Received from Device!
a4:d5:c2:09:5b:df
192.168.5.105
-----------------------------------
[Authenticated]: Morad Alfurjani
Device Time (Original): 2026-06-24T11:24:58+02:00
Server Time (Received): 24‏/6‏/2026، 12:23:55 م
-----------------------------------
Data synced to Odoo: {
  status: 'error',
  message: 'Cannot create new attendance record for مراد محمد الفرجاني, the employee was already checked in on 06/23/2026 01:20:46 PM'
}
[FIRST IN]: Morad Alfurjani (ID: 15)
227Request Received from Device!
a4:d5:c2:09:5b:df
192.168.5.105
228Request Received from Device!
a4:d5:c2:09:5b:df
192.168.5.105
229Request Received from Device!
a4:d5:c2:09:5b:df
192.168.5.105
-----------------------------------
[Authenticated]: RADWAN
Device Time (Original): 2026-06-24T14:04:41+02:00
Server Time (Received): 24‏/6‏/2026، 3:03:37 م
-----------------------------------
[UPDATE LAST]: RADWAN (ID: 20)
230Request Received from Device!
a4:d5:c2:09:5b:df
192.168.5.105
231Request Received from Device!
a4:d5:c2:09:5b:df
192.168.5.105
232Request Received from Device!
a4:d5:c2:09:5b:df
192.168.5.105
-----------------------------------
[Authenticated]: Zahra Alhrari
Device Time (Original): 2026-06-24T15:07:05+02:00
Server Time (Received): 24‏/6‏/2026، 4:06:01 م
-----------------------------------
[UPDATE LAST]: Zahra Alhrari (ID: 17)
233Request Received from Device!
a4:d5:c2:09:5b:df
192.168.5.105
234Request Received from Device!
a4:d5:c2:09:5b:df
192.168.5.105
235Request Received from Device!
a4:d5:c2:09:5b:df
192.168.5.105
-----------------------------------
[Authenticated]: Siraj Kashoukh
Device Time (Original): 2026-06-24T15:31:50+02:00
Server Time (Received): 24‏/6‏/2026، 4:30:46 م
-----------------------------------
[UPDATE LAST]: Siraj Kashoukh (ID: 10)
236Request Received from Device!
a4:d5:c2:09:5b:df
192.168.5.105
237Request Received from Device!
a4:d5:c2:09:5b:df
192.168.5.105
238Request Received from Device!
a4:d5:c2:09:5b:df
192.168.5.105
-----------------------------------
[Authenticated]: Asma Rhoma
Device Time (Original): 2026-06-24T15:36:51+02:00
Server Time (Received): 24‏/6‏/2026، 4:35:47 م
-----------------------------------
[UPDATE LAST]: Asma Rhoma (ID: 18)
239Request Received from Device!
a4:d5:c2:09:5b:df
192.168.5.105
240Request Received from Device!
a4:d5:c2:09:5b:df
192.168.5.105
-----------------------------------
[Authenticated]: Asma Rhoma
Device Time (Original): 2026-06-24T15:36:54+02:00
Server Time (Received): 24‏/6‏/2026، 4:35:50 م
-----------------------------------
[UPDATE LAST]: Asma Rhoma (ID: 18)
241Request Received from Device!
a4:d5:c2:09:5b:df
192.168.5.105
242Request Received from Device!
a4:d5:c2:09:5b:df
192.168.5.105
-----------------------------------
[Authenticated]: Morad Alfurjani
Device Time (Original): 2026-06-24T15:37:49+02:00
Server Time (Received): 24‏/6‏/2026، 4:36:45 م
-----------------------------------
[UPDATE LAST]: Morad Alfurjani (ID: 15)
243Request Received from Device!
a4:d5:c2:09:5b:df
192.168.5.105
244Request Received from Device!
a4:d5:c2:09:5b:df
192.168.5.105
245Request Received from Device!
a4:d5:c2:09:5b:df
192.168.5.105
-----------------------------------
[Authenticated]: Hatem  Talha
Device Time (Original): 2026-06-24T15:38:16+02:00
Server Time (Received): 24‏/6‏/2026، 4:37:12 م
-----------------------------------
[UPDATE LAST]: Hatem  Talha (ID: 12)
246Request Received from Device!
a4:d5:c2:09:5b:df
192.168.5.105
247Request Received from Device!
a4:d5:c2:09:5b:df
192.168.5.105
248Request Received from Device!
a4:d5:c2:09:5b:df
192.168.5.105
-----------------------------------
[Authenticated]: Ibrahim
Device Time (Original): 2026-06-24T15:41:06+02:00
Server Time (Received): 24‏/6‏/2026، 4:40:02 م
-----------------------------------
[UPDATE LAST]: Ibrahim (ID: 5)
249Request Received from Device!
a4:d5:c2:09:5b:df
192.168.5.105
250Request Received from Device!
a4:d5:c2:09:5b:df
192.168.5.105
-----------------------------------
[Authenticated]: Abdulhafith Abuighrara
Device Time (Original): 2026-06-24T15:41:10+02:00
Server Time (Received): 24‏/6‏/2026، 4:40:06 م
-----------------------------------
[UPDATE LAST]: Abdulhafith Abuighrara (ID: 13)
251Request Received from Device!
a4:d5:c2:09:5b:df
192.168.5.105
-----------------------------------
[Authenticated]: Abdulhafith Abuighrara
Device Time (Original): 2026-06-24T15:41:13+02:00
Server Time (Received): 24‏/6‏/2026، 4:40:09 م
-----------------------------------
[UPDATE LAST]: Abdulhafith Abuighrara (ID: 13)
252Request Received from Device!
a4:d5:c2:09:5b:df
192.168.5.105
253Request Received from Device!
a4:d5:c2:09:5b:df
192.168.5.105
254Request Received from Device!
a4:d5:c2:09:5b:df
192.168.5.105
255Request Received from Device!
a4:d5:c2:09:5c:46
192.168.5.103
256Request Received from Device!
a4:d5:c2:09:5c:46
192.168.5.103
Compact done
Check Out Data synced to Odoo: {
  status: 'success',
  data: [
    { device_id: '5', status: 'check_in_created' },
    { device_id: '10', status: 'check_out_updated' },
    { device_id: '11', status: 'check_in_created' },
    { device_id: '12', status: 'check_in_created' },
    { device_id: '13', status: 'check_in_created' },
    { device_id: '15', status: 'check_in_created' },
    { device_id: '17', status: 'check_in_created' },
    { device_id: '18', status: 'check_in_created' },
    { device_id: '20', status: 'check_out_updated' }
  ]
}
Cache cleared successfully
257Request Received from Device!
a4:d5:c2:09:5c:46
192.168.5.103
258Request Received from Device!
a4:d5:c2:09:5b:df
192.168.5.105
-----------------------------------
[Authenticated]: Zahra Alhrari
Device Time (Original): 2026-06-25T09:04:30+02:00
Server Time (Received): 25‏/6‏/2026، 10:03:25 ص
-----------------------------------
Data synced to Odoo: {
  status: 'success',
  data: [ { device_id: '17', status: 'check_in_created' } ]
}
[FIRST IN]: Zahra Alhrari (ID: 17)
259Request Received from Device!
a4:d5:c2:09:5b:df
192.168.5.105
260Request Received from Device!
a4:d5:c2:09:5b:df
192.168.5.105
261Request Received from Device!
a4:d5:c2:09:5b:df
192.168.5.105
-----------------------------------
[Authenticated]: Ibrahim
Device Time (Original): 2026-06-25T09:14:46+02:00
Server Time (Received): 25‏/6‏/2026، 10:13:41 ص
-----------------------------------
Data synced to Odoo: {
  status: 'success',
  data: [ { device_id: '5', status: 'check_in_created' } ]
}
[FIRST IN]: Ibrahim (ID: 5)
262Request Received from Device!
a4:d5:c2:09:5b:df
192.168.5.105
263Request Received from Device!
a4:d5:c2:09:5b:df
192.168.5.105
264Request Received from Device!
a4:d5:c2:09:5b:df
192.168.5.105
-----------------------------------
[Authenticated]: Hatem  Talha
Device Time (Original): 2026-06-25T09:16:04+02:00
Server Time (Received): 25‏/6‏/2026، 10:14:59 ص
-----------------------------------
Data synced to Odoo: {
  status: 'success',
  data: [ { device_id: '12', status: 'check_in_created' } ]
}
[FIRST IN]: Hatem  Talha (ID: 12)
265Request Received from Device!
a4:d5:c2:09:5b:df
192.168.5.105
266Request Received from Device!
a4:d5:c2:09:5b:df
192.168.5.105
-----------------------------------
[Authenticated]: Hatem  Talha
Device Time (Original): 2026-06-25T09:16:08+02:00
Server Time (Received): 25‏/6‏/2026، 10:15:03 ص
-----------------------------------
[UPDATE LAST]: Hatem  Talha (ID: 12)
267Request Received from Device!
a4:d5:c2:09:5b:df
192.168.5.105
268Request Received from Device!
a4:d5:c2:09:5b:df
192.168.5.105
-----------------------------------
[Authenticated]: Morad Alfurjani
Device Time (Original): 2026-06-25T09:29:05+02:00
Server Time (Received): 25‏/6‏/2026، 10:27:59 ص
-----------------------------------
Data synced to Odoo: {
  status: 'success',
  data: [ { device_id: '15', status: 'check_in_created' } ]
}
[FIRST IN]: Morad Alfurjani (ID: 15)
269Request Received from Device!
a4:d5:c2:09:5b:df
192.168.5.105
270Request Received from Device!
a4:d5:c2:09:5b:df
192.168.5.105
271Request Received from Device!
a4:d5:c2:09:5b:df
192.168.5.105
-----------------------------------
[Authenticated]: Abdulhafith Abuighrara
Device Time (Original): 2026-06-25T09:33:51+02:00
Server Time (Received): 25‏/6‏/2026، 10:32:45 ص
-----------------------------------
Data synced to Odoo: {
  status: 'success',
  data: [ { device_id: '13', status: 'check_in_created' } ]
}
[FIRST IN]: Abdulhafith Abuighrara (ID: 13)
272Request Received from Device!
a4:d5:c2:09:5b:df
192.168.5.105
273Request Received from Device!
a4:d5:c2:09:5b:df
192.168.5.105
274Request Received from Device!
a4:d5:c2:09:5b:df
192.168.5.105
-----------------------------------
[Authenticated]: Siraj Kashoukh
Device Time (Original): 2026-06-25T09:46:33+02:00
Server Time (Received): 25‏/6‏/2026، 10:45:27 ص
-----------------------------------
Data synced to Odoo: {
  status: 'success',
  data: [ { device_id: '10', status: 'check_in_created' } ]
}
[FIRST IN]: Siraj Kashoukh (ID: 10)
275Request Received from Device!
a4:d5:c2:09:5b:df
192.168.5.105
276Request Received from Device!
a4:d5:c2:09:5b:df
192.168.5.105
277Request Received from Device!
a4:d5:c2:09:5c:46
192.168.5.103
-----------------------------------
[Authenticated]: JUMA ELALLUS
Device Time (Original): 2026-06-25T09:58:00+02:00
Server Time (Received): 25‏/6‏/2026، 10:56:08 ص
-----------------------------------
Data synced to Odoo: {
  status: 'success',
  data: [ { device_id: '1', status: 'employee_not_found' } ]
}
[FIRST IN]: JUMA ELALLUS (ID: 1)
278Request Received from Device!
a4:d5:c2:09:5c:46
192.168.5.103
279Request Received from Device!
a4:d5:c2:09:5c:46
192.168.5.103
280Request Received from Device!
a4:d5:c2:09:5b:df
192.168.5.105
-----------------------------------
[Authenticated]: RADWAN
Device Time (Original): 2026-06-25T10:09:41+02:00
Server Time (Received): 25‏/6‏/2026، 11:08:35 ص
-----------------------------------
Data synced to Odoo: {
  status: 'success',
  data: [ { device_id: '20', status: 'check_in_created' } ]
}
[FIRST IN]: RADWAN (ID: 20)
281Request Received from Device!
a4:d5:c2:09:5b:df
192.168.5.105
282Request Received from Device!
a4:d5:c2:09:5b:df
192.168.5.105
283Request Received from Device!
a4:d5:c2:09:5b:df
192.168.5.105
-----------------------------------
[Authenticated]: Zakaria Elmagdmi
Device Time (Original): 2026-06-25T11:44:27+02:00
Server Time (Received): 25‏/6‏/2026، 12:43:21 م
-----------------------------------
Data synced to Odoo: {
  status: 'success',
  data: [ { device_id: '11', status: 'check_in_created' } ]
}
[FIRST IN]: Zakaria Elmagdmi (ID: 11)
284Request Received from Device!
a4:d5:c2:09:5b:df
192.168.5.105
285Request Received from Device!
a4:d5:c2:09:5b:df
192.168.5.105
286Request Received from Device!
a4:d5:c2:09:5b:df
192.168.5.105
-----------------------------------
[Authenticated]: Zahra Alhrari
Device Time (Original): 2026-06-25T15:01:41+02:00
Server Time (Received): 25‏/6‏/2026، 4:00:35 م
-----------------------------------
[UPDATE LAST]: Zahra Alhrari (ID: 17)
287Request Received from Device!
a4:d5:c2:09:5b:df
192.168.5.105
288Request Received from Device!
a4:d5:c2:09:5b:df
192.168.5.105
289Request Received from Device!
a4:d5:c2:09:5b:df
192.168.5.105
-----------------------------------
[Authenticated]: Siraj Kashoukh
Device Time (Original): 2026-06-25T15:20:16+02:00
Server Time (Received): 25‏/6‏/2026، 4:19:10 م
-----------------------------------
[UPDATE LAST]: Siraj Kashoukh (ID: 10)
290Request Received from Device!
a4:d5:c2:09:5b:df
192.168.5.105
291Request Received from Device!
a4:d5:c2:09:5b:df
192.168.5.105
292Request Received from Device!
a4:d5:c2:09:5b:df
192.168.5.105
-----------------------------------
[Authenticated]: Zakaria Elmagdmi
Device Time (Original): 2026-06-25T15:22:57+02:00
Server Time (Received): 25‏/6‏/2026، 4:21:50 م
-----------------------------------
[UPDATE LAST]: Zakaria Elmagdmi (ID: 11)
293Request Received from Device!
a4:d5:c2:09:5b:df
192.168.5.105
294Request Received from Device!
a4:d5:c2:09:5b:df
192.168.5.105
295Request Received from Device!
a4:d5:c2:09:5b:df
192.168.5.105
-----------------------------------
[Authenticated]: Hatem  Talha
Device Time (Original): 2026-06-25T15:28:00+02:00
Server Time (Received): 25‏/6‏/2026، 4:26:54 م
-----------------------------------
[UPDATE LAST]: Hatem  Talha (ID: 12)
296Request Received from Device!
a4:d5:c2:09:5b:df
192.168.5.105
297Request Received from Device!
a4:d5:c2:09:5b:df
192.168.5.105
298Request Received from Device!
a4:d5:c2:09:5b:df
192.168.5.105
-----------------------------------
[Authenticated]: Abdulhafith Abuighrara
Device Time (Original): 2026-06-25T15:29:39+02:00
Server Time (Received): 25‏/6‏/2026، 4:28:33 م
-----------------------------------
[UPDATE LAST]: Abdulhafith Abuighrara (ID: 13)
299Request Received from Device!
a4:d5:c2:09:5b:df
192.168.5.105
300Request Received from Device!
a4:d5:c2:09:5b:df
192.168.5.105
301Request Received from Device!
a4:d5:c2:09:5b:df
192.168.5.105
-----------------------------------
[Authenticated]: Ibrahim
Device Time (Original): 2026-06-25T15:30:55+02:00
Server Time (Received): 25‏/6‏/2026، 4:29:49 م
-----------------------------------
[UPDATE LAST]: Ibrahim (ID: 5)
302Request Received from Device!
a4:d5:c2:09:5b:df
192.168.5.105
303Request Received from Device!
a4:d5:c2:09:5b:df
192.168.5.105
304Request Received from Device!
a4:d5:c2:09:5b:df
192.168.5.105
-----------------------------------
[Authenticated]: Morad Alfurjani
Device Time (Original): 2026-06-25T15:54:05+02:00
Server Time (Received): 25‏/6‏/2026، 4:52:58 م
-----------------------------------
[UPDATE LAST]: Morad Alfurjani (ID: 15)
305Request Received from Device!
a4:d5:c2:09:5b:df
192.168.5.105
306Request Received from Device!
a4:d5:c2:09:5b:df
192.168.5.105
NODE PRIORITY SETED TO HIGH
Server running on: http://localhost:3000
DB => Database Connection Success
NODE PRIORITY SETED TO HIGH
Server running on: http://localhost:3000
DB => Database Connection Success
1Request Received from Device!
a4:d5:c2:09:5b:df
192.168.5.105
2Request Received from Device!
a4:d5:c2:09:5b:df
192.168.5.105
3Request Received from Device!
a4:d5:c2:09:5b:df
192.168.5.105
4Request Received from Device!
a4:d5:c2:09:5c:46
192.168.5.103
5Request Received from Device!
a4:d5:c2:09:5c:46
192.168.5.103
6Request Received from Device!
a4:d5:c2:09:5c:46
192.168.5.103
7Request Received from Device!
a4:d5:c2:09:5c:46
192.168.5.103
8Request Received from Device!
a4:d5:c2:09:5b:df
192.168.5.105
-----------------------------------
[Authenticated]: JUMA ELALLUS
Device Time (Original): 2026-06-27T09:30:33+02:00
Server Time (Received): 27‏/6‏/2026، 10:29:22 ص
-----------------------------------
[
  'session_id=BmJr2SCht4kwCKQTSnH6Oqdm5LJ6fcZFuWvc4H4HbZ7I5-gH8X1tM2euNS3qP7xytzimZKFareE0ADpQ0Yjz; Expires=Sun, 27 Jun 2027 07:29:23 GMT; Max-Age=604800; HttpOnly; Path=/',
  'session_id=BmJr2SCht4kwCKQTSnH6Oqdm5LJ6fcZFuWvc4H4HbZ7I5-gH8X1tM2euNS3qP7xytzimZKFareE0ADpQ0Yjz; Expires=Sun, 27 Jun 2027 07:29:23 GMT; Max-Age=604800; HttpOnly; Path=/'
]
Logged into Odoo successfully!
Data synced to Odoo: {
  status: 'success',
  data: [ { device_id: '1', status: 'check_in_created' } ]
}
[FIRST IN]: JUMA ELALLUS (ID: 1)
9Request Received from Device!
a4:d5:c2:09:5b:df
192.168.5.105
10Request Received from Device!
a4:d5:c2:09:5b:df
192.168.5.105
11Request Received from Device!
a4:d5:c2:09:5c:46
192.168.5.103
-----------------------------------
[Authenticated]: JUMA ELALLUS
Device Time (Original): 2026-06-27T11:45:25+02:00
Server Time (Received): 27‏/6‏/2026، 12:43:25 م
-----------------------------------
Data synced to Odoo: {
  status: 'success',
  data: [ { device_id: '1', status: 'employee_not_found' } ]
}
[FIRST IN]: JUMA ELALLUS (ID: 1)
12Request Received from Device!
a4:d5:c2:09:5c:46
192.168.5.103
13Request Received from Device!
a4:d5:c2:09:5c:46
192.168.5.103
NODE PRIORITY SETED TO HIGH
Server running on: http://localhost:3000
DB => Database Connection Success
1Request Received from Device!
a4:d5:c2:09:5b:df
192.168.5.105
2Request Received from Device!
a4:d5:c2:09:5c:46
192.168.5.103
3Request Received from Device!
a4:d5:c2:09:5b:df
192.168.5.105
4Request Received from Device!
a4:d5:c2:09:5c:46
192.168.5.103
5Request Received from Device!
a4:d5:c2:09:5b:df
192.168.5.105
-----------------------------------
[Authenticated]: Asma Rhoma
Device Time (Original): 2026-06-28T08:50:29+02:00
Server Time (Received): 28‏/6‏/2026، 10:32:21 ص
-----------------------------------
6Request Received from Device!
a4:d5:c2:09:5c:46
192.168.5.103
7Request Received from Device!
a4:d5:c2:09:5c:46
192.168.5.103
-----------------------------------
[Authenticated]: NASIRULDIN AHMED
Device Time (Original): 2026-06-28T09:01:21+02:00
Server Time (Received): 28‏/6‏/2026، 10:32:21 ص
-----------------------------------
8Request Received from Device!
a4:d5:c2:09:5b:df
192.168.5.105
-----------------------------------
[Authenticated]: Asma Rhoma
Device Time (Original): 2026-06-28T08:50:29+02:00
Server Time (Received): 28‏/6‏/2026، 10:32:27 ص
-----------------------------------
[UPDATE LAST]: Asma Rhoma (ID: 18)
9Request Received from Device!
a4:d5:c2:09:5b:df
192.168.5.105
10Request Received from Device!
a4:d5:c2:09:5c:46
192.168.5.103
-----------------------------------
[Authenticated]: NASIRULDIN AHMED
Device Time (Original): 2026-06-28T09:01:21+02:00
Server Time (Received): 28‏/6‏/2026، 10:32:27 ص
-----------------------------------
[UPDATE LAST]: NASIRULDIN AHMED (ID: 2)
11Request Received from Device!
a4:d5:c2:09:5b:df
192.168.5.105
12Request Received from Device!
a4:d5:c2:09:5c:46
192.168.5.103
13Request Received from Device!
a4:d5:c2:09:5b:df
192.168.5.105
14Request Received from Device!
a4:d5:c2:09:5c:46
192.168.5.103
15Request Received from Device!
a4:d5:c2:09:5b:df
192.168.5.105
16Request Received from Device!
a4:d5:c2:09:5c:46
192.168.5.103
17Request Received from Device!
a4:d5:c2:09:5b:df
192.168.5.105
-----------------------------------
[Authenticated]: Abdellmalek Ramadan
Device Time (Original): 2026-06-28T09:05:13+02:00
Server Time (Received): 28‏/6‏/2026، 10:32:28 ص
-----------------------------------
18Request Received from Device!
a4:d5:c2:09:5c:46
192.168.5.103
[
  'session_id=0hYD7MeJmxhaF9mZ5YDvnDLfTzivJiFWHietcJBIBsWQCqaRl3VrMSl6GB5NeMl37i7C9WpLc-dQSGMCyzRc; Expires=Mon, 28 Jun 2027 07:32:29 GMT; Max-Age=604800; HttpOnly; Path=/',
  'session_id=0hYD7MeJmxhaF9mZ5YDvnDLfTzivJiFWHietcJBIBsWQCqaRl3VrMSl6GB5NeMl37i7C9WpLc-dQSGMCyzRc; Expires=Mon, 28 Jun 2027 07:32:30 GMT; Max-Age=604800; HttpOnly; Path=/'
]
Logged into Odoo successfully!
[
  'session_id=NDiTC9KleD4D_SLWClVHbvtGNXIUt9LqHRCgOISzQql1wwVqWhu1W-uQFloZyH19KPtW9JpfrKAielce8nkX; Expires=Mon, 28 Jun 2027 07:32:30 GMT; Max-Age=604800; HttpOnly; Path=/',
  'session_id=NDiTC9KleD4D_SLWClVHbvtGNXIUt9LqHRCgOISzQql1wwVqWhu1W-uQFloZyH19KPtW9JpfrKAielce8nkX; Expires=Mon, 28 Jun 2027 07:32:30 GMT; Max-Age=604800; HttpOnly; Path=/'
]
Logged into Odoo successfully!
[
  'session_id=a3PXknaxk3QKc3EkmQ30wCd3e4DLVE5eTAXHUcbUz34gcUt9RwsY2gbuq8xTWDBz-Uiw2_AABFmUUQCeVG4M; Expires=Mon, 28 Jun 2027 07:32:29 GMT; Max-Age=604800; HttpOnly; Path=/',
  'session_id=a3PXknaxk3QKc3EkmQ30wCd3e4DLVE5eTAXHUcbUz34gcUt9RwsY2gbuq8xTWDBz-Uiw2_AABFmUUQCeVG4M; Expires=Mon, 28 Jun 2027 07:32:30 GMT; Max-Age=604800; HttpOnly; Path=/'
]
Logged into Odoo successfully!
Data synced to Odoo: {
  status: 'success',
  data: [ { device_id: '14', status: 'check_in_created' } ]
}
[FIRST IN]: Abdellmalek Ramadan (ID: 14)
Data synced to Odoo: {
  status: 'success',
  data: [ { device_id: '2', status: 'check_in_created' } ]
}
[FIRST IN]: NASIRULDIN AHMED (ID: 2)
Data synced to Odoo: {
  status: 'success',
  data: [ { device_id: '18', status: 'check_in_created' } ]
}
[FIRST IN]: Asma Rhoma (ID: 18)
19Request Received from Device!
a4:d5:c2:09:5b:df
192.168.5.105
20Request Received from Device!
a4:d5:c2:09:5b:df
192.168.5.105
21Request Received from Device!
a4:d5:c2:09:5b:df
192.168.5.105
-----------------------------------
[Authenticated]: Ibrahim
Device Time (Original): 2026-06-28T09:07:27+02:00
Server Time (Received): 28‏/6‏/2026، 10:32:31 ص
-----------------------------------
Data synced to Odoo: {
  status: 'success',
  data: [ { device_id: '5', status: 'check_out_updated' } ]
}
[FIRST IN]: Ibrahim (ID: 5)
22Request Received from Device!
a4:d5:c2:09:5b:df
192.168.5.105
23Request Received from Device!
a4:d5:c2:09:5b:df
192.168.5.105
24Request Received from Device!
a4:d5:c2:09:5b:df
192.168.5.105
-----------------------------------
[Authenticated]: Ibrahim
Device Time (Original): 2026-06-28T09:12:34+02:00
Server Time (Received): 28‏/6‏/2026، 10:32:32 ص
-----------------------------------
[UPDATE LAST]: Ibrahim (ID: 5)
25Request Received from Device!
a4:d5:c2:09:5b:df
192.168.5.105
26Request Received from Device!
a4:d5:c2:09:5b:df
192.168.5.105
27Request Received from Device!
a4:d5:c2:09:5b:df
192.168.5.105
-----------------------------------
[Authenticated]: Zakaria Elmagdmi
Device Time (Original): 2026-06-28T09:13:03+02:00
Server Time (Received): 28‏/6‏/2026، 10:32:33 ص
-----------------------------------
Data synced to Odoo: {
  status: 'success',
  data: [ { device_id: '11', status: 'check_out_updated' } ]
}
[FIRST IN]: Zakaria Elmagdmi (ID: 11)
28Request Received from Device!
a4:d5:c2:09:5b:df
192.168.5.105
29Request Received from Device!
a4:d5:c2:09:5b:df
192.168.5.105
30Request Received from Device!
a4:d5:c2:09:5b:df
192.168.5.105
-----------------------------------
[Authenticated]: Abdulhafith Abuighrara
Device Time (Original): 2026-06-28T09:22:47+02:00
Server Time (Received): 28‏/6‏/2026، 10:32:34 ص
-----------------------------------
Data synced to Odoo: {
  status: 'success',
  data: [ { device_id: '13', status: 'check_out_updated' } ]
}
[FIRST IN]: Abdulhafith Abuighrara (ID: 13)
31Request Received from Device!
a4:d5:c2:09:5b:df
192.168.5.105
32Request Received from Device!
a4:d5:c2:09:5b:df
192.168.5.105
33Request Received from Device!
a4:d5:c2:09:5b:df
192.168.5.105
-----------------------------------
[Authenticated]: RADWAN
Device Time (Original): 2026-06-28T09:23:17+02:00
Server Time (Received): 28‏/6‏/2026، 10:32:34 ص
-----------------------------------
Data synced to Odoo: {
  status: 'success',
  data: [ { device_id: '20', status: 'check_out_updated' } ]
}
[FIRST IN]: RADWAN (ID: 20)
34Request Received from Device!
a4:d5:c2:09:5b:df
192.168.5.105
35Request Received from Device!
a4:d5:c2:09:5b:df
192.168.5.105
36Request Received from Device!
a4:d5:c2:09:5b:df
192.168.5.105
-----------------------------------
[Authenticated]: Hatem  Talha
Device Time (Original): 2026-06-28T09:23:59+02:00
Server Time (Received): 28‏/6‏/2026، 10:32:35 ص
-----------------------------------
Data synced to Odoo: {
  status: 'success',
  data: [ { device_id: '12', status: 'check_out_updated' } ]
}
[FIRST IN]: Hatem  Talha (ID: 12)
37Request Received from Device!
a4:d5:c2:09:5b:df
192.168.5.105
38Request Received from Device!
a4:d5:c2:09:5b:df
192.168.5.105
39Request Received from Device!
a4:d5:c2:09:5b:df
192.168.5.105
40Request Received from Device!
a4:d5:c2:09:5c:46
192.168.5.103
-----------------------------------
[Authenticated]: SEFAW
Device Time (Original): 2026-06-28T09:45:53+02:00
Server Time (Received): 28‏/6‏/2026، 10:43:51 ص
-----------------------------------
Data synced to Odoo: {
  status: 'success',
  data: [ { device_id: '8', status: 'check_in_created' } ]
}
[FIRST IN]: SEFAW (ID: 8)
41Request Received from Device!
a4:d5:c2:09:5c:46
192.168.5.103
42Request Received from Device!
a4:d5:c2:09:5c:46
192.168.5.103
43Request Received from Device!
a4:d5:c2:09:5b:df
192.168.5.105
-----------------------------------
[Authenticated]: Siraj Kashoukh
Device Time (Original): 2026-06-28T10:24:07+02:00
Server Time (Received): 28‏/6‏/2026، 11:22:54 ص
-----------------------------------
Data synced to Odoo: {
  status: 'success',
  data: [ { device_id: '10', status: 'check_out_updated' } ]
}
[FIRST IN]: Siraj Kashoukh (ID: 10)
44Request Received from Device!
a4:d5:c2:09:5b:df
192.168.5.105
45Request Received from Device!
a4:d5:c2:09:5b:df
192.168.5.105
46Request Received from Device!
a4:d5:c2:09:5b:df
192.168.5.105
-----------------------------------
[Authenticated]: Zahra Alhrari
Device Time (Original): 2026-06-28T10:28:31+02:00
Server Time (Received): 28‏/6‏/2026، 11:27:17 ص
-----------------------------------
Data synced to Odoo: {
  status: 'success',
  data: [ { device_id: '17', status: 'check_out_updated' } ]
}
[FIRST IN]: Zahra Alhrari (ID: 17)
47Request Received from Device!
a4:d5:c2:09:5b:df
192.168.5.105
48Request Received from Device!
a4:d5:c2:09:5b:df
192.168.5.105
49Request Received from Device!
a4:d5:c2:09:5b:df
192.168.5.105
-----------------------------------
[Authenticated]: Morad Alfurjani
Device Time (Original): 2026-06-28T10:45:47+02:00
Server Time (Received): 28‏/6‏/2026، 11:44:34 ص
-----------------------------------
Data synced to Odoo: {
  status: 'success',
  data: [ { device_id: '15', status: 'check_out_updated' } ]
}
[FIRST IN]: Morad Alfurjani (ID: 15)
50Request Received from Device!
a4:d5:c2:09:5b:df
192.168.5.105
51Request Received from Device!
a4:d5:c2:09:5b:df
192.168.5.105
52Request Received from Device!
a4:d5:c2:09:5b:df
192.168.5.105
-----------------------------------
[Authenticated]: RADWAN
Device Time (Original): 2026-06-28T14:40:43+02:00
Server Time (Received): 28‏/6‏/2026، 3:39:29 م
-----------------------------------
[UPDATE LAST]: RADWAN (ID: 20)
53Request Received from Device!
a4:d5:c2:09:5b:df
192.168.5.105
54Request Received from Device!
a4:d5:c2:09:5b:df
192.168.5.105
55Request Received from Device!
a4:d5:c2:09:5b:df
192.168.5.105
-----------------------------------
[Authenticated]: Zahra Alhrari
Device Time (Original): 2026-06-28T15:04:45+02:00
Server Time (Received): 28‏/6‏/2026، 4:03:32 م
-----------------------------------
[UPDATE LAST]: Zahra Alhrari (ID: 17)
56Request Received from Device!
a4:d5:c2:09:5b:df
192.168.5.105
57Request Received from Device!
a4:d5:c2:09:5b:df
192.168.5.105
58Request Received from Device!
a4:d5:c2:09:5b:df
192.168.5.105
-----------------------------------
[Authenticated]: Zakaria Elmagdmi
Device Time (Original): 2026-06-28T15:26:24+02:00
Server Time (Received): 28‏/6‏/2026، 4:25:10 م
-----------------------------------
[UPDATE LAST]: Zakaria Elmagdmi (ID: 11)
59Request Received from Device!
a4:d5:c2:09:5b:df
192.168.5.105
60Request Received from Device!
a4:d5:c2:09:5b:df
192.168.5.105
-----------------------------------
[Authenticated]: Siraj Kashoukh
Device Time (Original): 2026-06-28T15:26:26+02:00
Server Time (Received): 28‏/6‏/2026، 4:25:12 م
-----------------------------------
[UPDATE LAST]: Siraj Kashoukh (ID: 10)
61Request Received from Device!
a4:d5:c2:09:5b:df
192.168.5.105
-----------------------------------
[Authenticated]: Abdellmalek Ramadan
Device Time (Original): 2026-06-28T15:26:30+02:00
Server Time (Received): 28‏/6‏/2026، 4:25:15 م
-----------------------------------
[UPDATE LAST]: Abdellmalek Ramadan (ID: 14)
62Request Received from Device!
a4:d5:c2:09:5b:df
192.168.5.105
63Request Received from Device!
a4:d5:c2:09:5b:df
192.168.5.105
-----------------------------------
[Authenticated]: Hatem  Talha
Device Time (Original): 2026-06-28T15:26:40+02:00
Server Time (Received): 28‏/6‏/2026، 4:25:26 م
-----------------------------------
[UPDATE LAST]: Hatem  Talha (ID: 12)
64Request Received from Device!
a4:d5:c2:09:5b:df
192.168.5.105
65Request Received from Device!
a4:d5:c2:09:5b:df
192.168.5.105
66Request Received from Device!
a4:d5:c2:09:5b:df
192.168.5.105
-----------------------------------
[Authenticated]: Abdulhafith Abuighrara
Device Time (Original): 2026-06-28T15:27:00+02:00
Server Time (Received): 28‏/6‏/2026، 4:25:46 م
-----------------------------------
[UPDATE LAST]: Abdulhafith Abuighrara (ID: 13)
67Request Received from Device!
a4:d5:c2:09:5b:df
192.168.5.105
68Request Received from Device!
a4:d5:c2:09:5b:df
192.168.5.105
69Request Received from Device!
a4:d5:c2:09:5b:df
192.168.5.105
-----------------------------------
[Authenticated]: Ibrahim
Device Time (Original): 2026-06-28T15:32:47+02:00
Server Time (Received): 28‏/6‏/2026، 4:31:32 م
-----------------------------------
[UPDATE LAST]: Ibrahim (ID: 5)
70Request Received from Device!
a4:d5:c2:09:5b:df
192.168.5.105
71Request Received from Device!
a4:d5:c2:09:5b:df
192.168.5.105
72Request Received from Device!
a4:d5:c2:09:5c:46
192.168.5.103
-----------------------------------
[Authenticated]: NASIRULDIN AHMED
Device Time (Original): 2026-06-28T15:38:58+02:00
Server Time (Received): 28‏/6‏/2026، 4:36:55 م
-----------------------------------
[UPDATE LAST]: NASIRULDIN AHMED (ID: 2)
73Request Received from Device!
a4:d5:c2:09:5c:46
192.168.5.103
74Request Received from Device!
a4:d5:c2:09:5c:46
192.168.5.103
75Request Received from Device!
a4:d5:c2:09:5c:46
192.168.5.103
-----------------------------------
[Authenticated]: Aseel Elayeb
Device Time (Original): 2026-06-28T15:39:05+02:00
Server Time (Received): 28‏/6‏/2026، 4:37:02 م
-----------------------------------
Data synced to Odoo: {
  status: 'success',
  data: [ { device_id: '4', status: 'check_in_created' } ]
}
[FIRST IN]: Aseel Elayeb (ID: 4)
76Request Received from Device!
a4:d5:c2:09:5c:46
192.168.5.103
77Request Received from Device!
a4:d5:c2:09:5c:46
192.168.5.103
78Request Received from Device!
a4:d5:c2:09:5b:df
192.168.5.105
-----------------------------------
[Authenticated]: Asma Rhoma
Device Time (Original): 2026-06-28T15:44:24+02:00
Server Time (Received): 28‏/6‏/2026، 4:43:10 م
-----------------------------------
[UPDATE LAST]: Asma Rhoma (ID: 18)
79Request Received from Device!
a4:d5:c2:09:5b:df
192.168.5.105
80Request Received from Device!
a4:d5:c2:09:5b:df
192.168.5.105
81Request Received from Device!
a4:d5:c2:09:5b:df
192.168.5.105
-----------------------------------
[Authenticated]: Morad Alfurjani
Device Time (Original): 2026-06-28T15:52:44+02:00
Server Time (Received): 28‏/6‏/2026، 4:51:30 م
-----------------------------------
[UPDATE LAST]: Morad Alfurjani (ID: 15)
82Request Received from Device!
a4:d5:c2:09:5b:df
192.168.5.105
83Request Received from Device!
a4:d5:c2:09:5b:df
192.168.5.105
84Request Received from Device!
a4:d5:c2:09:5c:46
192.168.5.103
85Request Received from Device!
a4:d5:c2:09:5c:46
192.168.5.103
86Request Received from Device!
a4:d5:c2:09:5b:df
192.168.5.105
87Request Received from Device!
a4:d5:c2:09:5b:df
192.168.5.105
88Request Received from Device!
a4:d5:c2:09:5b:df
192.0.0.64
89Request Received from Device!
a4:d5:c2:09:5b:df
192.168.5.105
90Request Received from Device!
a4:d5:c2:09:5c:46
192.168.5.147
91Request Received from Device!
a4:d5:c2:09:5c:46
192.168.5.103
92Request Received from Device!
a4:d5:c2:09:5c:46
192.168.5.103
93Request Received from Device!
a4:d5:c2:09:5b:df
192.168.5.105
94Request Received from Device!
a4:d5:c2:09:5b:df
192.168.5.105
-----------------------------------
[Authenticated]: Zahra Alhrari
Device Time (Original): 2026-06-29T07:51:00+02:00
Server Time (Received): 29‏/6‏/2026، 8:50:42 ص
-----------------------------------
95Request Received from Device!
a4:d5:c2:09:5c:46
192.168.5.103
Data synced to Odoo: {
  status: 'success',
  data: [ { device_id: '17', status: 'check_in_created' } ]
}
[FIRST IN]: Zahra Alhrari (ID: 17)
96Request Received from Device!
a4:d5:c2:09:5b:df
192.168.5.105
97Request Received from Device!
a4:d5:c2:09:5b:df
192.168.5.105
98Request Received from Device!
a4:d5:c2:09:5b:df
192.168.5.105
99Request Received from Device!
a4:d5:c2:09:5b:df
192.0.0.64
100Request Received from Device!
a4:d5:c2:09:5b:df
192.168.5.105
101Request Received from Device!
a4:d5:c2:09:5c:46
192.168.5.147
102Request Received from Device!
a4:d5:c2:09:5c:46
192.168.5.103
103Request Received from Device!
a4:d5:c2:09:5c:46
192.168.5.103
104Request Received from Device!
a4:d5:c2:09:5c:46
192.168.5.103
-----------------------------------
[Authenticated]: NASIRULDIN AHMED
Device Time (Original): 2026-06-29T09:03:33+02:00
Server Time (Received): 29‏/6‏/2026، 10:01:27 ص
-----------------------------------
Data synced to Odoo: {
  status: 'success',
  data: [ { device_id: '2', status: 'check_out_updated' } ]
}
[FIRST IN]: NASIRULDIN AHMED (ID: 2)
105Request Received from Device!
a4:d5:c2:09:5c:46
192.168.5.103
106Request Received from Device!
a4:d5:c2:09:5c:46
192.168.5.103
107Request Received from Device!
a4:d5:c2:09:5b:df
192.168.5.105
-----------------------------------
[Authenticated]: Hatem  Talha
Device Time (Original): 2026-06-29T09:06:11+02:00
Server Time (Received): 29‏/6‏/2026، 10:04:55 ص
-----------------------------------
Data synced to Odoo: {
  status: 'success',
  data: [ { device_id: '12', status: 'check_in_created' } ]
}
[FIRST IN]: Hatem  Talha (ID: 12)
108Request Received from Device!
a4:d5:c2:09:5b:df
192.168.5.105
109Request Received from Device!
a4:d5:c2:09:5b:df
192.168.5.105
110Request Received from Device!
a4:d5:c2:09:5b:df
192.168.5.105
-----------------------------------
[Authenticated]: Zakaria Elmagdmi
Device Time (Original): 2026-06-29T09:13:43+02:00
Server Time (Received): 29‏/6‏/2026، 10:12:28 ص
-----------------------------------
Data synced to Odoo: {
  status: 'success',
  data: [ { device_id: '11', status: 'check_in_created' } ]
}
[FIRST IN]: Zakaria Elmagdmi (ID: 11)
111Request Received from Device!
a4:d5:c2:09:5b:df
192.168.5.105
112Request Received from Device!
a4:d5:c2:09:5b:df
192.168.5.105
-----------------------------------
[Authenticated]: Zakaria Elmagdmi
Device Time (Original): 2026-06-29T09:13:46+02:00
Server Time (Received): 29‏/6‏/2026، 10:12:31 ص
-----------------------------------
[UPDATE LAST]: Zakaria Elmagdmi (ID: 11)
113Request Received from Device!
a4:d5:c2:09:5b:df
192.168.5.105
114Request Received from Device!
a4:d5:c2:09:5b:df
192.168.5.105
-----------------------------------
[Authenticated]: Ibrahim
Device Time (Original): 2026-06-29T09:17:30+02:00
Server Time (Received): 29‏/6‏/2026، 10:16:14 ص
-----------------------------------
Data synced to Odoo: {
  status: 'success',
  data: [ { device_id: '5', status: 'check_in_created' } ]
}
[FIRST IN]: Ibrahim (ID: 5)
115Request Received from Device!
a4:d5:c2:09:5b:df
192.168.5.105
116Request Received from Device!
a4:d5:c2:09:5b:df
192.168.5.105
117Request Received from Device!
a4:d5:c2:09:5b:df
192.168.5.105
-----------------------------------
[Authenticated]: Asma Rhoma
Device Time (Original): 2026-06-29T09:21:59+02:00
Server Time (Received): 29‏/6‏/2026، 10:20:43 ص
-----------------------------------
Data synced to Odoo: {
  status: 'success',
  data: [ { device_id: '18', status: 'check_out_updated' } ]
}
[FIRST IN]: Asma Rhoma (ID: 18)
118Request Received from Device!
a4:d5:c2:09:5b:df
192.168.5.105
119Request Received from Device!
a4:d5:c2:09:5b:df
192.168.5.105
120Request Received from Device!
a4:d5:c2:09:5b:df
192.168.5.105
-----------------------------------
[Authenticated]: Siraj Kashoukh
Device Time (Original): 2026-06-29T09:26:07+02:00
Server Time (Received): 29‏/6‏/2026، 10:24:51 ص
-----------------------------------
Data synced to Odoo: {
  status: 'success',
  data: [ { device_id: '10', status: 'check_in_created' } ]
}
[FIRST IN]: Siraj Kashoukh (ID: 10)
121Request Received from Device!
a4:d5:c2:09:5b:df
192.168.5.105
122Request Received from Device!
a4:d5:c2:09:5b:df
192.168.5.105
123Request Received from Device!
a4:d5:c2:09:5b:df
192.168.5.105
-----------------------------------
[Authenticated]: Abdulhafith Abuighrara
Device Time (Original): 2026-06-29T09:32:55+02:00
Server Time (Received): 29‏/6‏/2026، 10:31:39 ص
-----------------------------------
Data synced to Odoo: {
  status: 'success',
  data: [ { device_id: '13', status: 'check_in_created' } ]
}
[FIRST IN]: Abdulhafith Abuighrara (ID: 13)
124Request Received from Device!
a4:d5:c2:09:5b:df
192.168.5.105
125Request Received from Device!
a4:d5:c2:09:5b:df
192.168.5.105
126Request Received from Device!
a4:d5:c2:09:5b:df
192.168.5.105
-----------------------------------
[Authenticated]: Morad Alfurjani
Device Time (Original): 2026-06-29T09:37:30+02:00
Server Time (Received): 29‏/6‏/2026، 10:36:14 ص
-----------------------------------
Data synced to Odoo: {
  status: 'success',
  data: [ { device_id: '15', status: 'check_in_created' } ]
}
[FIRST IN]: Morad Alfurjani (ID: 15)
127Request Received from Device!
a4:d5:c2:09:5b:df
192.168.5.105
128Request Received from Device!
a4:d5:c2:09:5b:df
192.168.5.105
129Request Received from Device!
a4:d5:c2:09:5b:df
192.168.5.105
-----------------------------------
[Authenticated]: RADWAN
Device Time (Original): 2026-06-29T10:05:34+02:00
Server Time (Received): 29‏/6‏/2026، 11:04:19 ص
-----------------------------------
Data synced to Odoo: {
  status: 'success',
  data: [ { device_id: '20', status: 'check_in_created' } ]
}
[FIRST IN]: RADWAN (ID: 20)
130Request Received from Device!
a4:d5:c2:09:5b:df
192.168.5.105
131Request Received from Device!
a4:d5:c2:09:5b:df
192.168.5.105
132Request Received from Device!
a4:d5:c2:09:5b:df
192.168.5.105
-----------------------------------
[Authenticated]: Asma Rhoma
Device Time (Original): 2026-06-29T11:01:09+02:00
Server Time (Received): 29‏/6‏/2026، 11:59:53 ص
-----------------------------------
[UPDATE LAST]: Asma Rhoma (ID: 18)
133Request Received from Device!
a4:d5:c2:09:5b:df
192.168.5.105
134Request Received from Device!
a4:d5:c2:09:5b:df
192.168.5.105
135Request Received from Device!
a4:d5:c2:09:5c:46
192.168.5.103
-----------------------------------
[Authenticated]: SEFAW
Device Time (Original): 2026-06-29T13:33:15+02:00
Server Time (Received): 29‏/6‏/2026، 2:31:09 م
-----------------------------------
Data synced to Odoo: {
  status: 'success',
  data: [ { device_id: '8', status: 'check_out_updated' } ]
}
[FIRST IN]: SEFAW (ID: 8)
136Request Received from Device!
a4:d5:c2:09:5c:46
192.168.5.103
137Request Received from Device!
a4:d5:c2:09:5c:46
192.168.5.103
138Request Received from Device!
a4:d5:c2:09:5b:df
192.168.5.105
-----------------------------------
[Authenticated]: Siraj Kashoukh
Device Time (Original): 2026-06-29T14:52:03+02:00
Server Time (Received): 29‏/6‏/2026، 3:50:47 م
-----------------------------------
[UPDATE LAST]: Siraj Kashoukh (ID: 10)
139Request Received from Device!
a4:d5:c2:09:5b:df
192.168.5.105
140Request Received from Device!
a4:d5:c2:09:5b:df
192.168.5.105
141Request Received from Device!
a4:d5:c2:09:5b:df
192.168.5.105
-----------------------------------
[Authenticated]: Zahra Alhrari
Device Time (Original): 2026-06-29T15:08:45+02:00
Server Time (Received): 29‏/6‏/2026، 4:07:29 م
-----------------------------------
[UPDATE LAST]: Zahra Alhrari (ID: 17)
142Request Received from Device!
a4:d5:c2:09:5b:df
192.168.5.105
143Request Received from Device!
a4:d5:c2:09:5b:df
192.168.5.105
144Request Received from Device!
a4:d5:c2:09:5c:46
192.168.5.103
-----------------------------------
[Authenticated]: SEFAW
Device Time (Original): 2026-06-29T15:26:29+02:00
Server Time (Received): 29‏/6‏/2026، 4:24:23 م
-----------------------------------
[UPDATE LAST]: SEFAW (ID: 8)
145Request Received from Device!
a4:d5:c2:09:5c:46
192.168.5.103
146Request Received from Device!
a4:d5:c2:09:5c:46
192.168.5.103
147Request Received from Device!
a4:d5:c2:09:5b:df
192.168.5.105
-----------------------------------
[Authenticated]: Zakaria Elmagdmi
Device Time (Original): 2026-06-29T15:26:33+02:00
Server Time (Received): 29‏/6‏/2026، 4:25:16 م
-----------------------------------
[UPDATE LAST]: Zakaria Elmagdmi (ID: 11)
148Request Received from Device!
a4:d5:c2:09:5b:df
192.168.5.105
149Request Received from Device!
a4:d5:c2:09:5b:df
192.168.5.105
150Request Received from Device!
a4:d5:c2:09:5b:df
192.168.5.105
-----------------------------------
[Authenticated]: Hatem  Talha
Device Time (Original): 2026-06-29T15:27:29+02:00
Server Time (Received): 29‏/6‏/2026، 4:26:13 م
-----------------------------------
[UPDATE LAST]: Hatem  Talha (ID: 12)
151Request Received from Device!
a4:d5:c2:09:5b:df
192.168.5.105
152Request Received from Device!
a4:d5:c2:09:5b:df
192.168.5.105
153Request Received from Device!
a4:d5:c2:09:5b:df
192.168.5.105
-----------------------------------
[Authenticated]: Abdulhafith Abuighrara
Device Time (Original): 2026-06-29T15:27:48+02:00
Server Time (Received): 29‏/6‏/2026، 4:26:32 م
-----------------------------------
[UPDATE LAST]: Abdulhafith Abuighrara (ID: 13)
154Request Received from Device!
a4:d5:c2:09:5b:df
192.168.5.105
155Request Received from Device!
a4:d5:c2:09:5b:df
192.168.5.105
156Request Received from Device!
a4:d5:c2:09:5b:df
192.168.5.105
-----------------------------------
[Authenticated]: Abdulhafith Abuighrara
Device Time (Original): 2026-06-29T15:27:54+02:00
Server Time (Received): 29‏/6‏/2026، 4:26:37 م
-----------------------------------
[UPDATE LAST]: Abdulhafith Abuighrara (ID: 13)
157Request Received from Device!
a4:d5:c2:09:5b:df
192.168.5.105
158Request Received from Device!
a4:d5:c2:09:5b:df
192.168.5.105
159Request Received from Device!
a4:d5:c2:09:5b:df
192.168.5.105
-----------------------------------
[Authenticated]: RADWAN
Device Time (Original): 2026-06-29T15:32:11+02:00
Server Time (Received): 29‏/6‏/2026، 4:30:55 م
-----------------------------------
[UPDATE LAST]: RADWAN (ID: 20)
160Request Received from Device!
a4:d5:c2:09:5b:df
192.168.5.105
161Request Received from Device!
a4:d5:c2:09:5b:df
192.168.5.105
162Request Received from Device!
a4:d5:c2:09:5b:df
192.168.5.105
-----------------------------------
[Authenticated]: Ibrahim
Device Time (Original): 2026-06-29T15:35:12+02:00
Server Time (Received): 29‏/6‏/2026، 4:33:55 م
-----------------------------------
[UPDATE LAST]: Ibrahim (ID: 5)
163Request Received from Device!
a4:d5:c2:09:5b:df
192.168.5.105
164Request Received from Device!
a4:d5:c2:09:5b:df
192.168.5.105
165Request Received from Device!
a4:d5:c2:09:5b:df
192.168.5.105
-----------------------------------
[Authenticated]: Morad Alfurjani
Device Time (Original): 2026-06-29T15:41:11+02:00
Server Time (Received): 29‏/6‏/2026، 4:39:54 م
-----------------------------------
[UPDATE LAST]: Morad Alfurjani (ID: 15)
166Request Received from Device!
a4:d5:c2:09:5b:df
192.168.5.105
167Request Received from Device!
a4:d5:c2:09:5b:df
192.168.5.105
168Request Received from Device!
a4:d5:c2:09:5b:df
192.168.5.105
-----------------------------------
[Authenticated]: Asma Rhoma
Device Time (Original): 2026-06-29T15:41:29+02:00
Server Time (Received): 29‏/6‏/2026، 4:40:13 م
-----------------------------------
[UPDATE LAST]: Asma Rhoma (ID: 18)
169Request Received from Device!
a4:d5:c2:09:5b:df
192.168.5.105
170Request Received from Device!
a4:d5:c2:09:5b:df
192.168.5.105
171Request Received from Device!
a4:d5:c2:09:5c:46
192.168.5.103
-----------------------------------
[Authenticated]: SEFAW
Device Time (Original): 2026-06-29T18:34:58+02:00
Server Time (Received): 29‏/6‏/2026، 7:32:51 م
-----------------------------------
[UPDATE LAST]: SEFAW (ID: 8)
172Request Received from Device!
a4:d5:c2:09:5c:46
192.168.5.103
173Request Received from Device!
a4:d5:c2:09:5c:46
192.168.5.103
174Request Received from Device!
a4:d5:c2:09:5c:46
192.168.5.103
-----------------------------------
[Authenticated]: NASIRULDIN AHMED
Device Time (Original): 2026-06-29T18:35:25+02:00
Server Time (Received): 29‏/6‏/2026، 7:33:19 م
-----------------------------------
[UPDATE LAST]: NASIRULDIN AHMED (ID: 2)
175Request Received from Device!
a4:d5:c2:09:5c:46
192.168.5.103
176Request Received from Device!
a4:d5:c2:09:5c:46
192.168.5.103
177Request Received from Device!
a4:d5:c2:09:5b:df
192.168.5.105
-----------------------------------
[Authenticated]: Zahra Alhrari
Device Time (Original): 2026-06-30T08:36:57+02:00
Server Time (Received): 30‏/6‏/2026، 9:35:40 ص
-----------------------------------
Data synced to Odoo: {
  status: 'success',
  data: [ { device_id: '17', status: 'check_out_updated' } ]
}
[FIRST IN]: Zahra Alhrari (ID: 17)
178Request Received from Device!
a4:d5:c2:09:5b:df
192.168.5.105
179Request Received from Device!
a4:d5:c2:09:5b:df
192.168.5.105
180Request Received from Device!
a4:d5:c2:09:5c:46
192.168.5.103
-----------------------------------
[Authenticated]: NASIRULDIN AHMED
Device Time (Original): 2026-06-30T09:00:16+02:00
Server Time (Received): 30‏/6‏/2026، 9:58:08 ص
-----------------------------------
Data synced to Odoo: {
  status: 'success',
  data: [ { device_id: '2', status: 'check_in_created' } ]
}
[FIRST IN]: NASIRULDIN AHMED (ID: 2)
181Request Received from Device!
a4:d5:c2:09:5c:46
192.168.5.103
182Request Received from Device!
a4:d5:c2:09:5c:46
192.168.5.103
183Request Received from Device!
a4:d5:c2:09:5b:df
192.168.5.105
-----------------------------------
[Authenticated]: Hatem  Talha
Device Time (Original): 2026-06-30T09:09:48+02:00
Server Time (Received): 30‏/6‏/2026، 10:08:30 ص
-----------------------------------
Data synced to Odoo: {
  status: 'success',
  data: [ { device_id: '12', status: 'check_out_updated' } ]
}
[FIRST IN]: Hatem  Talha (ID: 12)
184Request Received from Device!
a4:d5:c2:09:5b:df
192.168.5.105
185Request Received from Device!
a4:d5:c2:09:5b:df
192.168.5.105
186Request Received from Device!
a4:d5:c2:09:5b:df
192.168.5.105
-----------------------------------
[Authenticated]: Hatem  Talha
Device Time (Original): 2026-06-30T09:13:05+02:00
Server Time (Received): 30‏/6‏/2026، 10:11:48 ص
-----------------------------------
[UPDATE LAST]: Hatem  Talha (ID: 12)
187Request Received from Device!
a4:d5:c2:09:5b:df
192.168.5.105
188Request Received from Device!
a4:d5:c2:09:5b:df
192.168.5.105
189Request Received from Device!
a4:d5:c2:09:5b:df
192.168.5.105
-----------------------------------
[Authenticated]: RADWAN
Device Time (Original): 2026-06-30T09:16:59+02:00
Server Time (Received): 30‏/6‏/2026، 10:15:41 ص
-----------------------------------
Data synced to Odoo: {
  status: 'success',
  data: [ { device_id: '20', status: 'check_out_updated' } ]
}
[FIRST IN]: RADWAN (ID: 20)
190Request Received from Device!
a4:d5:c2:09:5b:df
192.168.5.105
191Request Received from Device!
a4:d5:c2:09:5b:df
192.168.5.105
192Request Received from Device!
a4:d5:c2:09:5b:df
192.168.5.105
-----------------------------------
[Authenticated]: Zakaria Elmagdmi
Device Time (Original): 2026-06-30T09:20:33+02:00
Server Time (Received): 30‏/6‏/2026، 10:19:15 ص
-----------------------------------
Data synced to Odoo: {
  status: 'success',
  data: [ { device_id: '11', status: 'check_out_updated' } ]
}
[FIRST IN]: Zakaria Elmagdmi (ID: 11)
193Request Received from Device!
a4:d5:c2:09:5b:df
192.168.5.105
194Request Received from Device!
a4:d5:c2:09:5b:df
192.168.5.105
195Request Received from Device!
a4:d5:c2:09:5b:df
192.168.5.105
-----------------------------------
[Authenticated]: Abdulhafith Abuighrara
Device Time (Original): 2026-06-30T09:27:58+02:00
Server Time (Received): 30‏/6‏/2026، 10:26:40 ص
-----------------------------------
Data synced to Odoo: {
  status: 'success',
  data: [ { device_id: '13', status: 'check_out_updated' } ]
}
[FIRST IN]: Abdulhafith Abuighrara (ID: 13)
196Request Received from Device!
a4:d5:c2:09:5b:df
192.168.5.105
197Request Received from Device!
a4:d5:c2:09:5b:df
192.168.5.105
198Request Received from Device!
a4:d5:c2:09:5b:df
192.168.5.105
-----------------------------------
[Authenticated]: Siraj Kashoukh
Device Time (Original): 2026-06-30T09:29:36+02:00
Server Time (Received): 30‏/6‏/2026، 10:28:17 ص
-----------------------------------
Data synced to Odoo: {
  status: 'success',
  data: [ { device_id: '10', status: 'check_out_updated' } ]
}
[FIRST IN]: Siraj Kashoukh (ID: 10)
199Request Received from Device!
a4:d5:c2:09:5b:df
192.168.5.105
200Request Received from Device!
a4:d5:c2:09:5b:df
192.168.5.105
201Request Received from Device!
a4:d5:c2:09:5b:df
192.168.5.105
-----------------------------------
[Authenticated]: Ibrahim
Device Time (Original): 2026-06-30T09:53:47+02:00
Server Time (Received): 30‏/6‏/2026، 10:52:29 ص
-----------------------------------
Data synced to Odoo: {
  status: 'success',
  data: [ { device_id: '5', status: 'check_out_updated' } ]
}
[FIRST IN]: Ibrahim (ID: 5)
202Request Received from Device!
a4:d5:c2:09:5b:df
192.168.5.105
203Request Received from Device!
a4:d5:c2:09:5b:df
192.168.5.105
-----------------------------------
[Authenticated]: Ibrahim
Device Time (Original): 2026-06-30T09:53:51+02:00
Server Time (Received): 30‏/6‏/2026، 10:52:33 ص
-----------------------------------
[UPDATE LAST]: Ibrahim (ID: 5)
204Request Received from Device!
a4:d5:c2:09:5b:df
192.168.5.105
205Request Received from Device!
a4:d5:c2:09:5b:df
192.168.5.105
-----------------------------------
[Authenticated]: Morad Alfurjani
Device Time (Original): 2026-06-30T12:11:25+02:00
Server Time (Received): 30‏/6‏/2026، 1:10:06 م
-----------------------------------
Data synced to Odoo: {
  status: 'success',
  data: [ { device_id: '15', status: 'check_out_updated' } ]
}
[FIRST IN]: Morad Alfurjani (ID: 15)
206Request Received from Device!
a4:d5:c2:09:5b:df
192.168.5.105
207Request Received from Device!
a4:d5:c2:09:5b:df
192.168.5.105
I am working...
I am working...
Compact done
Compact done
Check Out Data synced to Odoo: {
  status: 'error',
  message: 'Cannot create new attendance record for Aseel Elayeb, the employee was already checked in on 06/28/2026 01:39:05 PM'
}
Cache cleared successfully
208Request Received from Device!
a4:d5:c2:09:5c:46
192.168.5.103
-----------------------------------
[Authenticated]: NASIRULDIN AHMED
Device Time (Original): 2026-06-30T09:00:16+02:00
Server Time (Received): 30‏/6‏/2026، 3:42:45 م
-----------------------------------
Data synced to Odoo: {
  status: 'success',
  data: [ { device_id: '2', status: 'check_in_created' } ]
}
[FIRST IN]: NASIRULDIN AHMED (ID: 2)
209Request Received from Device!
a4:d5:c2:09:5b:df
192.168.5.105
-----------------------------------
[Authenticated]: Hatem  Talha
Device Time (Original): 2026-06-30T09:09:48+02:00
Server Time (Received): 30‏/6‏/2026، 3:42:51 م
-----------------------------------
Data synced to Odoo: {
  status: 'success',
  data: [ { device_id: '12', status: 'check_in_created' } ]
}
[FIRST IN]: Hatem  Talha (ID: 12)
210Request Received from Device!
a4:d5:c2:09:5b:df
192.168.5.105
-----------------------------------
[Authenticated]: RADWAN
Device Time (Original): 2026-06-30T09:16:59+02:00
Server Time (Received): 30‏/6‏/2026، 3:42:55 م
-----------------------------------
Data synced to Odoo: {
  status: 'success',
  data: [ { device_id: '20', status: 'check_in_created' } ]
}
[FIRST IN]: RADWAN (ID: 20)
211Request Received from Device!
a4:d5:c2:09:5b:df
192.168.5.105
-----------------------------------
[Authenticated]: Zakaria Elmagdmi
Device Time (Original): 2026-06-30T09:20:33+02:00
Server Time (Received): 30‏/6‏/2026، 3:43:01 م
-----------------------------------
Data synced to Odoo: {
  status: 'success',
  data: [ { device_id: '11', status: 'check_in_created' } ]
}
[FIRST IN]: Zakaria Elmagdmi (ID: 11)
212Request Received from Device!
a4:d5:c2:09:5b:df
192.168.5.105
-----------------------------------
[Authenticated]: Abdulhafith Abuighrara
Device Time (Original): 2026-06-30T09:27:58+02:00
Server Time (Received): 30‏/6‏/2026، 3:43:05 م
-----------------------------------
Data synced to Odoo: {
  status: 'success',
  data: [ { device_id: '13', status: 'check_in_created' } ]
}
[FIRST IN]: Abdulhafith Abuighrara (ID: 13)
213Request Received from Device!
a4:d5:c2:09:5b:df
192.168.5.105
-----------------------------------
[Authenticated]: Siraj Kashoukh
Device Time (Original): 2026-06-30T09:29:36+02:00
Server Time (Received): 30‏/6‏/2026، 3:43:10 م
-----------------------------------
Data synced to Odoo: {
  status: 'success',
  data: [ { device_id: '10', status: 'check_in_created' } ]
}
[FIRST IN]: Siraj Kashoukh (ID: 10)
214Request Received from Device!
a4:d5:c2:09:5b:df
192.168.5.105
-----------------------------------
[Authenticated]: Ibrahim
Device Time (Original): 2026-06-30T09:53:47+02:00
Server Time (Received): 30‏/6‏/2026، 3:43:16 م
-----------------------------------
Data synced to Odoo: {
  status: 'success',
  data: [ { device_id: '5', status: 'check_in_created' } ]
}
[FIRST IN]: Ibrahim (ID: 5)
215Request Received from Device!
a4:d5:c2:09:5b:df
192.168.5.105
-----------------------------------
[Authenticated]: Morad Alfurjani
Device Time (Original): 2026-06-30T12:11:25+02:00
Server Time (Received): 30‏/6‏/2026، 3:43:23 م
-----------------------------------
Data synced to Odoo: {
  status: 'success',
  data: [ { device_id: '15', status: 'check_in_created' } ]
}
[FIRST IN]: Morad Alfurjani (ID: 15)
216Request Received from Device!
a4:d5:c2:09:5b:df
192.168.5.105
-----------------------------------
[Authenticated]: Zahra Alhrari
Device Time (Original): 2026-06-30T08:36:57+02:00
Server Time (Received): 30‏/6‏/2026، 3:46:00 م
-----------------------------------
Data synced to Odoo: {
  status: 'success',
  data: [ { device_id: '17', status: 'check_in_created' } ]
}
[FIRST IN]: Zahra Alhrari (ID: 17)
217Request Received from Device!
a4:d5:c2:09:5b:df
192.168.5.105
-----------------------------------
[Authenticated]: Zahra Alhrari
Device Time (Original): 2026-06-30T14:57:30+02:00
Server Time (Received): 30‏/6‏/2026، 3:56:12 م
-----------------------------------
[UPDATE LAST]: Zahra Alhrari (ID: 17)
218Request Received from Device!
a4:d5:c2:09:5b:df
192.168.5.105
219Request Received from Device!
a4:d5:c2:09:5b:df
192.168.5.105
-----------------------------------
[Authenticated]: Zahra Alhrari
Device Time (Original): 2026-06-30T14:57:33+02:00
Server Time (Received): 30‏/6‏/2026، 3:56:14 م
-----------------------------------
[UPDATE LAST]: Zahra Alhrari (ID: 17)
220Request Received from Device!
a4:d5:c2:09:5b:df
192.168.5.105
221Request Received from Device!
a4:d5:c2:09:5b:df
192.168.5.105
-----------------------------------
[Authenticated]: Siraj Kashoukh
Device Time (Original): 2026-06-30T15:16:09+02:00
Server Time (Received): 30‏/6‏/2026، 4:14:50 م
-----------------------------------
[UPDATE LAST]: Siraj Kashoukh (ID: 10)
222Request Received from Device!
a4:d5:c2:09:5b:df
192.168.5.105
223Request Received from Device!
a4:d5:c2:09:5b:df
192.168.5.105
224Request Received from Device!
a4:d5:c2:09:5b:df
192.168.5.105
-----------------------------------
[Authenticated]: Asma Rhoma
Device Time (Original): 2026-06-30T15:28:53+02:00
Server Time (Received): 30‏/6‏/2026، 4:27:35 م
-----------------------------------
Data synced to Odoo: {
  status: 'success',
  data: [ { device_id: '18', status: 'check_in_created' } ]
}
[FIRST IN]: Asma Rhoma (ID: 18)
225Request Received from Device!
a4:d5:c2:09:5b:df
192.168.5.105
226Request Received from Device!
a4:d5:c2:09:5b:df
192.168.5.105
227Request Received from Device!
a4:d5:c2:09:5b:df
192.168.5.105
-----------------------------------
[Authenticated]: Zakaria Elmagdmi
Device Time (Original): 2026-06-30T15:29:53+02:00
Server Time (Received): 30‏/6‏/2026، 4:28:34 م
-----------------------------------
[UPDATE LAST]: Zakaria Elmagdmi (ID: 11)
228Request Received from Device!
a4:d5:c2:09:5b:df
192.168.5.105
229Request Received from Device!
a4:d5:c2:09:5b:df
192.168.5.105
230Request Received from Device!
a4:d5:c2:09:5b:df
192.168.5.105
-----------------------------------
[Authenticated]: Hatem  Talha
Device Time (Original): 2026-06-30T15:30:33+02:00
Server Time (Received): 30‏/6‏/2026، 4:29:15 م
-----------------------------------
[UPDATE LAST]: Hatem  Talha (ID: 12)
231Request Received from Device!
a4:d5:c2:09:5b:df
192.168.5.105
232Request Received from Device!
a4:d5:c2:09:5b:df
192.168.5.105
233Request Received from Device!
a4:d5:c2:09:5b:df
192.168.5.105
-----------------------------------
[Authenticated]: Abdulhafith Abuighrara
Device Time (Original): 2026-06-30T15:34:34+02:00
Server Time (Received): 30‏/6‏/2026، 4:33:16 م
-----------------------------------
[UPDATE LAST]: Abdulhafith Abuighrara (ID: 13)
234Request Received from Device!
a4:d5:c2:09:5b:df
192.168.5.105
235Request Received from Device!
a4:d5:c2:09:5b:df
192.168.5.105
236Request Received from Device!
a4:d5:c2:09:5b:df
192.168.5.105
-----------------------------------
[Authenticated]: Ibrahim
Device Time (Original): 2026-06-30T15:44:18+02:00
Server Time (Received): 30‏/6‏/2026، 4:42:59 م
-----------------------------------
[UPDATE LAST]: Ibrahim (ID: 5)
237Request Received from Device!
a4:d5:c2:09:5b:df
192.168.5.105
238Request Received from Device!
a4:d5:c2:09:5b:df
192.168.5.105
239Request Received from Device!
a4:d5:c2:09:5b:df
192.168.5.105
240Request Received from Device!
a4:d5:c2:09:5b:df
192.168.5.105
-----------------------------------
[Authenticated]: JUMA ELALLUS
Device Time (Original): 2026-06-30T15:51:06+02:00
Server Time (Received): 30‏/6‏/2026، 4:49:48 م
-----------------------------------
Data synced to Odoo: {
  status: 'success',
  data: [ { device_id: '1', status: 'check_in_created' } ]
}
[FIRST IN]: JUMA ELALLUS (ID: 1)
241Request Received from Device!
a4:d5:c2:09:5b:df
192.168.5.105
242Request Received from Device!
a4:d5:c2:09:5b:df
192.168.5.105
243Request Received from Device!
a4:d5:c2:09:5b:df
192.168.5.105
-----------------------------------
[Authenticated]: Morad Alfurjani
Device Time (Original): 2026-06-30T15:51:14+02:00
Server Time (Received): 30‏/6‏/2026، 4:49:56 م
-----------------------------------
[UPDATE LAST]: Morad Alfurjani (ID: 15)
244Request Received from Device!
a4:d5:c2:09:5b:df
192.168.5.105
245Request Received from Device!
a4:d5:c2:09:5b:df
192.168.5.105
246Request Received from Device!
a4:d5:c2:09:5c:46
192.168.5.103
-----------------------------------
[Authenticated]: SEFAW
Device Time (Original): 2026-06-30T16:54:33+02:00
Server Time (Received): 30‏/6‏/2026، 5:52:23 م
-----------------------------------
Data synced to Odoo: {
  status: 'success',
  data: [ { device_id: '8', status: 'check_in_created' } ]
}
[FIRST IN]: SEFAW (ID: 8)
247Request Received from Device!
a4:d5:c2:09:5c:46
192.168.5.103
248Request Received from Device!
a4:d5:c2:09:5c:46
192.168.5.103
249Request Received from Device!
a4:d5:c2:09:5c:46
192.168.5.103
-----------------------------------
[Authenticated]: NASIRULDIN AHMED
Device Time (Original): 2026-06-30T16:54:47+02:00
Server Time (Received): 30‏/6‏/2026، 5:52:37 م
-----------------------------------
[UPDATE LAST]: NASIRULDIN AHMED (ID: 2)
250Request Received from Device!
a4:d5:c2:09:5c:46
192.168.5.103
251Request Received from Device!
a4:d5:c2:09:5c:46
192.168.5.103
252Request Received from Device!
a4:d5:c2:09:5b:df
192.168.5.105
-----------------------------------
[Authenticated]: Morad Alfurjani
Device Time (Original): 2026-06-30T17:50:32+02:00
Server Time (Received): 30‏/6‏/2026، 6:49:13 م
-----------------------------------
[UPDATE LAST]: Morad Alfurjani (ID: 15)
253Request Received from Device!
a4:d5:c2:09:5b:df
192.168.5.105
254Request Received from Device!
a4:d5:c2:09:5b:df
192.168.5.105
255Request Received from Device!
a4:d5:c2:09:5b:df
192.168.5.105
-----------------------------------
[Authenticated]: Morad Alfurjani
Device Time (Original): 2026-06-30T17:52:16+02:00
Server Time (Received): 30‏/6‏/2026، 6:50:57 م
-----------------------------------
[UPDATE LAST]: Morad Alfurjani (ID: 15)
256Request Received from Device!
a4:d5:c2:09:5b:df
192.168.5.105
257Request Received from Device!
a4:d5:c2:09:5b:df
192.168.5.105
258Request Received from Device!
a4:d5:c2:09:5b:df
192.168.5.105
-----------------------------------
[Authenticated]: Zahra Alhrari
Device Time (Original): 2026-07-01T08:06:27+02:00
Server Time (Received): 1‏/7‏/2026، 9:05:07 ص
-----------------------------------
Data synced to Odoo: {
  status: 'success',
  data: [ { device_id: '17', status: 'check_out_updated' } ]
}
[FIRST IN]: Zahra Alhrari (ID: 17)
259Request Received from Device!
a4:d5:c2:09:5b:df
192.168.5.105
260Request Received from Device!
a4:d5:c2:09:5b:df
192.168.5.105
261Request Received from Device!
a4:d5:c2:09:5c:46
192.168.5.103
-----------------------------------
[Authenticated]: NASIRULDIN AHMED
Device Time (Original): 2026-07-01T08:56:44+02:00
Server Time (Received): 1‏/7‏/2026، 9:54:33 ص
-----------------------------------
Data synced to Odoo: {
  status: 'success',
  data: [ { device_id: '2', status: 'check_out_updated' } ]
}
[FIRST IN]: NASIRULDIN AHMED (ID: 2)
262Request Received from Device!
a4:d5:c2:09:5c:46
192.168.5.103
263Request Received from Device!
a4:d5:c2:09:5c:46
192.168.5.103
264Request Received from Device!
a4:d5:c2:09:5b:df
192.168.5.105
-----------------------------------
[Authenticated]: Ibrahim
Device Time (Original): 2026-07-01T09:07:30+02:00
Server Time (Received): 1‏/7‏/2026، 10:06:10 ص
-----------------------------------
Data synced to Odoo: {
  status: 'success',
  data: [ { device_id: '5', status: 'check_out_updated' } ]
}
[FIRST IN]: Ibrahim (ID: 5)
265Request Received from Device!
a4:d5:c2:09:5b:df
192.168.5.105
266Request Received from Device!
a4:d5:c2:09:5b:df
192.168.5.105
267Request Received from Device!
a4:d5:c2:09:5b:df
192.168.5.105
-----------------------------------
[Authenticated]: Asma Rhoma
Device Time (Original): 2026-07-01T09:07:42+02:00
Server Time (Received): 1‏/7‏/2026، 10:06:22 ص
-----------------------------------
Data synced to Odoo: {
  status: 'success',
  data: [ { device_id: '18', status: 'check_out_updated' } ]
}
[FIRST IN]: Asma Rhoma (ID: 18)
268Request Received from Device!
a4:d5:c2:09:5b:df
192.168.5.105
269Request Received from Device!
a4:d5:c2:09:5b:df
192.168.5.105
270Request Received from Device!
a4:d5:c2:09:5b:df
192.168.5.105
-----------------------------------
[Authenticated]: Hatem  Talha
Device Time (Original): 2026-07-01T09:15:06+02:00
Server Time (Received): 1‏/7‏/2026، 10:13:46 ص
-----------------------------------
Data synced to Odoo: {
  status: 'success',
  data: [ { device_id: '12', status: 'check_out_updated' } ]
}
[FIRST IN]: Hatem  Talha (ID: 12)
271Request Received from Device!
a4:d5:c2:09:5b:df
192.168.5.105
272Request Received from Device!
a4:d5:c2:09:5b:df
192.168.5.105
273Request Received from Device!
a4:d5:c2:09:5b:df
192.168.5.105
-----------------------------------
[Authenticated]: Abdellmalek Ramadan
Device Time (Original): 2026-07-01T09:23:06+02:00
Server Time (Received): 1‏/7‏/2026، 10:21:46 ص
-----------------------------------
Data synced to Odoo: {
  status: 'success',
  data: [ { device_id: '14', status: 'check_in_created' } ]
}
[FIRST IN]: Abdellmalek Ramadan (ID: 14)
274Request Received from Device!
a4:d5:c2:09:5b:df
192.168.5.105
275Request Received from Device!
a4:d5:c2:09:5b:df
192.168.5.105
276Request Received from Device!
a4:d5:c2:09:5b:df
192.168.5.105
-----------------------------------
[Authenticated]: Siraj Kashoukh
Device Time (Original): 2026-07-01T09:26:39+02:00
Server Time (Received): 1‏/7‏/2026، 10:25:19 ص
-----------------------------------
Data synced to Odoo: {
  status: 'success',
  data: [ { device_id: '10', status: 'check_out_updated' } ]
}
[FIRST IN]: Siraj Kashoukh (ID: 10)
277Request Received from Device!
a4:d5:c2:09:5b:df
192.168.5.105
278Request Received from Device!
a4:d5:c2:09:5b:df
192.168.5.105
279Request Received from Device!
a4:d5:c2:09:5b:df
192.168.5.105
-----------------------------------
[Authenticated]: RADWAN
Device Time (Original): 2026-07-01T09:27:26+02:00
Server Time (Received): 1‏/7‏/2026، 10:26:06 ص
-----------------------------------
Data synced to Odoo: {
  status: 'success',
  data: [ { device_id: '20', status: 'check_out_updated' } ]
}
[FIRST IN]: RADWAN (ID: 20)
280Request Received from Device!
a4:d5:c2:09:5b:df
192.168.5.105
281Request Received from Device!
a4:d5:c2:09:5b:df
192.168.5.105
282Request Received from Device!
a4:d5:c2:09:5b:df
192.168.5.105
-----------------------------------
[Authenticated]: Abdulhafith Abuighrara
Device Time (Original): 2026-07-01T09:28:06+02:00
Server Time (Received): 1‏/7‏/2026، 10:26:45 ص
-----------------------------------
Data synced to Odoo: {
  status: 'success',
  data: [ { device_id: '13', status: 'check_out_updated' } ]
}
[FIRST IN]: Abdulhafith Abuighrara (ID: 13)
283Request Received from Device!
a4:d5:c2:09:5b:df
192.168.5.105
284Request Received from Device!
a4:d5:c2:09:5b:df
192.168.5.105
Compact done
Check Out Data synced to Odoo: {
  status: 'error',
  message: 'Cannot create new attendance record for سراج خليفة كشوخ, the employee was already checked in on 06/30/2026 07:29:36 AM'
}
Cache cleared successfully
285Request Received from Device!
a4:d5:c2:09:5b:df
192.168.5.105
-----------------------------------
[Authenticated]: Morad Alfurjani
Device Time (Original): 2026-07-01T11:02:17+02:00
Server Time (Received): 1‏/7‏/2026، 12:00:57 م
-----------------------------------
Data synced to Odoo: {
  status: 'success',
  data: [ { device_id: '15', status: 'check_out_updated' } ]
}
[FIRST IN]: Morad Alfurjani (ID: 15)
286Request Received from Device!
a4:d5:c2:09:5b:df
192.168.5.105
287Request Received from Device!
a4:d5:c2:09:5b:df
192.168.5.105
288Request Received from Device!
a4:d5:c2:09:5b:df
192.168.5.105
-----------------------------------
[Authenticated]: Hatem  Talha
Device Time (Original): 2026-07-01T12:07:02+02:00
Server Time (Received): 1‏/7‏/2026، 1:05:42 م
-----------------------------------
Data synced to Odoo: {
  status: 'success',
  data: [ { device_id: '12', status: 'check_in_created' } ]
}
[FIRST IN]: Hatem  Talha (ID: 12)
289Request Received from Device!
a4:d5:c2:09:5b:df
192.168.5.105
290Request Received from Device!
a4:d5:c2:09:5b:df
192.168.5.105
291Request Received from Device!
a4:d5:c2:09:5b:df
192.168.5.105
-----------------------------------
[Authenticated]: Abdulhafith Abuighrara
Device Time (Original): 2026-07-01T12:50:31+02:00
Server Time (Received): 1‏/7‏/2026، 1:49:10 م
-----------------------------------
Data synced to Odoo: {
  status: 'success',
  data: [ { device_id: '13', status: 'check_in_created' } ]
}
[FIRST IN]: Abdulhafith Abuighrara (ID: 13)
292Request Received from Device!
a4:d5:c2:09:5b:df
192.168.5.105
293Request Received from Device!
a4:d5:c2:09:5b:df
192.168.5.105
294Request Received from Device!
a4:d5:c2:09:5b:df
192.168.5.105
-----------------------------------
[Authenticated]: Abdellmalek Ramadan
Device Time (Original): 2026-07-01T15:00:16+02:00
Server Time (Received): 1‏/7‏/2026، 3:58:55 م
-----------------------------------
Data synced to Odoo: {
  status: 'success',
  data: [ { device_id: '14', status: 'check_out_updated' } ]
}
[FIRST IN]: Abdellmalek Ramadan (ID: 14)
295Request Received from Device!
a4:d5:c2:09:5b:df
192.168.5.105
296Request Received from Device!
a4:d5:c2:09:5b:df
192.168.5.105
297Request Received from Device!
a4:d5:c2:09:5c:46
192.168.5.103
-----------------------------------
[Authenticated]: SEFAW
Device Time (Original): 2026-07-01T15:02:42+02:00
Server Time (Received): 1‏/7‏/2026، 4:00:30 م
-----------------------------------
Data synced to Odoo: {
  status: 'success',
  data: [ { device_id: '8', status: 'check_out_updated' } ]
}
[FIRST IN]: SEFAW (ID: 8)
298Request Received from Device!
a4:d5:c2:09:5c:46
192.168.5.103
299Request Received from Device!
a4:d5:c2:09:5b:df
192.168.5.105
-----------------------------------
[Authenticated]: Siraj Kashoukh
Device Time (Original): 2026-07-01T15:01:54+02:00
Server Time (Received): 1‏/7‏/2026، 4:00:34 م
-----------------------------------
Data synced to Odoo: {
  status: 'error',
  message: 'Cannot create new attendance record for سراج خليفة كشوخ, the employee was already checked in on 06/30/2026 07:29:36 AM'
}
[FIRST IN]: Siraj Kashoukh (ID: 10)
300Request Received from Device!
a4:d5:c2:09:5b:df
192.168.5.105
301Request Received from Device!
a4:d5:c2:09:5c:46
192.168.5.103
302Request Received from Device!
a4:d5:c2:09:5b:df
192.168.5.105
303Request Received from Device!
a4:d5:c2:09:5b:df
192.168.5.105
-----------------------------------
[Authenticated]: Ibrahim
Device Time (Original): 2026-07-01T15:29:21+02:00
Server Time (Received): 1‏/7‏/2026، 4:28:00 م
-----------------------------------
Data synced to Odoo: {
  status: 'success',
  data: [ { device_id: '5', status: 'check_out_updated' } ]
}
[FIRST IN]: Ibrahim (ID: 5)
304Request Received from Device!
a4:d5:c2:09:5b:df
192.168.5.105
305Request Received from Device!
a4:d5:c2:09:5b:df
192.168.5.105
306Request Received from Device!
a4:d5:c2:09:5b:df
192.168.5.105
-----------------------------------
[Authenticated]: Asma Rhoma
Device Time (Original): 2026-07-01T15:47:46+02:00
Server Time (Received): 1‏/7‏/2026، 4:46:24 م
-----------------------------------
Data synced to Odoo: {
  status: 'success',
  data: [ { device_id: '18', status: 'check_in_created' } ]
}
[FIRST IN]: Asma Rhoma (ID: 18)
307Request Received from Device!
a4:d5:c2:09:5b:df
192.168.5.105
308Request Received from Device!
a4:d5:c2:09:5b:df
192.168.5.105
309Request Received from Device!
a4:d5:c2:09:5b:df
192.168.5.105
-----------------------------------
[Authenticated]: Morad Alfurjani
Device Time (Original): 2026-07-01T15:48:52+02:00
Server Time (Received): 1‏/7‏/2026، 4:47:31 م
-----------------------------------
[UPDATE LAST]: Morad Alfurjani (ID: 15)
310Request Received from Device!
a4:d5:c2:09:5b:df
192.168.5.105
311Request Received from Device!
a4:d5:c2:09:5b:df
192.168.5.105
-----------------------------------
[Authenticated]: Morad Alfurjani
Device Time (Original): 2026-07-01T15:48:57+02:00
Server Time (Received): 1‏/7‏/2026، 4:47:35 م
-----------------------------------
[UPDATE LAST]: Morad Alfurjani (ID: 15)
312Request Received from Device!
a4:d5:c2:09:5b:df
192.168.5.105
NODE PRIORITY SETED TO HIGH
Server running on: http://localhost:3000
DB => Database Connection Success
NODE PRIORITY SETED TO HIGH
Server running on: http://localhost:3000
DB => Database Connection Success
1Request Received from Device!
a4:d5:c2:09:5b:df
192.168.5.105
2Request Received from Device!
a4:d5:c2:09:5c:46
192.168.5.103
3Request Received from Device!
a4:d5:c2:09:5b:df
192.168.5.105
4Request Received from Device!
a4:d5:c2:09:5c:46
192.168.5.103
5Request Received from Device!
a4:d5:c2:09:5b:df
192.168.5.105
6Request Received from Device!
a4:d5:c2:09:5c:46
192.168.5.103
7Request Received from Device!
a4:d5:c2:09:5c:46
192.168.5.103
Compact done
[
  'session_id=TkpcmeSYLWMakL4TtE5BrAJ81D8oIKXrarkIa-iZyfYk8dFnJakhdfrG6HryCkCRSdrqwVRXODsJ4ywkWFEB; Expires=Fri, 02 Jul 2027 02:27:38 GMT; Max-Age=604800; HttpOnly; Path=/',
  'session_id=TkpcmeSYLWMakL4TtE5BrAJ81D8oIKXrarkIa-iZyfYk8dFnJakhdfrG6HryCkCRSdrqwVRXODsJ4ywkWFEB; Expires=Fri, 02 Jul 2027 02:27:38 GMT; Max-Age=604800; HttpOnly; Path=/'
]
Logged into Odoo successfully!
Check Out Data synced to Odoo: {
  status: 'success',
  data: [
    { device_id: '5', status: 'check_in_created' },
    { device_id: '8', status: 'check_in_created' },
    { device_id: '10', status: 'check_in_created' },
    { device_id: '12', status: 'no_valid_checkout' },
    { device_id: '13', status: 'no_valid_checkout' },
    { device_id: '14', status: 'check_in_created' },
    { device_id: '15', status: 'check_in_created' },
    { device_id: '18', status: 'no_valid_checkout' }
  ]
}
Cache cleared successfully
8Request Received from Device!
a4:d5:c2:09:5b:df
192.168.5.105
-----------------------------------
[Authenticated]: Asma Rhoma
Device Time (Original): 2026-07-02T08:20:42+02:00
Server Time (Received): 2‏/7‏/2026، 9:19:20 ص
-----------------------------------
Data synced to Odoo: {
  status: 'success',
  data: [ { device_id: '18', status: 'check_in_created' } ]
}
[FIRST IN]: Asma Rhoma (ID: 18)
9Request Received from Device!
a4:d5:c2:09:5b:df
192.168.5.105
10Request Received from Device!
a4:d5:c2:09:5b:df
192.168.5.105
11Request Received from Device!
a4:d5:c2:09:5b:df
192.168.5.105
-----------------------------------
[Authenticated]: Siraj Kashoukh
Device Time (Original): 2026-07-02T09:10:16+02:00
Server Time (Received): 2‏/7‏/2026، 10:08:54 ص
-----------------------------------
Data synced to Odoo: {
  status: 'error',
  message: 'Duration must be positive and cannot exceed 24 hours.'
}
[FIRST IN]: Siraj Kashoukh (ID: 10)
12Request Received from Device!
a4:d5:c2:09:5b:df
192.168.5.105
13Request Received from Device!
a4:d5:c2:09:5b:df
192.168.5.105
14Request Received from Device!
a4:d5:c2:09:5b:df
192.168.5.105
-----------------------------------
[Authenticated]: Ibrahim
Device Time (Original): 2026-07-02T09:10:25+02:00
Server Time (Received): 2‏/7‏/2026، 10:09:02 ص
-----------------------------------
Data synced to Odoo: {
  status: 'error',
  message: 'Duration must be positive and cannot exceed 24 hours.'
}
[FIRST IN]: Ibrahim (ID: 5)
15Request Received from Device!
a4:d5:c2:09:5b:df
192.168.5.105
16Request Received from Device!
a4:d5:c2:09:5b:df
192.168.5.105
17Request Received from Device!
a4:d5:c2:09:5b:df
192.168.5.105
-----------------------------------
[Authenticated]: Abdulhafith Abuighrara
Device Time (Original): 2026-07-02T09:16:03+02:00
Server Time (Received): 2‏/7‏/2026، 10:14:40 ص
-----------------------------------
Data synced to Odoo: {
  status: 'success',
  data: [ { device_id: '13', status: 'check_in_created' } ]
}
[FIRST IN]: Abdulhafith Abuighrara (ID: 13)
18Request Received from Device!
a4:d5:c2:09:5b:df
192.168.5.105
19Request Received from Device!
a4:d5:c2:09:5b:df
192.168.5.105
20Request Received from Device!
a4:d5:c2:09:5b:df
192.168.5.105
-----------------------------------
[Authenticated]: Abdulhafith Abuighrara
Device Time (Original): 2026-07-02T09:16:11+02:00
Server Time (Received): 2‏/7‏/2026، 10:14:49 ص
-----------------------------------
[UPDATE LAST]: Abdulhafith Abuighrara (ID: 13)
21Request Received from Device!
a4:d5:c2:09:5b:df
192.168.5.105
22Request Received from Device!
a4:d5:c2:09:5b:df
192.168.5.105
23Request Received from Device!
a4:d5:c2:09:5b:df
192.168.5.105
-----------------------------------
[Authenticated]: Zakaria Elmagdmi
Device Time (Original): 2026-07-02T09:19:06+02:00
Server Time (Received): 2‏/7‏/2026، 10:17:43 ص
-----------------------------------
Data synced to Odoo: {
  status: 'success',
  data: [ { device_id: '11', status: 'check_in_created' } ]
}
[FIRST IN]: Zakaria Elmagdmi (ID: 11)
24Request Received from Device!
a4:d5:c2:09:5b:df
192.168.5.105
25Request Received from Device!
a4:d5:c2:09:5b:df
192.168.5.105
NODE PRIORITY SETED TO HIGH
Server running on: http://localhost:3000
DB => Database Connection Success
1Request Received from Device!
a4:d5:c2:09:5b:df
192.168.5.105
2Request Received from Device!
a4:d5:c2:09:5b:df
192.168.5.105
-----------------------------------
[Authenticated]: Zahra Alhrari
Device Time (Original): 2026-07-02T09:34:11+02:00
Server Time (Received): 2‏/7‏/2026، 11:11:37 ص
-----------------------------------
3Request Received from Device!
a4:d5:c2:09:5c:46
192.168.5.103
4Request Received from Device!
a4:d5:c2:09:5c:46
192.168.5.103
5Request Received from Device!
a4:d5:c2:09:5c:46
192.168.5.103
6Request Received from Device!
a4:d5:c2:09:5c:46
192.168.5.103
7Request Received from Device!
a4:d5:c2:09:5c:46
192.168.5.103
8Request Received from Device!
a4:d5:c2:09:5b:df
192.168.5.105
-----------------------------------
[Authenticated]: Zahra Alhrari
Device Time (Original): 2026-07-02T09:34:11+02:00
Server Time (Received): 2‏/7‏/2026، 11:11:43 ص
-----------------------------------
[UPDATE LAST]: Zahra Alhrari (ID: 17)
9Request Received from Device!
a4:d5:c2:09:5b:df
192.168.5.105
10Request Received from Device!
a4:d5:c2:09:5b:df
192.168.5.105
11Request Received from Device!
a4:d5:c2:09:5b:df
192.168.5.105
12Request Received from Device!
a4:d5:c2:09:5b:df
192.168.5.105
13Request Received from Device!
a4:d5:c2:09:5b:df
192.168.5.105
14Request Received from Device!
a4:d5:c2:09:5b:df
192.168.5.105
-----------------------------------
[Authenticated]: RADWAN
Device Time (Original): 2026-07-02T09:39:08+02:00
Server Time (Received): 2‏/7‏/2026، 11:11:44 ص
-----------------------------------
[
  'session_id=8vPGW5XQ197cQd-hUIPKgD3nREiOUvcPBLmZsRL4IaDjPmlN0-ICyLF8hjd7ho9zTGqocqZ7l0XhimJh2ojQ; Expires=Fri, 02 Jul 2027 08:11:45 GMT; Max-Age=604800; HttpOnly; Path=/',
  'session_id=8vPGW5XQ197cQd-hUIPKgD3nREiOUvcPBLmZsRL4IaDjPmlN0-ICyLF8hjd7ho9zTGqocqZ7l0XhimJh2ojQ; Expires=Fri, 02 Jul 2027 08:11:45 GMT; Max-Age=604800; HttpOnly; Path=/'
]
Logged into Odoo successfully!
[
  'session_id=nRUrQhqwecv4Ki3D0YL3B-0b2kJSV5UNz0etpYAypy4kdAyd4nB77cGNS-tGZmXQqdxVL4Prt-rY0NhGzQcL; Expires=Fri, 02 Jul 2027 08:11:45 GMT; Max-Age=604800; HttpOnly; Path=/',
  'session_id=nRUrQhqwecv4Ki3D0YL3B-0b2kJSV5UNz0etpYAypy4kdAyd4nB77cGNS-tGZmXQqdxVL4Prt-rY0NhGzQcL; Expires=Fri, 02 Jul 2027 08:11:45 GMT; Max-Age=604800; HttpOnly; Path=/'
]
Logged into Odoo successfully!
Data synced to Odoo: {
  status: 'success',
  data: [ { device_id: '17', status: 'check_in_created' } ]
}
[FIRST IN]: Zahra Alhrari (ID: 17)
Data synced to Odoo: {
  status: 'success',
  data: [ { device_id: '20', status: 'check_in_created' } ]
}
[FIRST IN]: RADWAN (ID: 20)
15Request Received from Device!
a4:d5:c2:09:5b:df
192.168.5.105
16Request Received from Device!
a4:d5:c2:09:5b:df
192.168.5.105
17Request Received from Device!
a4:d5:c2:09:5b:df
192.168.5.105
18Request Received from Device!
a4:d5:c2:09:5b:df
192.168.5.105
19Request Received from Device!
a4:d5:c2:09:5b:df
192.168.5.105
-----------------------------------
[Authenticated]: Morad Alfurjani
Device Time (Original): 2026-07-02T10:22:29+02:00
Server Time (Received): 2‏/7‏/2026، 11:21:06 ص
-----------------------------------
Data synced to Odoo: {
  status: 'success',
  data: [ { device_id: '15', status: 'check_out_updated' } ]
}
[FIRST IN]: Morad Alfurjani (ID: 15)
20Request Received from Device!
a4:d5:c2:09:5b:df
192.168.5.105
21Request Received from Device!
a4:d5:c2:09:5b:df
192.168.5.105
NODE PRIORITY SETED TO HIGH
Server running on: http://localhost:3000
1Request Received from Device!
a4:d5:c2:09:5c:46
192.168.5.103
DB => Database Connection Success
2Request Received from Device!
a4:d5:c2:09:5c:46
192.168.5.103
3Request Received from Device!
a4:d5:c2:09:5c:46
192.168.5.103
4Request Received from Device!
a4:d5:c2:09:5c:46
192.168.5.103
5Request Received from Device!
a4:d5:c2:09:5b:df
192.168.5.105
6Request Received from Device!
a4:d5:c2:09:5c:46
192.168.5.103
7Request Received from Device!
a4:d5:c2:09:5b:df
192.168.5.105
8Request Received from Device!
a4:d5:c2:09:5c:46
192.168.5.103
9Request Received from Device!
a4:d5:c2:09:5b:df
192.168.5.105
10Request Received from Device!
a4:d5:c2:09:5b:df
192.168.5.105
NODE PRIORITY SETED TO HIGH
Server running on: http://localhost:3000
DB => Database Connection Success
1Request Received from Device!
a4:d5:c2:09:5c:46
192.168.5.103
2Request Received from Device!
a4:d5:c2:09:5b:df
192.168.5.105
3Request Received from Device!
a4:d5:c2:09:5b:df
192.168.5.105
4Request Received from Device!
a4:d5:c2:09:5c:46
192.168.5.103
5Request Received from Device!
a4:d5:c2:09:5b:df
192.168.5.105
6Request Received from Device!
a4:d5:c2:09:5c:46
192.168.5.103
7Request Received from Device!
a4:d5:c2:09:5b:df
192.168.5.105
8Request Received from Device!
a4:d5:c2:09:5c:46
192.168.5.103
9Request Received from Device!
a4:d5:c2:09:5b:df
192.168.5.105
-----------------------------------
[Authenticated]: RADWAN
Device Time (Original): 2026-07-02T13:31:27+02:00
Server Time (Received): 2‏/7‏/2026، 3:27:23 م
-----------------------------------
[UPDATE LAST]: RADWAN (ID: 20)
10Request Received from Device!
a4:d5:c2:09:5c:46
192.168.5.103
-----------------------------------
[Authenticated]: SEFAW
Device Time (Original): 2026-07-02T13:30:57+02:00
Server Time (Received): 2‏/7‏/2026، 3:27:23 م
-----------------------------------
11Request Received from Device!
a4:d5:c2:09:5b:df
192.168.5.105
12Request Received from Device!
a4:d5:c2:09:5b:df
192.168.5.105
13Request Received from Device!
a4:d5:c2:09:5b:df
192.168.5.105
14Request Received from Device!
a4:d5:c2:09:5b:df
192.168.5.105
15Request Received from Device!
a4:d5:c2:09:5b:df
192.168.5.105
[
  'session_id=4LjPvswuFC3M899W3eV66csWYxZRC9Rd-B7ut5PUb6j3zT9S2pS2CLQVnXzraCUQFh_gpm1RoGPfdkNecRyF; Expires=Fri, 02 Jul 2027 12:27:24 GMT; Max-Age=604800; HttpOnly; Path=/',
  'session_id=4LjPvswuFC3M899W3eV66csWYxZRC9Rd-B7ut5PUb6j3zT9S2pS2CLQVnXzraCUQFh_gpm1RoGPfdkNecRyF; Expires=Fri, 02 Jul 2027 12:27:24 GMT; Max-Age=604800; HttpOnly; Path=/'
]
Logged into Odoo successfully!
Data synced to Odoo: {
  status: 'success',
  data: [ { device_id: '8', status: 'check_out_updated' } ]
}
[FIRST IN]: SEFAW (ID: 8)
16Request Received from Device!
a4:d5:c2:09:5c:46
192.168.5.103
17Request Received from Device!
a4:d5:c2:09:5c:46
192.168.5.103
18Request Received from Device!
a4:d5:c2:09:5c:46
192.168.5.103
-----------------------------------
[Authenticated]: SEFAW
Device Time (Original): 2026-07-02T13:31:30+02:00
Server Time (Received): 2‏/7‏/2026، 3:27:26 م
-----------------------------------
[UPDATE LAST]: SEFAW (ID: 8)
19Request Received from Device!
a4:d5:c2:09:5c:46
192.168.5.103
20Request Received from Device!
a4:d5:c2:09:5c:46
192.168.5.103
21Request Received from Device!
a4:d5:c2:09:5c:46
192.168.5.103
22Request Received from Device!
a4:d5:c2:09:5c:46
192.168.5.103
23Request Received from Device!
a4:d5:c2:09:5c:46
192.168.5.103
24Request Received from Device!
a4:d5:c2:09:5c:46
192.168.5.103
25Request Received from Device!
a4:d5:c2:09:5c:46
192.168.5.103
26Request Received from Device!
a4:d5:c2:09:5c:46
192.168.5.103
27Request Received from Device!
a4:d5:c2:09:5b:df
192.168.5.105
-----------------------------------
[Authenticated]: Zahra Alhrari
Device Time (Original): 2026-07-02T14:57:43+02:00
Server Time (Received): 2‏/7‏/2026، 3:56:19 م
-----------------------------------
[UPDATE LAST]: Zahra Alhrari (ID: 17)
28Request Received from Device!
a4:d5:c2:09:5b:df
192.168.5.105
29Request Received from Device!
a4:d5:c2:09:5b:df
192.168.5.105
NODE PRIORITY SETED TO HIGH
Server running on: http://localhost:3000
1Request Received from Device!
a4:d5:c2:09:5b:df
192.168.5.105
DB => Database Connection Success
2Request Received from Device!
a4:d5:c2:09:5c:46
192.168.5.103
3Request Received from Device!
a4:d5:c2:09:5c:46
192.168.5.103
4Request Received from Device!
a4:d5:c2:09:5b:df
192.168.5.105
-----------------------------------
[Authenticated]: Morad Alfurjani
Device Time (Original): 2026-07-02T15:06:23+02:00
Server Time (Received): 2‏/7‏/2026، 6:27:38 م
-----------------------------------
[UPDATE LAST]: Morad Alfurjani (ID: 15)
5Request Received from Device!
a4:d5:c2:09:5c:46
192.168.5.103
6Request Received from Device!
a4:d5:c2:09:5b:df
192.168.5.105
7Request Received from Device!
a4:d5:c2:09:5c:46
192.168.5.103
8Request Received from Device!
a4:d5:c2:09:5b:df
192.168.5.105
9Request Received from Device!
a4:d5:c2:09:5c:46
192.168.5.103
10Request Received from Device!
a4:d5:c2:09:5b:df
192.168.5.105
-----------------------------------
[Authenticated]: Siraj Kashoukh
Device Time (Original): 2026-07-02T15:08:28+02:00
Server Time (Received): 2‏/7‏/2026، 6:27:39 م
-----------------------------------
[UPDATE LAST]: Siraj Kashoukh (ID: 10)
11Request Received from Device!
a4:d5:c2:09:5c:46
192.168.5.103
12Request Received from Device!
a4:d5:c2:09:5c:46
192.168.5.103
13Request Received from Device!
a4:d5:c2:09:5b:df
192.168.5.105
14Request Received from Device!
a4:d5:c2:09:5c:46
192.168.5.103
15Request Received from Device!
a4:d5:c2:09:5b:df
192.168.5.105
-----------------------------------
[Authenticated]: Siraj Kashoukh
Device Time (Original): 2026-07-02T15:08:31+02:00
Server Time (Received): 2‏/7‏/2026، 6:27:39 م
-----------------------------------
[UPDATE LAST]: Siraj Kashoukh (ID: 10)
16Request Received from Device!
a4:d5:c2:09:5c:46
192.168.5.103
17Request Received from Device!
a4:d5:c2:09:5b:df
192.168.5.105
18Request Received from Device!
a4:d5:c2:09:5c:46
192.168.5.103
19Request Received from Device!
a4:d5:c2:09:5b:df
192.168.5.105
20Request Received from Device!
a4:d5:c2:09:5c:46
192.168.5.103
21Request Received from Device!
a4:d5:c2:09:5b:df
192.168.5.105
22Request Received from Device!
a4:d5:c2:09:5c:46
192.168.5.103
23Request Received from Device!
a4:d5:c2:09:5b:df
192.168.5.105
-----------------------------------
[Authenticated]: Asma Rhoma
Device Time (Original): 2026-07-02T15:19:01+02:00
Server Time (Received): 2‏/7‏/2026، 6:27:40 م
-----------------------------------
[UPDATE LAST]: Asma Rhoma (ID: 18)
24Request Received from Device!
a4:d5:c2:09:5c:46
192.168.5.103
-----------------------------------
[Authenticated]: SEFAW
Device Time (Original): 2026-07-02T15:48:00+02:00
Server Time (Received): 2‏/7‏/2026، 6:27:40 م
-----------------------------------
[UPDATE LAST]: SEFAW (ID: 8)
25Request Received from Device!
a4:d5:c2:09:5b:df
192.168.5.105
26Request Received from Device!
a4:d5:c2:09:5c:46
192.168.5.103
27Request Received from Device!
a4:d5:c2:09:5b:df
192.168.5.105
28Request Received from Device!
a4:d5:c2:09:5c:46
192.168.5.103
29Request Received from Device!
a4:d5:c2:09:5b:df
192.168.5.105
-----------------------------------
[Authenticated]: Hatem  Talha
Device Time (Original): 2026-07-02T15:24:22+02:00
Server Time (Received): 2‏/7‏/2026، 6:27:41 م
-----------------------------------
30Request Received from Device!
a4:d5:c2:09:5c:46
192.168.5.103
31Request Received from Device!
a4:d5:c2:09:5c:46
192.168.5.103
32Request Received from Device!
a4:d5:c2:09:5c:46
192.168.5.103
33Request Received from Device!
a4:d5:c2:09:5c:46
192.168.5.103
34Request Received from Device!
a4:d5:c2:09:5c:46
192.168.5.103
35Request Received from Device!
a4:d5:c2:09:5c:46
192.168.5.103
36Request Received from Device!
a4:d5:c2:09:5b:df
192.168.5.105
-----------------------------------
[Authenticated]: Hatem  Talha
Device Time (Original): 2026-07-02T15:24:22+02:00
Server Time (Received): 2‏/7‏/2026، 6:27:47 م
-----------------------------------
[UPDATE LAST]: Hatem  Talha (ID: 12)
37Request Received from Device!
a4:d5:c2:09:5b:df
192.168.5.105
38Request Received from Device!
a4:d5:c2:09:5b:df
192.168.5.105
39Request Received from Device!
a4:d5:c2:09:5b:df
192.168.5.105
-----------------------------------
[Authenticated]: Zakaria Elmagdmi
Device Time (Original): 2026-07-02T15:24:30+02:00
Server Time (Received): 2‏/7‏/2026، 6:27:48 م
-----------------------------------
[UPDATE LAST]: Zakaria Elmagdmi (ID: 11)
40Request Received from Device!
a4:d5:c2:09:5b:df
192.168.5.105
41Request Received from Device!
a4:d5:c2:09:5b:df
192.168.5.105
42Request Received from Device!
a4:d5:c2:09:5b:df
192.168.5.105
-----------------------------------
[Authenticated]: Ibrahim
Device Time (Original): 2026-07-02T15:25:47+02:00
Server Time (Received): 2‏/7‏/2026، 6:27:49 م
-----------------------------------
[UPDATE LAST]: Ibrahim (ID: 5)
43Request Received from Device!
a4:d5:c2:09:5b:df
192.168.5.105
44Request Received from Device!
a4:d5:c2:09:5b:df
192.168.5.105
45Request Received from Device!
a4:d5:c2:09:5b:df
192.168.5.105
46Request Received from Device!
a4:d5:c2:09:5b:df
192.168.5.105
-----------------------------------
[Authenticated]: Abdulhafith Abuighrara
Device Time (Original): 2026-07-02T15:29:16+02:00
Server Time (Received): 2‏/7‏/2026، 6:27:50 م
-----------------------------------
[UPDATE LAST]: Abdulhafith Abuighrara (ID: 13)
[
  'session_id=whFUPSLDrP0LMfgfEA0MUg6sfXrP6Vlz_jW9czCP3-hxxtHKWKHT9Fx9j4a78ngYklXu4LreIXJfe3SvhG5k; Expires=Fri, 02 Jul 2027 15:27:50 GMT; Max-Age=604800; HttpOnly; Path=/',
  'session_id=whFUPSLDrP0LMfgfEA0MUg6sfXrP6Vlz_jW9czCP3-hxxtHKWKHT9Fx9j4a78ngYklXu4LreIXJfe3SvhG5k; Expires=Fri, 02 Jul 2027 15:27:50 GMT; Max-Age=604800; HttpOnly; Path=/'
]
Logged into Odoo successfully!
47Request Received from Device!
a4:d5:c2:09:5b:df
192.168.5.105
48Request Received from Device!
a4:d5:c2:09:5b:df
192.168.5.105
Data synced to Odoo: {
  status: 'success',
  data: [ { device_id: '12', status: 'check_in_created' } ]
}
[FIRST IN]: Hatem  Talha (ID: 12)
49Request Received from Device!
a4:d5:c2:09:5b:df
192.168.5.105
50Request Received from Device!
a4:d5:c2:09:5b:df
192.168.5.105
51Request Received from Device!
a4:d5:c2:09:5b:df
192.168.5.105
52Request Received from Device!
a4:d5:c2:09:5b:df
192.168.5.105
53Request Received from Device!
a4:d5:c2:09:5b:df
192.168.5.105
54Request Received from Device!
a4:d5:c2:09:5b:df
192.168.5.105
55Request Received from Device!
a4:d5:c2:09:5b:df
192.168.5.105
56Request Received from Device!
a4:d5:c2:09:5b:df
192.168.5.105
NODE PRIORITY SETED TO HIGH
Server running on: http://localhost:3000
DB => Database Connection Success
NODE PRIORITY SETED TO HIGH
Server running on: http://localhost:3000
DB => Database Connection Success
NODE PRIORITY SETED TO HIGH
Server running on: http://localhost:3000
DB => Database Connection Success
NODE PRIORITY SETED TO HIGH
Server running on: http://localhost:3000
DB => Database Connection Success
NODE PRIORITY SETED TO HIGH
Server running on: http://localhost:3000
DB => Database Connection Success
NODE PRIORITY SETED TO HIGH
Server running on: http://localhost:3000
DB => Database Connection Success
NODE PRIORITY SETED TO HIGH
Server running on: http://localhost:3000
DB => Database Connection Success
NODE PRIORITY SETED TO HIGH
Server running on: http://localhost:3000
DB => Database Connection Success
NODE PRIORITY SETED TO HIGH
Server running on: http://localhost:3000
DB => Database Connection Success
NODE PRIORITY SETED TO HIGH
Server running on: http://localhost:3000
DB => Database Connection Success
NODE PRIORITY SETED TO HIGH
Server running on: http://localhost:3000
DB => Database Connection Success
NODE PRIORITY SETED TO HIGH
Server running on: http://localhost:3000
DB => Database Connection Success
NODE PRIORITY SETED TO HIGH
Server running on: http://localhost:3000
DB => Database Connection Success
NODE PRIORITY SETED TO HIGH
Server running on: http://localhost:3000
DB => Database Connection Success
1Request Received from Device!
a4:d5:c2:09:5c:46
192.168.5.103
2Request Received from Device!
a4:d5:c2:09:5b:df
192.168.5.105
3Request Received from Device!
a4:d5:c2:09:5c:46
192.168.5.103
4Request Received from Device!
a4:d5:c2:09:5b:df
192.168.5.105
5Request Received from Device!
a4:d5:c2:09:5c:46
192.168.5.103
6Request Received from Device!
a4:d5:c2:09:5b:df
192.168.5.105
7Request Received from Device!
a4:d5:c2:09:5b:df
192.168.5.105
8Request Received from Device!
a4:d5:c2:09:5c:46
192.168.5.103
9Request Received from Device!
a4:d5:c2:09:5b:df
192.168.5.105
10Request Received from Device!
a4:d5:c2:09:5c:46
192.168.5.103
11Request Received from Device!
a4:d5:c2:09:5b:df
192.168.5.105
12Request Received from Device!
a4:d5:c2:09:5c:46
192.168.5.103
13Request Received from Device!
a4:d5:c2:09:5c:46
192.168.5.103
14Request Received from Device!
a4:d5:c2:09:5c:46
192.168.5.103
15Request Received from Device!
a4:d5:c2:09:5b:df
192.168.5.105
-----------------------------------
[Authenticated]: Zahra Alhrari
Device Time (Original): 2026-07-05T07:51:01+02:00
Server Time (Received): 5‏/7‏/2026، 8:49:31 ص
-----------------------------------
[
  'session_id=MUFEJIgwKEoIMCaxSUDvUKx9J0fwOZ-cam1NgVuXdMJfQ6M9yrmUK60HS_PFITIA079ue2NmSwliGr0gL2Xw; Expires=Mon, 05 Jul 2027 05:49:32 GMT; Max-Age=604800; HttpOnly; Path=/',
  'session_id=MUFEJIgwKEoIMCaxSUDvUKx9J0fwOZ-cam1NgVuXdMJfQ6M9yrmUK60HS_PFITIA079ue2NmSwliGr0gL2Xw; Expires=Mon, 05 Jul 2027 05:49:32 GMT; Max-Age=604800; HttpOnly; Path=/'
]
Logged into Odoo successfully!
Data synced to Odoo: {
  status: 'success',
  data: [ { device_id: '17', status: 'check_out_updated' } ]
}
[FIRST IN]: Zahra Alhrari (ID: 17)
16Request Received from Device!
a4:d5:c2:09:5b:df
192.168.5.105
17Request Received from Device!
a4:d5:c2:09:5b:df
192.168.5.105
18Request Received from Device!
a4:d5:c2:09:5b:df
192.168.5.105
-----------------------------------
[Authenticated]: Asma Rhoma
Device Time (Original): 2026-07-05T09:00:31+02:00
Server Time (Received): 5‏/7‏/2026، 9:59:00 ص
-----------------------------------
Data synced to Odoo: {
  status: 'success',
  data: [ { device_id: '18', status: 'check_out_updated' } ]
}
[FIRST IN]: Asma Rhoma (ID: 18)
19Request Received from Device!
a4:d5:c2:09:5b:df
192.168.5.105
20Request Received from Device!
a4:d5:c2:09:5b:df
192.168.5.105
21Request Received from Device!
a4:d5:c2:09:5c:46
192.168.5.103
-----------------------------------
[Authenticated]: SEFAW
Device Time (Original): 2026-07-05T09:09:55+02:00
Server Time (Received): 5‏/7‏/2026، 10:07:32 ص
-----------------------------------
Data synced to Odoo: {
  status: 'success',
  data: [ { device_id: '8', status: 'check_in_created' } ]
}
[FIRST IN]: SEFAW (ID: 8)
22Request Received from Device!
a4:d5:c2:09:5c:46
192.168.5.103
23Request Received from Device!
a4:d5:c2:09:5c:46
192.168.5.103
24Request Received from Device!
a4:d5:c2:09:5b:df
192.168.5.105
-----------------------------------
[Authenticated]: Abdellmalek Ramadan
Device Time (Original): 2026-07-05T09:13:18+02:00
Server Time (Received): 5‏/7‏/2026، 10:11:48 ص
-----------------------------------
Data synced to Odoo: {
  status: 'success',
  data: [ { device_id: '14', status: 'check_out_updated' } ]
}
[FIRST IN]: Abdellmalek Ramadan (ID: 14)
25Request Received from Device!
a4:d5:c2:09:5b:df
192.168.5.105
26Request Received from Device!
a4:d5:c2:09:5b:df
192.168.5.105
27Request Received from Device!
a4:d5:c2:09:5b:df
192.168.5.105
-----------------------------------
[Authenticated]: Ibrahim
Device Time (Original): 2026-07-05T09:16:02+02:00
Server Time (Received): 5‏/7‏/2026، 10:14:32 ص
-----------------------------------
Data synced to Odoo: {
  status: 'success',
  data: [ { device_id: '5', status: 'check_in_created' } ]
}
[FIRST IN]: Ibrahim (ID: 5)
28Request Received from Device!
a4:d5:c2:09:5b:df
192.168.5.105
29Request Received from Device!
a4:d5:c2:09:5b:df
192.168.5.105
30Request Received from Device!
a4:d5:c2:09:5b:df
192.168.5.105
-----------------------------------
[Authenticated]: RADWAN
Device Time (Original): 2026-07-05T09:20:12+02:00
Server Time (Received): 5‏/7‏/2026، 10:18:41 ص
-----------------------------------
Data synced to Odoo: {
  status: 'success',
  data: [ { device_id: '20', status: 'check_out_updated' } ]
}
[FIRST IN]: RADWAN (ID: 20)
31Request Received from Device!
a4:d5:c2:09:5b:df
192.168.5.105
32Request Received from Device!
a4:d5:c2:09:5b:df
192.168.5.105
33Request Received from Device!
a4:d5:c2:09:5b:df
192.168.5.105
-----------------------------------
[Authenticated]: Hatem  Talha
Device Time (Original): 2026-07-05T09:29:01+02:00
Server Time (Received): 5‏/7‏/2026، 10:27:31 ص
-----------------------------------
Data synced to Odoo: {
  status: 'success',
  data: [ { device_id: '12', status: 'check_out_updated' } ]
}
[FIRST IN]: Hatem  Talha (ID: 12)
34Request Received from Device!
a4:d5:c2:09:5b:df
192.168.5.105
35Request Received from Device!
a4:d5:c2:09:5b:df
192.168.5.105
36Request Received from Device!
a4:d5:c2:09:5b:df
192.168.5.105
-----------------------------------
[Authenticated]: Siraj Kashoukh
Device Time (Original): 2026-07-05T09:55:26+02:00
Server Time (Received): 5‏/7‏/2026، 10:53:55 ص
-----------------------------------
Data synced to Odoo: {
  status: 'success',
  data: [ { device_id: '10', status: 'check_in_created' } ]
}
[FIRST IN]: Siraj Kashoukh (ID: 10)
37Request Received from Device!
a4:d5:c2:09:5b:df
192.168.5.105
38Request Received from Device!
a4:d5:c2:09:5b:df
192.168.5.105
Compact done
Check Out Data synced to Odoo: {
  status: 'error',
  message: 'Cannot create new attendance record for زهرة عياد الحراري, the employee was already checked in on 07/02/2026 07:34:11 AM'
}
Cache cleared successfully
39Request Received from Device!
a4:d5:c2:09:5b:df
192.168.5.105
-----------------------------------
[Authenticated]: Zakaria Elmagdmi
Device Time (Original): 2026-07-05T11:01:30+02:00
Server Time (Received): 5‏/7‏/2026، 12:00:00 م
-----------------------------------
Data synced to Odoo: {
  status: 'success',
  data: [ { device_id: '11', status: 'check_in_created' } ]
}
[FIRST IN]: Zakaria Elmagdmi (ID: 11)
40Request Received from Device!
a4:d5:c2:09:5b:df
192.168.5.105
41Request Received from Device!
a4:d5:c2:09:5b:df
192.168.5.105
42Request Received from Device!
a4:d5:c2:09:5b:df
192.168.5.105
-----------------------------------
[Authenticated]: RADWAN
Device Time (Original): 2026-07-05T13:27:51+02:00
Server Time (Received): 5‏/7‏/2026، 2:26:20 م
-----------------------------------
Data synced to Odoo: {
  status: 'success',
  data: [ { device_id: '20', status: 'check_in_created' } ]
}
[FIRST IN]: RADWAN (ID: 20)
43Request Received from Device!
a4:d5:c2:09:5b:df
192.168.5.105
44Request Received from Device!
a4:d5:c2:09:5b:df
192.168.5.105
NODE PRIORITY SETED TO HIGH
Server running on: http://localhost:3000
DB => Database Connection Success
1Request Received from Device!
a4:d5:c2:09:5c:46
192.168.5.103
2Request Received from Device!
a4:d5:c2:09:5b:df
192.168.5.105
3Request Received from Device!
a4:d5:c2:09:5b:df
192.168.5.105
4Request Received from Device!
a4:d5:c2:09:5c:46
192.168.5.103
-----------------------------------
[Authenticated]: SEFAW
Device Time (Original): 2026-07-05T13:55:55+02:00
Server Time (Received): 5‏/7‏/2026، 3:26:50 م
-----------------------------------
5Request Received from Device!
a4:d5:c2:09:5b:df
192.168.5.105
6Request Received from Device!
a4:d5:c2:09:5c:46
192.168.5.103
-----------------------------------
[Authenticated]: SEFAW
Device Time (Original): 2026-07-05T13:55:55+02:00
Server Time (Received): 5‏/7‏/2026، 3:26:56 م
-----------------------------------
[UPDATE LAST]: SEFAW (ID: 8)
7Request Received from Device!
a4:d5:c2:09:5c:46
192.168.5.103
8Request Received from Device!
a4:d5:c2:09:5c:46
192.168.5.103
9Request Received from Device!
a4:d5:c2:09:5c:46
192.168.5.103
10Request Received from Device!
a4:d5:c2:09:5c:46
192.168.5.103
11Request Received from Device!
a4:d5:c2:09:5c:46
192.168.5.103
12Request Received from Device!
a4:d5:c2:09:5c:46
192.168.5.103
13Request Received from Device!
a4:d5:c2:09:5c:46
192.168.5.103
[
  'session_id=pZzli5vxiHILU0PSSCixZ77x4tRcG-20FkNiSyX0yXlBN-YBl7Nyh4Ts8Bre4Wm-eeS-6PtWf9xPVVJINdxp; Expires=Mon, 05 Jul 2027 12:26:59 GMT; Max-Age=604800; HttpOnly; Path=/',
  'session_id=pZzli5vxiHILU0PSSCixZ77x4tRcG-20FkNiSyX0yXlBN-YBl7Nyh4Ts8Bre4Wm-eeS-6PtWf9xPVVJINdxp; Expires=Mon, 05 Jul 2027 12:26:59 GMT; Max-Age=604800; HttpOnly; Path=/'
]
Logged into Odoo successfully!
Data synced to Odoo: {
  status: 'success',
  data: [ { device_id: '8', status: 'check_out_updated' } ]
}
[FIRST IN]: SEFAW (ID: 8)
14Request Received from Device!
a4:d5:c2:09:5b:df
192.168.5.105
-----------------------------------
[Authenticated]: Zahra Alhrari
Device Time (Original): 2026-07-05T15:03:05+02:00
Server Time (Received): 5‏/7‏/2026، 4:01:34 م
-----------------------------------
Data synced to Odoo: {
  status: 'error',
  message: 'Cannot create new attendance record for زهرة عياد الحراري, the employee was already checked in on 07/02/2026 07:34:11 AM'
}
[FIRST IN]: Zahra Alhrari (ID: 17)
15Request Received from Device!
a4:d5:c2:09:5b:df
192.168.5.105
16Request Received from Device!
a4:d5:c2:09:5b:df
192.168.5.105
17Request Received from Device!
a4:d5:c2:09:5b:df
192.168.5.105
-----------------------------------
[Authenticated]: Siraj Kashoukh
Device Time (Original): 2026-07-05T15:20:28+02:00
Server Time (Received): 5‏/7‏/2026، 4:18:56 م
-----------------------------------
Data synced to Odoo: {
  status: 'success',
  data: [ { device_id: '10', status: 'check_out_updated' } ]
}
[FIRST IN]: Siraj Kashoukh (ID: 10)
18Request Received from Device!
a4:d5:c2:09:5b:df
192.168.5.105
19Request Received from Device!
a4:d5:c2:09:5b:df
192.168.5.105
20Request Received from Device!
a4:d5:c2:09:5b:df
192.168.5.105
-----------------------------------
[Authenticated]: Hatem  Talha
Device Time (Original): 2026-07-05T15:22:19+02:00
Server Time (Received): 5‏/7‏/2026، 4:20:47 م
-----------------------------------
Data synced to Odoo: {
  status: 'success',
  data: [ { device_id: '12', status: 'check_out_updated' } ]
}
[FIRST IN]: Hatem  Talha (ID: 12)
21Request Received from Device!
a4:d5:c2:09:5b:df
192.168.5.105
22Request Received from Device!
a4:d5:c2:09:5b:df
192.168.5.105
23Request Received from Device!
a4:d5:c2:09:5b:df
192.168.5.105
-----------------------------------
[Authenticated]: Abdellmalek Ramadan
Device Time (Original): 2026-07-05T15:23:58+02:00
Server Time (Received): 5‏/7‏/2026، 4:22:26 م
-----------------------------------
Data synced to Odoo: {
  status: 'success',
  data: [ { device_id: '14', status: 'check_out_updated' } ]
}
[FIRST IN]: Abdellmalek Ramadan (ID: 14)
24Request Received from Device!
a4:d5:c2:09:5b:df
192.168.5.105
25Request Received from Device!
a4:d5:c2:09:5b:df
192.168.5.105
26Request Received from Device!
a4:d5:c2:09:5b:df
192.168.5.105
-----------------------------------
[Authenticated]: Zakaria Elmagdmi
Device Time (Original): 2026-07-05T15:26:15+02:00
Server Time (Received): 5‏/7‏/2026، 4:24:44 م
-----------------------------------
[UPDATE LAST]: Zakaria Elmagdmi (ID: 11)
27Request Received from Device!
a4:d5:c2:09:5b:df
192.168.5.105
28Request Received from Device!
a4:d5:c2:09:5b:df
192.168.5.105
29Request Received from Device!
a4:d5:c2:09:5b:df
192.168.5.105
-----------------------------------
[Authenticated]: Asma Rhoma
Device Time (Original): 2026-07-05T15:35:24+02:00
Server Time (Received): 5‏/7‏/2026، 4:33:52 م
-----------------------------------
Data synced to Odoo: {
  status: 'success',
  data: [ { device_id: '18', status: 'check_in_created' } ]
}
[FIRST IN]: Asma Rhoma (ID: 18)
30Request Received from Device!
a4:d5:c2:09:5b:df
192.168.5.105
31Request Received from Device!
a4:d5:c2:09:5b:df
192.168.5.105
32Request Received from Device!
a4:d5:c2:09:5b:df
192.168.5.105
-----------------------------------
[Authenticated]: Ibrahim
Device Time (Original): 2026-07-05T15:36:47+02:00
Server Time (Received): 5‏/7‏/2026، 4:35:15 م
-----------------------------------
Data synced to Odoo: {
  status: 'success',
  data: [ { device_id: '5', status: 'check_out_updated' } ]
}
[FIRST IN]: Ibrahim (ID: 5)
33Request Received from Device!
a4:d5:c2:09:5b:df
192.168.5.105
34Request Received from Device!
a4:d5:c2:09:5b:df
192.168.5.105
35Request Received from Device!
a4:d5:c2:09:5c:46
192.168.5.103
-----------------------------------
[Authenticated]: SEFAW
Device Time (Original): 2026-07-05T16:04:53+02:00
Server Time (Received): 5‏/7‏/2026، 5:02:30 م
-----------------------------------
[UPDATE LAST]: SEFAW (ID: 8)
36Request Received from Device!
a4:d5:c2:09:5c:46
192.168.5.103
37Request Received from Device!
a4:d5:c2:09:5c:46
192.168.5.103
NODE PRIORITY SETED TO HIGH
Server running on: http://localhost:3000
DB => Database Connection Success
1Request Received from Device!
a4:d5:c2:09:5c:46
192.168.5.103
2Request Received from Device!
a4:d5:c2:09:5b:df
192.168.5.105
3Request Received from Device!
a4:d5:c2:09:5c:46
192.168.5.103
4Request Received from Device!
a4:d5:c2:09:5b:df
192.168.5.105
5Request Received from Device!
a4:d5:c2:09:5b:df
192.168.5.105
6Request Received from Device!
a4:d5:c2:09:5c:46
192.168.5.103
7Request Received from Device!
a4:d5:c2:09:5c:46
192.168.5.103
8Request Received from Device!
a4:d5:c2:09:5b:df
192.168.5.105
-----------------------------------
[Authenticated]: Asma Rhoma
Device Time (Original): 2026-07-06T08:46:29+02:00
Server Time (Received): 6‏/7‏/2026، 9:44:56 ص
-----------------------------------
[
  'session_id=wcfr_52Kl5mM4T7rda73zKZeJUvzbm7ucCQfLX6dKQE7ocP6psRp0g2Vt543-Uda0ldgb_XFDMLrY6vVca0D; Expires=Tue, 06 Jul 2027 06:44:57 GMT; Max-Age=604800; HttpOnly; Path=/',
  'session_id=wcfr_52Kl5mM4T7rda73zKZeJUvzbm7ucCQfLX6dKQE7ocP6psRp0g2Vt543-Uda0ldgb_XFDMLrY6vVca0D; Expires=Tue, 06 Jul 2027 06:44:57 GMT; Max-Age=604800; HttpOnly; Path=/'
]
Logged into Odoo successfully!
Data synced to Odoo: {
  status: 'error',
  message: 'Duration must be positive and cannot exceed 24 hours.'
}
[FIRST IN]: Asma Rhoma (ID: 18)
9Request Received from Device!
a4:d5:c2:09:5b:df
192.168.5.105
10Request Received from Device!
a4:d5:c2:09:5b:df
192.168.5.105
11Request Received from Device!
a4:d5:c2:09:5b:df
192.168.5.105
-----------------------------------
[Authenticated]: Zahra Alhrari
Device Time (Original): 2026-07-06T08:47:21+02:00
Server Time (Received): 6‏/7‏/2026، 9:45:48 ص
-----------------------------------
Data synced to Odoo: {
  status: 'success',
  data: [ { device_id: '17', status: 'check_in_created' } ]
}
[FIRST IN]: Zahra Alhrari (ID: 17)
12Request Received from Device!
a4:d5:c2:09:5b:df
192.168.5.105
13Request Received from Device!
a4:d5:c2:09:5b:df
192.168.5.105
-----------------------------------
[Authenticated]: Zahra Alhrari
Device Time (Original): 2026-07-06T08:47:24+02:00
Server Time (Received): 6‏/7‏/2026، 9:45:51 ص
-----------------------------------
[UPDATE LAST]: Zahra Alhrari (ID: 17)
14Request Received from Device!
a4:d5:c2:09:5b:df
192.168.5.105
15Request Received from Device!
a4:d5:c2:09:5b:df
192.168.5.105
-----------------------------------
[Authenticated]: Ibrahim
Device Time (Original): 2026-07-06T09:13:10+02:00
Server Time (Received): 6‏/7‏/2026، 10:11:37 ص
-----------------------------------
Data synced to Odoo: {
  status: 'success',
  data: [ { device_id: '5', status: 'check_in_created' } ]
}
[FIRST IN]: Ibrahim (ID: 5)
16Request Received from Device!
a4:d5:c2:09:5b:df
192.168.5.105
17Request Received from Device!
a4:d5:c2:09:5b:df
192.168.5.105
-----------------------------------
[Authenticated]: Abdellmalek Ramadan
Device Time (Original): 2026-07-06T09:13:14+02:00
Server Time (Received): 6‏/7‏/2026، 10:11:42 ص
-----------------------------------
Data synced to Odoo: {
  status: 'success',
  data: [ { device_id: '14', status: 'check_in_created' } ]
}
[FIRST IN]: Abdellmalek Ramadan (ID: 14)
18Request Received from Device!
a4:d5:c2:09:5b:df
192.168.5.105
19Request Received from Device!
a4:d5:c2:09:5b:df
192.168.5.105
-----------------------------------
[Authenticated]: Abdulhafith Abuighrara
Device Time (Original): 2026-07-06T09:15:39+02:00
Server Time (Received): 6‏/7‏/2026، 10:14:06 ص
-----------------------------------
Data synced to Odoo: {
  status: 'success',
  data: [ { device_id: '13', status: 'check_in_created' } ]
}
[FIRST IN]: Abdulhafith Abuighrara (ID: 13)
20Request Received from Device!
a4:d5:c2:09:5b:df
192.168.5.105
21Request Received from Device!
a4:d5:c2:09:5b:df
192.168.5.105
22Request Received from Device!
a4:d5:c2:09:5b:df
192.168.5.105
-----------------------------------
[Authenticated]: Hatem  Talha
Device Time (Original): 2026-07-06T09:16:16+02:00
Server Time (Received): 6‏/7‏/2026، 10:14:43 ص
-----------------------------------
Data synced to Odoo: {
  status: 'success',
  data: [ { device_id: '12', status: 'check_in_created' } ]
}
[FIRST IN]: Hatem  Talha (ID: 12)
23Request Received from Device!
a4:d5:c2:09:5b:df
192.168.5.105
24Request Received from Device!
a4:d5:c2:09:5b:df
192.168.5.105
25Request Received from Device!
a4:d5:c2:09:5b:df
192.168.5.105
-----------------------------------
[Authenticated]: Siraj Kashoukh
Device Time (Original): 2026-07-06T09:38:01+02:00
Server Time (Received): 6‏/7‏/2026، 10:36:27 ص
-----------------------------------
Data synced to Odoo: {
  status: 'success',
  data: [ { device_id: '10', status: 'check_in_created' } ]
}
[FIRST IN]: Siraj Kashoukh (ID: 10)
26Request Received from Device!
a4:d5:c2:09:5b:df
192.168.5.105
27Request Received from Device!
a4:d5:c2:09:5b:df
192.168.5.105
28Request Received from Device!
a4:d5:c2:09:5b:df
192.168.5.105
-----------------------------------
[Authenticated]: Zakaria Elmagdmi
Device Time (Original): 2026-07-06T09:52:29+02:00
Server Time (Received): 6‏/7‏/2026، 10:50:56 ص
-----------------------------------
Data synced to Odoo: {
  status: 'success',
  data: [ { device_id: '11', status: 'check_out_updated' } ]
}
[FIRST IN]: Zakaria Elmagdmi (ID: 11)
29Request Received from Device!
a4:d5:c2:09:5b:df
192.168.5.105
30Request Received from Device!
a4:d5:c2:09:5b:df
192.168.5.105
31Request Received from Device!
a4:d5:c2:09:5b:df
192.168.5.105
-----------------------------------
[Authenticated]: RADWAN
Device Time (Original): 2026-07-06T10:18:59+02:00
Server Time (Received): 6‏/7‏/2026، 11:17:25 ص
-----------------------------------
Data synced to Odoo: {
  status: 'error',
  message: 'Duration must be positive and cannot exceed 24 hours.'
}
[FIRST IN]: RADWAN (ID: 20)
32Request Received from Device!
a4:d5:c2:09:5b:df
192.168.5.105
33Request Received from Device!
a4:d5:c2:09:5b:df
192.168.5.105
34Request Received from Device!
a4:d5:c2:09:5b:df
192.168.5.105
-----------------------------------
[Authenticated]: RADWAN
Device Time (Original): 2026-07-06T13:22:24+02:00
Server Time (Received): 6‏/7‏/2026، 2:20:51 م
-----------------------------------
[UPDATE LAST]: RADWAN (ID: 20)
35Request Received from Device!
a4:d5:c2:09:5b:df
192.168.5.105
36Request Received from Device!
a4:d5:c2:09:5b:df
192.168.5.105
37Request Received from Device!
a4:d5:c2:09:5b:df
192.168.5.105
-----------------------------------
[Authenticated]: Zahra Alhrari
Device Time (Original): 2026-07-06T15:05:15+02:00
Server Time (Received): 6‏/7‏/2026، 4:03:42 م
-----------------------------------
[UPDATE LAST]: Zahra Alhrari (ID: 17)
38Request Received from Device!
a4:d5:c2:09:5b:df
192.168.5.105
39Request Received from Device!
a4:d5:c2:09:5b:df
192.168.5.105
40Request Received from Device!
a4:d5:c2:09:5b:df
192.168.5.105
-----------------------------------
[Authenticated]: Siraj Kashoukh
Device Time (Original): 2026-07-06T15:20:09+02:00
Server Time (Received): 6‏/7‏/2026، 4:18:34 م
-----------------------------------
[UPDATE LAST]: Siraj Kashoukh (ID: 10)
41Request Received from Device!
a4:d5:c2:09:5b:df
192.168.5.105
42Request Received from Device!
a4:d5:c2:09:5b:df
192.168.5.105
43Request Received from Device!
a4:d5:c2:09:5b:df
192.168.5.105
-----------------------------------
[Authenticated]: Asma Rhoma
Device Time (Original): 2026-07-06T15:21:39+02:00
Server Time (Received): 6‏/7‏/2026، 4:20:05 م
-----------------------------------
[UPDATE LAST]: Asma Rhoma (ID: 18)
44Request Received from Device!
a4:d5:c2:09:5b:df
192.168.5.105
45Request Received from Device!
a4:d5:c2:09:5b:df
192.168.5.105
46Request Received from Device!
a4:d5:c2:09:5b:df
192.168.5.105
-----------------------------------
[Authenticated]: Asma Rhoma
Device Time (Original): 2026-07-06T15:21:45+02:00
Server Time (Received): 6‏/7‏/2026، 4:20:11 م
-----------------------------------
[UPDATE LAST]: Asma Rhoma (ID: 18)
47Request Received from Device!
a4:d5:c2:09:5b:df
192.168.5.105
48Request Received from Device!
a4:d5:c2:09:5b:df
192.168.5.105
49Request Received from Device!
a4:d5:c2:09:5b:df
192.168.5.105
-----------------------------------
[Authenticated]: Zakaria Elmagdmi
Device Time (Original): 2026-07-06T15:21:54+02:00
Server Time (Received): 6‏/7‏/2026، 4:20:20 م
-----------------------------------
[UPDATE LAST]: Zakaria Elmagdmi (ID: 11)
50Request Received from Device!
a4:d5:c2:09:5b:df
192.168.5.105
51Request Received from Device!
a4:d5:c2:09:5b:df
192.168.5.105
52Request Received from Device!
a4:d5:c2:09:5b:df
192.168.5.105
-----------------------------------
[Authenticated]: Abdulhafith Abuighrara
Device Time (Original): 2026-07-06T15:22:09+02:00
Server Time (Received): 6‏/7‏/2026، 4:20:35 م
-----------------------------------
[UPDATE LAST]: Abdulhafith Abuighrara (ID: 13)
53Request Received from Device!
a4:d5:c2:09:5b:df
192.168.5.105
54Request Received from Device!
a4:d5:c2:09:5b:df
192.168.5.105
55Request Received from Device!
a4:d5:c2:09:5b:df
192.168.5.105
-----------------------------------
[Authenticated]: Hatem  Talha
Device Time (Original): 2026-07-06T15:22:40+02:00
Server Time (Received): 6‏/7‏/2026، 4:21:06 م
-----------------------------------
[UPDATE LAST]: Hatem  Talha (ID: 12)
56Request Received from Device!
a4:d5:c2:09:5b:df
192.168.5.105
57Request Received from Device!
a4:d5:c2:09:5b:df
192.168.5.105
58Request Received from Device!
a4:d5:c2:09:5b:df
192.168.5.105
-----------------------------------
[Authenticated]: Abdellmalek Ramadan
Device Time (Original): 2026-07-06T15:23:27+02:00
Server Time (Received): 6‏/7‏/2026، 4:21:53 م
-----------------------------------
[UPDATE LAST]: Abdellmalek Ramadan (ID: 14)
59Request Received from Device!
a4:d5:c2:09:5b:df
192.168.5.105
60Request Received from Device!
a4:d5:c2:09:5b:df
192.168.5.105
61Request Received from Device!
a4:d5:c2:09:5b:df
192.168.5.105
-----------------------------------
[Authenticated]: Ibrahim
Device Time (Original): 2026-07-06T15:36:01+02:00
Server Time (Received): 6‏/7‏/2026، 4:34:27 م
-----------------------------------
[UPDATE LAST]: Ibrahim (ID: 5)
62Request Received from Device!
a4:d5:c2:09:5b:df
192.168.5.105
63Request Received from Device!
a4:d5:c2:09:5b:df
192.168.5.105
64Request Received from Device!
a4:d5:c2:09:5b:df
192.168.5.105
-----------------------------------
[Authenticated]: Zahra Alhrari
Device Time (Original): 2026-07-07T07:51:43+02:00
Server Time (Received): 7‏/7‏/2026، 8:50:08 ص
-----------------------------------
Data synced to Odoo: {
  status: 'success',
  data: [ { device_id: '17', status: 'check_out_updated' } ]
}
[FIRST IN]: Zahra Alhrari (ID: 17)
65Request Received from Device!
a4:d5:c2:09:5b:df
192.168.5.105
66Request Received from Device!
a4:d5:c2:09:5b:df
192.168.5.105
67Request Received from Device!
a4:d5:c2:09:5b:df
192.168.5.105
-----------------------------------
[Authenticated]: Asma Rhoma
Device Time (Original): 2026-07-07T09:02:04+02:00
Server Time (Received): 7‏/7‏/2026، 10:00:29 ص
-----------------------------------
Data synced to Odoo: {
  status: 'success',
  data: [ { device_id: '18', status: 'check_in_created' } ]
}
[FIRST IN]: Asma Rhoma (ID: 18)
68Request Received from Device!
a4:d5:c2:09:5b:df
192.168.5.105
69Request Received from Device!
a4:d5:c2:09:5b:df
192.168.5.105
70Request Received from Device!
a4:d5:c2:09:5b:df
192.168.5.105
-----------------------------------
[Authenticated]: Asma Rhoma
Device Time (Original): 2026-07-07T09:02:16+02:00
Server Time (Received): 7‏/7‏/2026، 10:00:41 ص
-----------------------------------
[UPDATE LAST]: Asma Rhoma (ID: 18)
71Request Received from Device!
a4:d5:c2:09:5b:df
192.168.5.105
72Request Received from Device!
a4:d5:c2:09:5b:df
192.168.5.105
73Request Received from Device!
a4:d5:c2:09:5b:df
192.168.5.105
-----------------------------------
[Authenticated]: Zakaria Elmagdmi
Device Time (Original): 2026-07-07T09:08:12+02:00
Server Time (Received): 7‏/7‏/2026، 10:06:36 ص
-----------------------------------
Data synced to Odoo: {
  status: 'success',
  data: [ { device_id: '11', status: 'check_in_created' } ]
}
[FIRST IN]: Zakaria Elmagdmi (ID: 11)
74Request Received from Device!
a4:d5:c2:09:5b:df
192.168.5.105
75Request Received from Device!
a4:d5:c2:09:5b:df
192.168.5.105
76Request Received from Device!
a4:d5:c2:09:5b:df
192.168.5.105
-----------------------------------
[Authenticated]: Abdellmalek Ramadan
Device Time (Original): 2026-07-07T09:13:13+02:00
Server Time (Received): 7‏/7‏/2026، 10:11:37 ص
-----------------------------------
Data synced to Odoo: {
  status: 'success',
  data: [ { device_id: '14', status: 'check_out_updated' } ]
}
[FIRST IN]: Abdellmalek Ramadan (ID: 14)
77Request Received from Device!
a4:d5:c2:09:5b:df
192.168.5.105
78Request Received from Device!
a4:d5:c2:09:5b:df
192.168.5.105
79Request Received from Device!
a4:d5:c2:09:5b:df
192.168.5.105
-----------------------------------
[Authenticated]: Abdulhafith Abuighrara
Device Time (Original): 2026-07-07T09:13:19+02:00
Server Time (Received): 7‏/7‏/2026، 10:11:43 ص
-----------------------------------
Data synced to Odoo: {
  status: 'success',
  data: [ { device_id: '13', status: 'check_out_updated' } ]
}
[FIRST IN]: Abdulhafith Abuighrara (ID: 13)
80Request Received from Device!
a4:d5:c2:09:5b:df
192.168.5.105
81Request Received from Device!
a4:d5:c2:09:5b:df
192.168.5.105
82Request Received from Device!
a4:d5:c2:09:5b:df
192.168.5.105
83Request Received from Device!
a4:d5:c2:09:5b:df
192.168.5.105
-----------------------------------
[Authenticated]: RADWAN
Device Time (Original): 2026-07-07T09:14:07+02:00
Server Time (Received): 7‏/7‏/2026، 10:12:31 ص
-----------------------------------
Data synced to Odoo: {
  status: 'success',
  data: [ { device_id: '20', status: 'check_in_created' } ]
}
[FIRST IN]: RADWAN (ID: 20)
84Request Received from Device!
a4:d5:c2:09:5b:df
192.168.5.105
85Request Received from Device!
a4:d5:c2:09:5b:df
192.168.5.105
86Request Received from Device!
a4:d5:c2:09:5b:df
192.168.5.105
-----------------------------------
[Authenticated]: Hatem  Talha
Device Time (Original): 2026-07-07T09:16:47+02:00
Server Time (Received): 7‏/7‏/2026، 10:15:11 ص
-----------------------------------
Data synced to Odoo: {
  status: 'success',
  data: [ { device_id: '12', status: 'check_out_updated' } ]
}
[FIRST IN]: Hatem  Talha (ID: 12)
87Request Received from Device!
a4:d5:c2:09:5b:df
192.168.5.105
88Request Received from Device!
a4:d5:c2:09:5b:df
192.168.5.105
89Request Received from Device!
a4:d5:c2:09:5b:df
192.168.5.105
-----------------------------------
[Authenticated]: Ibrahim
Device Time (Original): 2026-07-07T09:33:04+02:00
Server Time (Received): 7‏/7‏/2026، 10:31:28 ص
-----------------------------------
Data synced to Odoo: {
  status: 'success',
  data: [ { device_id: '5', status: 'check_out_updated' } ]
}
[FIRST IN]: Ibrahim (ID: 5)
90Request Received from Device!
a4:d5:c2:09:5b:df
192.168.5.105
91Request Received from Device!
a4:d5:c2:09:5b:df
192.168.5.105
92Request Received from Device!
a4:d5:c2:09:5c:46
192.168.5.103
-----------------------------------
[Authenticated]: SEFAW
Device Time (Original): 2026-07-07T09:36:58+02:00
Server Time (Received): 7‏/7‏/2026، 10:34:29 ص
-----------------------------------
Data synced to Odoo: {
  status: 'success',
  data: [ { device_id: '8', status: 'check_in_created' } ]
}
[FIRST IN]: SEFAW (ID: 8)
93Request Received from Device!
a4:d5:c2:09:5c:46
192.168.5.103
94Request Received from Device!
a4:d5:c2:09:5c:46
192.168.5.103
95Request Received from Device!
a4:d5:c2:09:5b:df
192.168.5.105
-----------------------------------
[Authenticated]: Siraj Kashoukh
Device Time (Original): 2026-07-07T09:43:38+02:00
Server Time (Received): 7‏/7‏/2026، 10:42:02 ص
-----------------------------------
Data synced to Odoo: {
  status: 'success',
  data: [ { device_id: '10', status: 'check_out_updated' } ]
}
[FIRST IN]: Siraj Kashoukh (ID: 10)
96Request Received from Device!
a4:d5:c2:09:5b:df
192.168.5.105
97Request Received from Device!
a4:d5:c2:09:5b:df
192.168.5.105
98Request Received from Device!
a4:d5:c2:09:5b:df
192.168.5.105
-----------------------------------
[Authenticated]: RADWAN
Device Time (Original): 2026-07-07T12:07:58+02:00
Server Time (Received): 7‏/7‏/2026، 1:06:23 م
-----------------------------------
[UPDATE LAST]: RADWAN (ID: 20)
99Request Received from Device!
a4:d5:c2:09:5b:df
192.168.5.105
100Request Received from Device!
a4:d5:c2:09:5b:df
192.168.5.105
NODE PRIORITY SETED TO HIGH
Server running on: http://localhost:3000
DB => Database Connection Success
1Request Received from Device!
a4:d5:c2:09:5b:df
192.168.5.105
2Request Received from Device!
a4:d5:c2:09:5b:df
192.168.5.105
3Request Received from Device!
a4:d5:c2:09:5b:df
192.168.5.105
4Request Received from Device!
a4:d5:c2:09:5c:46
192.168.5.103
5Request Received from Device!
a4:d5:c2:09:5c:46
192.168.5.103
6Request Received from Device!
a4:d5:c2:09:5c:46
192.168.5.103
7Request Received from Device!
a4:d5:c2:09:5c:46
192.168.5.103
8Request Received from Device!
a4:d5:c2:09:5c:46
192.168.5.103
9Request Received from Device!
a4:d5:c2:09:5c:46
192.168.5.103
10Request Received from Device!
a4:d5:c2:09:5b:df
192.168.5.105
-----------------------------------
[Authenticated]: Abdulhafith Abuighrara
Device Time (Original): 2026-07-07T14:57:09+02:00
Server Time (Received): 7‏/7‏/2026، 3:55:34 م
-----------------------------------
[UPDATE LAST]: Abdulhafith Abuighrara (ID: 13)
11Request Received from Device!
a4:d5:c2:09:5b:df
192.168.5.105
12Request Received from Device!
a4:d5:c2:09:5b:df
192.168.5.105
-----------------------------------
[Authenticated]: Abdulhafith Abuighrara
Device Time (Original): 2026-07-07T14:57:13+02:00
Server Time (Received): 7‏/7‏/2026، 3:55:38 م
-----------------------------------
[UPDATE LAST]: Abdulhafith Abuighrara (ID: 13)
13Request Received from Device!
a4:d5:c2:09:5b:df
192.168.5.105
14Request Received from Device!
a4:d5:c2:09:5b:df
192.168.5.105
-----------------------------------
[Authenticated]: Zahra Alhrari
Device Time (Original): 2026-07-07T15:00:42+02:00
Server Time (Received): 7‏/7‏/2026، 3:59:06 م
-----------------------------------
[UPDATE LAST]: Zahra Alhrari (ID: 17)
15Request Received from Device!
a4:d5:c2:09:5b:df
192.168.5.105
16Request Received from Device!
a4:d5:c2:09:5b:df
192.168.5.105
NODE PRIORITY SETED TO HIGH
Server running on: http://localhost:3000
DB => Database Connection Success
1Request Received from Device!
a4:d5:c2:09:5b:df
192.168.5.105
2Request Received from Device!
a4:d5:c2:09:5b:df
192.168.5.105
-----------------------------------
[Authenticated]: Asma Rhoma
Device Time (Original): 2026-07-07T15:16:35+02:00
Server Time (Received): 7‏/7‏/2026، 4:42:00 م
-----------------------------------
[UPDATE LAST]: Asma Rhoma (ID: 18)
3Request Received from Device!
a4:d5:c2:09:5b:df
192.168.5.105
4Request Received from Device!
a4:d5:c2:09:5c:46
192.168.5.103
5Request Received from Device!
a4:d5:c2:09:5b:df
192.168.5.105
6Request Received from Device!
a4:d5:c2:09:5c:46
192.168.5.103
7Request Received from Device!
a4:d5:c2:09:5b:df
192.168.5.105
-----------------------------------
[Authenticated]: Siraj Kashoukh
Device Time (Original): 2026-07-07T15:17:38+02:00
Server Time (Received): 7‏/7‏/2026، 4:42:01 م
-----------------------------------
[UPDATE LAST]: Siraj Kashoukh (ID: 10)
8Request Received from Device!
a4:d5:c2:09:5c:46
192.168.5.103
9Request Received from Device!
a4:d5:c2:09:5b:df
192.168.5.105
10Request Received from Device!
a4:d5:c2:09:5c:46
192.168.5.103
11Request Received from Device!
a4:d5:c2:09:5b:df
192.168.5.105
12Request Received from Device!
a4:d5:c2:09:5b:df
192.168.5.105
13Request Received from Device!
a4:d5:c2:09:5b:df
192.168.5.105
14Request Received from Device!
a4:d5:c2:09:5b:df
192.168.5.105
-----------------------------------
[Authenticated]: Hatem  Talha
Device Time (Original): 2026-07-07T15:25:14+02:00
Server Time (Received): 7‏/7‏/2026، 4:42:02 م
-----------------------------------
[UPDATE LAST]: Hatem  Talha (ID: 12)
15Request Received from Device!
a4:d5:c2:09:5b:df
192.168.5.105
16Request Received from Device!
a4:d5:c2:09:5b:df
192.168.5.105
17Request Received from Device!
a4:d5:c2:09:5b:df
192.168.5.105
-----------------------------------
[Authenticated]: Zakaria Elmagdmi
Device Time (Original): 2026-07-07T15:26:59+02:00
Server Time (Received): 7‏/7‏/2026، 4:42:03 م
-----------------------------------
[UPDATE LAST]: Zakaria Elmagdmi (ID: 11)
18Request Received from Device!
a4:d5:c2:09:5b:df
192.168.5.105
19Request Received from Device!
a4:d5:c2:09:5b:df
192.168.5.105
20Request Received from Device!
a4:d5:c2:09:5b:df
192.168.5.105
-----------------------------------
[Authenticated]: Abdellmalek Ramadan
Device Time (Original): 2026-07-07T15:30:13+02:00
Server Time (Received): 7‏/7‏/2026، 4:42:04 م
-----------------------------------
[UPDATE LAST]: Abdellmalek Ramadan (ID: 14)
21Request Received from Device!
a4:d5:c2:09:5b:df
192.168.5.105
22Request Received from Device!
a4:d5:c2:09:5b:df
192.168.5.105
23Request Received from Device!
a4:d5:c2:09:5b:df
192.168.5.105
-----------------------------------
[Authenticated]: Ibrahim
Device Time (Original): 2026-07-07T15:42:39+02:00
Server Time (Received): 7‏/7‏/2026، 4:42:05 م
-----------------------------------
[UPDATE LAST]: Ibrahim (ID: 5)
24Request Received from Device!
a4:d5:c2:09:5b:df
192.168.5.105
25Request Received from Device!
a4:d5:c2:09:5b:df
192.168.5.105
26Request Received from Device!
a4:d5:c2:09:5b:df
192.168.5.105
-----------------------------------
[Authenticated]: Morad Alfurjani
Device Time (Original): 2026-07-07T16:19:27+02:00
Server Time (Received): 7‏/7‏/2026، 5:17:51 م
-----------------------------------
[
  'session_id=7qO8jBF-sr8HECONUWIpb7iZXFMs1_sIERFeH1P08i1Y2fWulB8QfGBiBPYBwPftVYQmCTB2DziktxslDvfo; Expires=Wed, 07 Jul 2027 14:17:52 GMT; Max-Age=604800; HttpOnly; Path=/',
  'session_id=7qO8jBF-sr8HECONUWIpb7iZXFMs1_sIERFeH1P08i1Y2fWulB8QfGBiBPYBwPftVYQmCTB2DziktxslDvfo; Expires=Wed, 07 Jul 2027 14:17:52 GMT; Max-Age=604800; HttpOnly; Path=/'
]
Logged into Odoo successfully!
Data synced to Odoo: {
  status: 'success',
  data: [ { device_id: '15', status: 'check_out_updated' } ]
}
[FIRST IN]: Morad Alfurjani (ID: 15)
27Request Received from Device!
a4:d5:c2:09:5b:df
192.168.5.105
28Request Received from Device!
a4:d5:c2:09:5b:df
192.168.5.105
29Request Received from Device!
a4:d5:c2:09:5b:df
192.168.5.105
-----------------------------------
[Authenticated]: Zahra Alhrari
Device Time (Original): 2026-07-08T07:54:31+02:00
Server Time (Received): 8‏/7‏/2026، 8:52:53 ص
-----------------------------------
Data synced to Odoo: {
  status: 'success',
  data: [ { device_id: '17', status: 'check_in_created' } ]
}
[FIRST IN]: Zahra Alhrari (ID: 17)
30Request Received from Device!
a4:d5:c2:09:5b:df
192.168.5.105
31Request Received from Device!
a4:d5:c2:09:5b:df
192.168.5.105
32Request Received from Device!
a4:d5:c2:09:5b:df
192.168.5.105
-----------------------------------
[Authenticated]: Zahra Alhrari
Device Time (Original): 2026-07-08T07:54:54+02:00
Server Time (Received): 8‏/7‏/2026، 8:53:17 ص
-----------------------------------
[UPDATE LAST]: Zahra Alhrari (ID: 17)
33Request Received from Device!
a4:d5:c2:09:5b:df
192.168.5.105
34Request Received from Device!
a4:d5:c2:09:5b:df
192.168.5.105
35Request Received from Device!
a4:d5:c2:09:5b:df
192.168.5.105
-----------------------------------
[Authenticated]: Asma Rhoma
Device Time (Original): 2026-07-08T08:58:50+02:00
Server Time (Received): 8‏/7‏/2026، 9:57:11 ص
-----------------------------------
Data synced to Odoo: {
  status: 'success',
  data: [ { device_id: '18', status: 'check_out_updated' } ]
}
[FIRST IN]: Asma Rhoma (ID: 18)
36Request Received from Device!
a4:d5:c2:09:5b:df
192.168.5.105
37Request Received from Device!
a4:d5:c2:09:5b:df
192.168.5.105
38Request Received from Device!
a4:d5:c2:09:5c:46
192.168.5.103
-----------------------------------
[Authenticated]: SEFAW
Device Time (Original): 2026-07-08T09:13:22+02:00
Server Time (Received): 8‏/7‏/2026، 10:10:50 ص
-----------------------------------
Data synced to Odoo: {
  status: 'success',
  data: [ { device_id: '8', status: 'check_out_updated' } ]
}
[FIRST IN]: SEFAW (ID: 8)
39Request Received from Device!
a4:d5:c2:09:5c:46
192.168.5.103
40Request Received from Device!
a4:d5:c2:09:5c:46
192.168.5.103
41Request Received from Device!
a4:d5:c2:09:5b:df
192.168.5.105
-----------------------------------
[Authenticated]: RADWAN
Device Time (Original): 2026-07-08T09:13:05+02:00
Server Time (Received): 8‏/7‏/2026، 10:11:27 ص
-----------------------------------
Data synced to Odoo: {
  status: 'success',
  data: [ { device_id: '20', status: 'check_out_updated' } ]
}
[FIRST IN]: RADWAN (ID: 20)
42Request Received from Device!
a4:d5:c2:09:5b:df
192.168.5.105
43Request Received from Device!
a4:d5:c2:09:5b:df
192.168.5.105
44Request Received from Device!
a4:d5:c2:09:5b:df
192.168.5.105
-----------------------------------
[Authenticated]: Abdellmalek Ramadan
Device Time (Original): 2026-07-08T09:19:23+02:00
Server Time (Received): 8‏/7‏/2026، 10:17:45 ص
-----------------------------------
Data synced to Odoo: {
  status: 'success',
  data: [ { device_id: '14', status: 'check_in_created' } ]
}
[FIRST IN]: Abdellmalek Ramadan (ID: 14)
45Request Received from Device!
a4:d5:c2:09:5b:df
192.168.5.105
46Request Received from Device!
a4:d5:c2:09:5b:df
192.168.5.105
-----------------------------------
[Authenticated]: Abdellmalek Ramadan
Device Time (Original): 2026-07-08T09:19:26+02:00
Server Time (Received): 8‏/7‏/2026، 10:17:48 ص
-----------------------------------
[UPDATE LAST]: Abdellmalek Ramadan (ID: 14)
47Request Received from Device!
a4:d5:c2:09:5b:df
192.168.5.105
48Request Received from Device!
a4:d5:c2:09:5b:df
192.168.5.105
-----------------------------------
[Authenticated]: Ibrahim
Device Time (Original): 2026-07-08T09:22:23+02:00
Server Time (Received): 8‏/7‏/2026، 10:20:45 ص
-----------------------------------
Data synced to Odoo: {
  status: 'success',
  data: [ { device_id: '5', status: 'check_in_created' } ]
}
[FIRST IN]: Ibrahim (ID: 5)
49Request Received from Device!
a4:d5:c2:09:5b:df
192.168.5.105
50Request Received from Device!
a4:d5:c2:09:5b:df
192.168.5.105
51Request Received from Device!
a4:d5:c2:09:5b:df
192.168.5.105
-----------------------------------
[Authenticated]: Hatem  Talha
Device Time (Original): 2026-07-08T09:22:48+02:00
Server Time (Received): 8‏/7‏/2026، 10:21:10 ص
-----------------------------------
Data synced to Odoo: {
  status: 'success',
  data: [ { device_id: '12', status: 'check_in_created' } ]
}
[FIRST IN]: Hatem  Talha (ID: 12)
52Request Received from Device!
a4:d5:c2:09:5b:df
192.168.5.105
53Request Received from Device!
a4:d5:c2:09:5b:df
192.168.5.105
-----------------------------------
[Authenticated]: Zakaria Elmagdmi
Device Time (Original): 2026-07-08T09:22:50+02:00
Server Time (Received): 8‏/7‏/2026، 10:21:12 ص
-----------------------------------
Data synced to Odoo: {
  status: 'success',
  data: [ { device_id: '11', status: 'check_out_updated' } ]
}
[FIRST IN]: Zakaria Elmagdmi (ID: 11)
54Request Received from Device!
a4:d5:c2:09:5b:df
192.168.5.105
-----------------------------------
[Authenticated]: Zakaria Elmagdmi
Device Time (Original): 2026-07-08T09:22:55+02:00
Server Time (Received): 8‏/7‏/2026، 10:21:17 ص
-----------------------------------
[UPDATE LAST]: Zakaria Elmagdmi (ID: 11)
55Request Received from Device!
a4:d5:c2:09:5b:df
192.168.5.105
-----------------------------------
[Authenticated]: Siraj Kashoukh
Device Time (Original): 2026-07-08T09:22:57+02:00
Server Time (Received): 8‏/7‏/2026، 10:21:19 ص
-----------------------------------
Data synced to Odoo: {
  status: 'success',
  data: [ { device_id: '10', status: 'check_in_created' } ]
}
[FIRST IN]: Siraj Kashoukh (ID: 10)
56Request Received from Device!
a4:d5:c2:09:5b:df
192.168.5.105
57Request Received from Device!
a4:d5:c2:09:5c:46
192.168.5.103
-----------------------------------
[Authenticated]: SEFAW
Device Time (Original): 2026-07-08T09:45:33+02:00
Server Time (Received): 8‏/7‏/2026، 10:43:01 ص
-----------------------------------
[UPDATE LAST]: SEFAW (ID: 8)
58Request Received from Device!
a4:d5:c2:09:5c:46
192.168.5.103
59Request Received from Device!
a4:d5:c2:09:5c:46
192.168.5.103
60Request Received from Device!
a4:d5:c2:09:5b:df
192.168.5.105
-----------------------------------
[Authenticated]: Zahra Alhrari
Device Time (Original): 2026-07-08T10:21:42+02:00
Server Time (Received): 8‏/7‏/2026، 11:20:05 ص
-----------------------------------
[UPDATE LAST]: Zahra Alhrari (ID: 17)
61Request Received from Device!
a4:d5:c2:09:5b:df
192.168.5.105
62Request Received from Device!
a4:d5:c2:09:5b:df
192.168.5.105
-----------------------------------
[Authenticated]: Zahra Alhrari
Device Time (Original): 2026-07-08T10:21:45+02:00
Server Time (Received): 8‏/7‏/2026، 11:20:08 ص
-----------------------------------
[UPDATE LAST]: Zahra Alhrari (ID: 17)
63Request Received from Device!
a4:d5:c2:09:5b:df
192.168.5.105
64Request Received from Device!
a4:d5:c2:09:5b:df
192.168.5.105
-----------------------------------
[Authenticated]: Zahra Alhrari
Device Time (Original): 2026-07-08T14:32:18+02:00
Server Time (Received): 8‏/7‏/2026، 3:30:39 م
-----------------------------------
[UPDATE LAST]: Zahra Alhrari (ID: 17)
65Request Received from Device!
a4:d5:c2:09:5b:df
192.168.5.105
66Request Received from Device!
a4:d5:c2:09:5b:df
192.168.5.105
67Request Received from Device!
a4:d5:c2:09:5b:df
192.168.5.105
-----------------------------------
[Authenticated]: Zahra Alhrari
Device Time (Original): 2026-07-08T15:07:49+02:00
Server Time (Received): 8‏/7‏/2026، 4:06:10 م
-----------------------------------
[UPDATE LAST]: Zahra Alhrari (ID: 17)
68Request Received from Device!
a4:d5:c2:09:5b:df
192.168.5.105
69Request Received from Device!
a4:d5:c2:09:5b:df
192.168.5.105
70Request Received from Device!
a4:d5:c2:09:5b:df
192.168.5.105
-----------------------------------
[Authenticated]: Siraj Kashoukh
Device Time (Original): 2026-07-08T15:24:03+02:00
Server Time (Received): 8‏/7‏/2026، 4:22:24 م
-----------------------------------
[UPDATE LAST]: Siraj Kashoukh (ID: 10)
71Request Received from Device!
a4:d5:c2:09:5b:df
192.168.5.105
72Request Received from Device!
a4:d5:c2:09:5b:df
192.168.5.105
-----------------------------------
[Authenticated]: Zakaria Elmagdmi
Device Time (Original): 2026-07-08T15:24:06+02:00
Server Time (Received): 8‏/7‏/2026، 4:22:28 م
-----------------------------------
[UPDATE LAST]: Zakaria Elmagdmi (ID: 11)
73Request Received from Device!
a4:d5:c2:09:5b:df
192.168.5.105
74Request Received from Device!
a4:d5:c2:09:5b:df
192.168.5.105
-----------------------------------
[Authenticated]: Asma Rhoma
Device Time (Original): 2026-07-08T15:30:50+02:00
Server Time (Received): 8‏/7‏/2026، 4:29:12 م
-----------------------------------
[UPDATE LAST]: Asma Rhoma (ID: 18)
75Request Received from Device!
a4:d5:c2:09:5b:df
192.168.5.105
76Request Received from Device!
a4:d5:c2:09:5b:df
192.168.5.105
77Request Received from Device!
a4:d5:c2:09:5b:df
192.168.5.105
78Request Received from Device!
a4:d5:c2:09:5b:df
192.168.5.105
79Request Received from Device!
a4:d5:c2:09:5b:df
192.168.5.105
80Request Received from Device!
a4:d5:c2:09:5b:df
192.168.5.105
-----------------------------------
[Authenticated]: Morad Alfurjani
Device Time (Original): 2026-07-08T15:44:28+02:00
Server Time (Received): 8‏/7‏/2026، 4:42:50 م
-----------------------------------
Data synced to Odoo: {
  status: 'success',
  data: [ { device_id: '15', status: 'check_in_created' } ]
}
[FIRST IN]: Morad Alfurjani (ID: 15)
81Request Received from Device!
a4:d5:c2:09:5b:df
192.168.5.105
82Request Received from Device!
a4:d5:c2:09:5b:df
192.168.5.105
83Request Received from Device!
a4:d5:c2:09:5b:df
192.168.5.105
-----------------------------------
[Authenticated]: Ibrahim
Device Time (Original): 2026-07-08T15:44:44+02:00
Server Time (Received): 8‏/7‏/2026، 4:43:06 م
-----------------------------------
[UPDATE LAST]: Ibrahim (ID: 5)
84Request Received from Device!
a4:d5:c2:09:5b:df
192.168.5.105
85Request Received from Device!
a4:d5:c2:09:5b:df
192.168.5.105
-----------------------------------
[Authenticated]: Morad Alfurjani
Device Time (Original): 2026-07-08T15:44:49+02:00
Server Time (Received): 8‏/7‏/2026، 4:43:11 م
-----------------------------------
[UPDATE LAST]: Morad Alfurjani (ID: 15)
86Request Received from Device!
a4:d5:c2:09:5b:df
192.168.5.105
87Request Received from Device!
a4:d5:c2:09:5c:46
192.168.5.103
-----------------------------------
[Authenticated]: SEFAW
Device Time (Original): 2026-07-08T15:50:00+02:00
Server Time (Received): 8‏/7‏/2026، 4:47:28 م
-----------------------------------
[UPDATE LAST]: SEFAW (ID: 8)
88Request Received from Device!
a4:d5:c2:09:5c:46
192.168.5.103
89Request Received from Device!
a4:d5:c2:09:5c:46
192.168.5.103
90Request Received from Device!
a4:d5:c2:09:5b:df
192.168.5.105
-----------------------------------
[Authenticated]: Morad Alfurjani
Device Time (Original): 2026-07-08T15:50:49+02:00
Server Time (Received): 8‏/7‏/2026، 4:49:10 م
-----------------------------------
[UPDATE LAST]: Morad Alfurjani (ID: 15)
91Request Received from Device!
a4:d5:c2:09:5b:df
192.168.5.105
92Request Received from Device!
a4:d5:c2:09:5b:df
192.168.5.105
93Request Received from Device!
a4:d5:c2:09:5c:46
192.168.5.103
-----------------------------------
[Authenticated]: Aseel Elayeb
Device Time (Original): 2026-07-09T08:59:00+02:00
Server Time (Received): 9‏/7‏/2026، 9:56:26 ص
-----------------------------------
Data synced to Odoo: {
  status: 'success',
  data: [ { device_id: '4', status: 'check_in_created' } ]
}
[FIRST IN]: Aseel Elayeb (ID: 4)
94Request Received from Device!
a4:d5:c2:09:5c:46
192.168.5.103
95Request Received from Device!
a4:d5:c2:09:5c:46
192.168.5.103
-----------------------------------
[Authenticated]: Aseel Elayeb
Device Time (Original): 2026-07-09T08:59:03+02:00
Server Time (Received): 9‏/7‏/2026، 9:56:29 ص
-----------------------------------
[UPDATE LAST]: Aseel Elayeb (ID: 4)
96Request Received from Device!
a4:d5:c2:09:5c:46
192.168.5.103
97Request Received from Device!
a4:d5:c2:09:5b:df
192.168.5.105
-----------------------------------
[Authenticated]: Siraj Kashoukh
Device Time (Original): 2026-07-09T09:18:12+02:00
Server Time (Received): 9‏/7‏/2026، 10:16:32 ص
-----------------------------------
Data synced to Odoo: {
  status: 'success',
  data: [ { device_id: '10', status: 'check_out_updated' } ]
}
[FIRST IN]: Siraj Kashoukh (ID: 10)
98Request Received from Device!
a4:d5:c2:09:5b:df
192.168.5.105
99Request Received from Device!
a4:d5:c2:09:5b:df
192.168.5.105
-----------------------------------
[Authenticated]: Siraj Kashoukh
Device Time (Original): 2026-07-09T09:18:16+02:00
Server Time (Received): 9‏/7‏/2026، 10:16:35 ص
-----------------------------------
[UPDATE LAST]: Siraj Kashoukh (ID: 10)
100Request Received from Device!
a4:d5:c2:09:5b:df
192.168.5.105
-----------------------------------
[Authenticated]: Siraj Kashoukh
Device Time (Original): 2026-07-09T09:18:19+02:00
Server Time (Received): 9‏/7‏/2026، 10:16:38 ص
-----------------------------------
[UPDATE LAST]: Siraj Kashoukh (ID: 10)
101Request Received from Device!
a4:d5:c2:09:5b:df
192.168.5.105
-----------------------------------
[Authenticated]: Ibrahim
Device Time (Original): 2026-07-09T09:18:21+02:00
Server Time (Received): 9‏/7‏/2026، 10:16:41 ص
-----------------------------------
Data synced to Odoo: {
  status: 'success',
  data: [ { device_id: '5', status: 'check_out_updated' } ]
}
[FIRST IN]: Ibrahim (ID: 5)
102Request Received from Device!
a4:d5:c2:09:5b:df
192.168.5.105
-----------------------------------
[Authenticated]: Ibrahim
Device Time (Original): 2026-07-09T09:18:24+02:00
Server Time (Received): 9‏/7‏/2026، 10:16:44 ص
-----------------------------------
[UPDATE LAST]: Ibrahim (ID: 5)
103Request Received from Device!
a4:d5:c2:09:5b:df
192.168.5.105
104Request Received from Device!
a4:d5:c2:09:5b:df
192.168.5.105
105Request Received from Device!
a4:d5:c2:09:5b:df
192.168.5.105
-----------------------------------
[Authenticated]: Zakaria Elmagdmi
Device Time (Original): 2026-07-09T09:23:21+02:00
Server Time (Received): 9‏/7‏/2026، 10:21:41 ص
-----------------------------------
Data synced to Odoo: {
  status: 'success',
  data: [ { device_id: '11', status: 'check_in_created' } ]
}
[FIRST IN]: Zakaria Elmagdmi (ID: 11)
106Request Received from Device!
a4:d5:c2:09:5b:df
192.168.5.105
107Request Received from Device!
a4:d5:c2:09:5b:df
192.168.5.105
108Request Received from Device!
a4:d5:c2:09:5b:df
192.168.5.105
-----------------------------------
[Authenticated]: Abdulhafith Abuighrara
Device Time (Original): 2026-07-09T09:24:34+02:00
Server Time (Received): 9‏/7‏/2026، 10:22:54 ص
-----------------------------------
Data synced to Odoo: {
  status: 'success',
  data: [ { device_id: '13', status: 'check_in_created' } ]
}
[FIRST IN]: Abdulhafith Abuighrara (ID: 13)
109Request Received from Device!
a4:d5:c2:09:5b:df
192.168.5.105
110Request Received from Device!
a4:d5:c2:09:5b:df
192.168.5.105
111Request Received from Device!
a4:d5:c2:09:5b:df
192.168.5.105
-----------------------------------
[Authenticated]: RADWAN
Device Time (Original): 2026-07-09T09:27:49+02:00
Server Time (Received): 9‏/7‏/2026، 10:26:09 ص
-----------------------------------
Data synced to Odoo: {
  status: 'success',
  data: [ { device_id: '20', status: 'check_in_created' } ]
}
[FIRST IN]: RADWAN (ID: 20)
112Request Received from Device!
a4:d5:c2:09:5b:df
192.168.5.105
113Request Received from Device!
a4:d5:c2:09:5b:df
192.168.5.105
114Request Received from Device!
a4:d5:c2:09:5b:df
192.168.5.105
-----------------------------------
[Authenticated]: Hatem  Talha
Device Time (Original): 2026-07-09T09:58:40+02:00
Server Time (Received): 9‏/7‏/2026، 10:57:00 ص
-----------------------------------
Data synced to Odoo: {
  status: 'success',
  data: [ { device_id: '12', status: 'check_out_updated' } ]
}
[FIRST IN]: Hatem  Talha (ID: 12)
115Request Received from Device!
a4:d5:c2:09:5b:df
192.168.5.105
116Request Received from Device!
a4:d5:c2:09:5b:df
192.168.5.105
117Request Received from Device!
a4:d5:c2:09:5b:df
192.168.5.105
-----------------------------------
[Authenticated]: Zahra Alhrari
Device Time (Original): 2026-07-09T11:46:34+02:00
Server Time (Received): 9‏/7‏/2026، 12:44:53 م
-----------------------------------
Data synced to Odoo: {
  status: 'success',
  data: [ { device_id: '17', status: 'check_out_updated' } ]
}
[FIRST IN]: Zahra Alhrari (ID: 17)
118Request Received from Device!
a4:d5:c2:09:5b:df
192.168.5.105
119Request Received from Device!
a4:d5:c2:09:5b:df
192.168.5.105
120Request Received from Device!
a4:d5:c2:09:5c:46
192.168.5.103
121Request Received from Device!
a4:d5:c2:09:5b:df
192.168.5.105
-----------------------------------
[Authenticated]: Alhadi Abdo
Device Time (Original): 2026-07-09T13:22:19+02:00
Server Time (Received): 9‏/7‏/2026، 2:20:39 م
-----------------------------------
Data synced to Odoo: {
  status: 'success',
  data: [ { device_id: '19', status: 'check_in_created' } ]
}
[FIRST IN]: Alhadi Abdo (ID: 19)
122Request Received from Device!
a4:d5:c2:09:5b:df
192.168.5.105
123Request Received from Device!
a4:d5:c2:09:5b:df
192.168.5.105
124Request Received from Device!
a4:d5:c2:09:5b:df
192.168.5.105
-----------------------------------
[Authenticated]: RADWAN
Device Time (Original): 2026-07-09T14:19:09+02:00
Server Time (Received): 9‏/7‏/2026، 3:17:29 م
-----------------------------------
[UPDATE LAST]: RADWAN (ID: 20)
125Request Received from Device!
a4:d5:c2:09:5b:df
192.168.5.105
126Request Received from Device!
a4:d5:c2:09:5b:df
192.168.5.105
NODE PRIORITY SETED TO HIGH
Server running on: http://localhost:3000
DB => Database Connection Success
NODE PRIORITY SETED TO HIGH
Server running on: http://localhost:3000
DB => Database Connection Success
NODE PRIORITY SETED TO HIGH
Server running on: http://localhost:3000
DB => Database Connection Success
1Request Received from Device!
a4:d5:c2:09:5c:46
192.168.5.103
2Request Received from Device!
a4:d5:c2:09:5b:df
192.168.5.105
3Request Received from Device!
a4:d5:c2:09:5c:46
192.168.5.103
4Request Received from Device!
a4:d5:c2:09:5b:df
192.168.5.105
5Request Received from Device!
a4:d5:c2:09:5c:46
192.168.5.103
6Request Received from Device!
a4:d5:c2:09:5c:46
192.168.5.103
7Request Received from Device!
a4:d5:c2:09:5c:46
192.168.5.103
8Request Received from Device!
a4:d5:c2:09:5c:46
192.168.5.103
9Request Received from Device!
a4:d5:c2:09:5b:df
192.168.5.105
10Request Received from Device!
a4:d5:c2:09:5b:df
192.168.5.105
11Request Received from Device!
a4:d5:c2:09:5b:df
192.168.5.105
12Request Received from Device!
a4:d5:c2:09:5b:df
192.168.5.105
13Request Received from Device!
a4:d5:c2:09:5b:df
192.168.5.105
14Request Received from Device!
a4:d5:c2:09:5c:46
192.168.5.147
15Request Received from Device!
a4:d5:c2:09:5c:46
192.168.5.103
NODE PRIORITY SETED TO HIGH
Server running on: http://localhost:3000
DB => Database Connection Success
NODE PRIORITY SETED TO HIGH
Server running on: http://localhost:3000
1Request Received from Device!
a4:d5:c2:09:5b:df
192.168.5.105
DB => Database Connection Success
2Request Received from Device!
a4:d5:c2:09:5b:df
192.168.5.105
3Request Received from Device!
a4:d5:c2:09:5c:46
192.168.5.103
4Request Received from Device!
a4:d5:c2:09:5b:df
192.168.5.105
5Request Received from Device!
a4:d5:c2:09:5c:46
192.168.5.103
6Request Received from Device!
a4:d5:c2:09:5b:df
192.168.5.105
7Request Received from Device!
a4:d5:c2:09:5c:46
192.168.5.103
8Request Received from Device!
a4:d5:c2:09:5b:df
192.168.5.105
9Request Received from Device!
a4:d5:c2:09:5c:46
192.168.5.103
10Request Received from Device!
a4:d5:c2:09:5b:df
192.168.5.105
11Request Received from Device!
a4:d5:c2:09:5c:46
192.168.5.103
12Request Received from Device!
a4:d5:c2:09:5c:46
192.168.5.103
13Request Received from Device!
a4:d5:c2:09:5c:46
192.168.5.103
14Request Received from Device!
a4:d5:c2:09:5c:46
192.168.5.103
15Request Received from Device!
a4:d5:c2:09:5c:46
192.168.5.103
16Request Received from Device!
a4:d5:c2:09:5b:df
192.168.5.105
17Request Received from Device!
a4:d5:c2:09:5c:46
192.168.5.103
18Request Received from Device!
a4:d5:c2:09:5c:46
192.168.5.103
19Request Received from Device!
a4:d5:c2:09:5b:df
192.168.5.105
-----------------------------------
[Authenticated]: Abdellmalek Ramadan
Device Time (Original): 2026-07-12T09:05:34+02:00
Server Time (Received): 12‏/7‏/2026، 10:06:21 ص
-----------------------------------
[
  'session_id=1AHGHRVGwH4THpij3U2_WvzlsI0dLsin2NxozbqS3CWOyiPbYn3OlSrMIPhru_huvVJu9OHINWBaKDXMIULt; Expires=Mon, 12 Jul 2027 07:06:22 GMT; Max-Age=604800; HttpOnly; Path=/',
  'session_id=1AHGHRVGwH4THpij3U2_WvzlsI0dLsin2NxozbqS3CWOyiPbYn3OlSrMIPhru_huvVJu9OHINWBaKDXMIULt; Expires=Mon, 12 Jul 2027 07:06:23 GMT; Max-Age=604800; HttpOnly; Path=/'
]
Logged into Odoo successfully!
Data synced to Odoo: {
  status: 'success',
  data: [ { device_id: '14', status: 'check_out_updated' } ]
}
[FIRST IN]: Abdellmalek Ramadan (ID: 14)
20Request Received from Device!
a4:d5:c2:09:5b:df
192.168.5.105
21Request Received from Device!
a4:d5:c2:09:5b:df
192.168.5.105
-----------------------------------
[Authenticated]: Abdellmalek Ramadan
Device Time (Original): 2026-07-12T09:05:39+02:00
Server Time (Received): 12‏/7‏/2026، 10:06:24 ص
-----------------------------------
[UPDATE LAST]: Abdellmalek Ramadan (ID: 14)
22Request Received from Device!
a4:d5:c2:09:5b:df
192.168.5.105
23Request Received from Device!
a4:d5:c2:09:5b:df
192.168.5.105
-----------------------------------
[Authenticated]: Morad Alfurjani
Device Time (Original): 2026-07-12T09:05:51+02:00
Server Time (Received): 12‏/7‏/2026، 10:06:30 ص
-----------------------------------
Data synced to Odoo: {
  status: 'success',
  data: [ { device_id: '15', status: 'check_out_updated' } ]
}
[FIRST IN]: Morad Alfurjani (ID: 15)
24Request Received from Device!
a4:d5:c2:09:5b:df
192.168.5.105
25Request Received from Device!
a4:d5:c2:09:5b:df
192.168.5.105
26Request Received from Device!
a4:d5:c2:09:5b:df
192.168.5.105
27Request Received from Device!
a4:d5:c2:09:5b:df
192.168.5.105
28Request Received from Device!
a4:d5:c2:09:5b:df
192.168.5.105
29Request Received from Device!
a4:d5:c2:09:5c:46
192.168.5.147
30Request Received from Device!
a4:d5:c2:09:5c:46
192.168.5.103
31Request Received from Device!
a4:d5:c2:09:5c:46
192.168.5.103
32Request Received from Device!
a4:d5:c2:09:5c:46
192.168.5.103
-----------------------------------
[Authenticated]: NASIRULDIN AHMED
Device Time (Original): 2026-07-12T09:13:30+02:00
Server Time (Received): 12‏/7‏/2026، 10:10:46 ص
-----------------------------------
Data synced to Odoo: {
  status: 'error',
  message: 'Duration must be positive and cannot exceed 24 hours.'
}
[FIRST IN]: NASIRULDIN AHMED (ID: 2)
33Request Received from Device!
a4:d5:c2:09:5c:46
192.168.5.103
34Request Received from Device!
a4:d5:c2:09:5c:46
192.168.5.103
35Request Received from Device!
a4:d5:c2:09:5b:df
192.168.5.105
-----------------------------------
[Authenticated]: RADWAN
Device Time (Original): 2026-07-12T09:15:50+02:00
Server Time (Received): 12‏/7‏/2026، 10:14:02 ص
-----------------------------------
Data synced to Odoo: {
  status: 'success',
  data: [ { device_id: '20', status: 'check_out_updated' } ]
}
[FIRST IN]: RADWAN (ID: 20)
36Request Received from Device!
a4:d5:c2:09:5b:df
192.168.5.105
37Request Received from Device!
a4:d5:c2:09:5b:df
192.168.5.105
38Request Received from Device!
a4:d5:c2:09:5b:df
192.168.5.105
-----------------------------------
[Authenticated]: Asma Rhoma
Device Time (Original): 2026-07-12T09:18:18+02:00
Server Time (Received): 12‏/7‏/2026، 10:16:30 ص
-----------------------------------
Data synced to Odoo: {
  status: 'success',
  data: [ { device_id: '18', status: 'check_in_created' } ]
}
[FIRST IN]: Asma Rhoma (ID: 18)
39Request Received from Device!
a4:d5:c2:09:5b:df
192.168.5.105
40Request Received from Device!
a4:d5:c2:09:5b:df
192.168.5.105
NODE PRIORITY SETED TO HIGH
Server running on: http://localhost:3000
DB => Database Connection Success
NODE PRIORITY SETED TO HIGH
Server running on: http://localhost:3000
DB => Database Connection Success
NODE PRIORITY SETED TO HIGH
Server running on: http://localhost:3000
DB => Database Connection Success
NODE PRIORITY SETED TO HIGH
Server running on: http://localhost:3000
DB => Database Connection Success
NODE PRIORITY SETED TO HIGH
Server running on: http://localhost:3000
DB => Database Connection Success
NODE PRIORITY SETED TO HIGH
Server running on: http://localhost:3000
DB => Database Connection Success
NODE PRIORITY SETED TO HIGH
Server running on: http://localhost:3000
DB => Database Connection Success
NODE PRIORITY SETED TO HIGH
Server running on: http://localhost:3000
DB => Database Connection Success
NODE PRIORITY SETED TO HIGH
Server running on: http://localhost:3000
DB => Database Connection Success
NODE PRIORITY SETED TO HIGH
Server running on: http://localhost:3000
DB => Database Connection Success
NODE PRIORITY SETED TO HIGH
Server running on: http://localhost:3000
DB => Database Connection Success
NODE PRIORITY SETED TO HIGH
Server running on: http://localhost:3000
DB => Database Connection Success
NODE PRIORITY SETED TO HIGH
Server running on: http://localhost:3000
DB => Database Connection Success
NODE PRIORITY SETED TO HIGH
Server running on: http://localhost:3000
DB => Database Connection Success
NODE PRIORITY SETED TO HIGH
Server running on: http://localhost:3000
DB => Database Connection Success
NODE PRIORITY SETED TO HIGH
Server running on: http://localhost:3000
DB => Database Connection Success
NODE PRIORITY SETED TO HIGH
Server running on: http://localhost:3000
DB => Database Connection Success
NODE PRIORITY SETED TO HIGH
Server running on: http://localhost:3000
DB => Database Connection Success
NODE PRIORITY SETED TO HIGH
Server running on: http://localhost:3000
DB => Database Connection Success
NODE PRIORITY SETED TO HIGH
Server running on: http://localhost:3000
DB => Database Connection Success
NODE PRIORITY SETED TO HIGH
Server running on: http://localhost:3000
DB => Database Connection Success
NODE PRIORITY SETED TO HIGH
Server running on: http://localhost:3000
DB => Database Connection Success
NODE PRIORITY SETED TO HIGH
Server running on: http://localhost:3000
DB => Database Connection Success
NODE PRIORITY SETED TO HIGH
Server running on: http://localhost:3000
DB => Database Connection Success
NODE PRIORITY SETED TO HIGH
Server running on: http://localhost:3000
DB => Database Connection Success
NODE PRIORITY SETED TO HIGH
Server running on: http://localhost:3000
DB => Database Connection Success
NODE PRIORITY SETED TO HIGH
Server running on: http://localhost:3000
DB => Database Connection Success
NODE PRIORITY SETED TO HIGH
Server running on: http://localhost:3000
DB => Database Connection Success
NODE PRIORITY SETED TO HIGH
Server running on: http://localhost:3000
DB => Database Connection Success
NODE PRIORITY SETED TO HIGH
Server running on: http://localhost:3000
DB => Database Connection Success
NODE PRIORITY SETED TO HIGH
Server running on: http://localhost:3000
DB => Database Connection Success
NODE PRIORITY SETED TO HIGH
Server running on: http://localhost:3000
DB => Database Connection Success
NODE PRIORITY SETED TO HIGH
Server running on: http://localhost:3000
DB => Database Connection Success
NODE PRIORITY SETED TO HIGH
Server running on: http://localhost:3000
DB => Database Connection Success
NODE PRIORITY SETED TO HIGH
Server running on: http://localhost:3000
DB => Database Connection Success
NODE PRIORITY SETED TO HIGH
Server running on: http://localhost:3000
DB => Database Connection Success
NODE PRIORITY SETED TO HIGH
Server running on: http://localhost:3000
DB => Database Connection Success
NODE PRIORITY SETED TO HIGH
Server running on: http://localhost:3000
DB => Database Connection Success
NODE PRIORITY SETED TO HIGH
Server running on: http://localhost:3000
DB => Database Connection Success
NODE PRIORITY SETED TO HIGH
Server running on: http://localhost:3000
DB => Database Connection Success
NODE PRIORITY SETED TO HIGH
Server running on: http://localhost:3000
DB => Database Connection Success
NODE PRIORITY SETED TO HIGH
Server running on: http://localhost:3000
DB => Database Connection Success
NODE PRIORITY SETED TO HIGH
Server running on: http://localhost:3000
DB => Database Connection Success
NODE PRIORITY SETED TO HIGH
Server running on: http://localhost:3000
DB => Database Connection Success
NODE PRIORITY SETED TO HIGH
Server running on: http://localhost:3000
DB => Database Connection Success
NODE PRIORITY SETED TO HIGH
Server running on: http://localhost:3000
DB => Database Connection Success
NODE PRIORITY SETED TO HIGH
Server running on: http://localhost:3000
DB => Database Connection Success
NODE PRIORITY SETED TO HIGH
Server running on: http://localhost:3000
DB => Database Connection Success
NODE PRIORITY SETED TO HIGH
Server running on: http://localhost:3000
DB => Database Connection Success
NODE PRIORITY SETED TO HIGH
Server running on: http://localhost:3000
DB => Database Connection Success
NODE PRIORITY SETED TO HIGH
Server running on: http://localhost:3000
DB => Database Connection Success
NODE PRIORITY SETED TO HIGH
Server running on: http://localhost:3000
DB => Database Connection Success
NODE PRIORITY SETED TO HIGH
Server running on: http://localhost:3000
DB => Database Connection Success
NODE PRIORITY SETED TO HIGH
Server running on: http://localhost:3000
DB => Database Connection Success
NODE PRIORITY SETED TO HIGH
Server running on: http://localhost:3000
DB => Database Connection Success
NODE PRIORITY SETED TO HIGH
Server running on: http://localhost:3000
DB => Database Connection Success
NODE PRIORITY SETED TO HIGH
Server running on: http://localhost:3000
DB => Database Connection Success
NODE PRIORITY SETED TO HIGH
Server running on: http://localhost:3000
DB => Database Connection Success
NODE PRIORITY SETED TO HIGH
Server running on: http://localhost:3000
DB => Database Connection Success
NODE PRIORITY SETED TO HIGH
Server running on: http://localhost:3000
DB => Database Connection Success
NODE PRIORITY SETED TO HIGH
Server running on: http://localhost:3000
DB => Database Connection Success
NODE PRIORITY SETED TO HIGH
Server running on: http://localhost:3000
DB => Database Connection Success
NODE PRIORITY SETED TO HIGH
Server running on: http://localhost:3000
DB => Database Connection Success
NODE PRIORITY SETED TO HIGH
Server running on: http://localhost:3000
DB => Database Connection Success
NODE PRIORITY SETED TO HIGH
Server running on: http://localhost:3000
DB => Database Connection Success
NODE PRIORITY SETED TO HIGH
Server running on: http://localhost:3000
DB => Database Connection Success
NODE PRIORITY SETED TO HIGH
Server running on: http://localhost:3000
DB => Database Connection Success
NODE PRIORITY SETED TO HIGH
Server running on: http://localhost:3000
DB => Database Connection Success
NODE PRIORITY SETED TO HIGH
Server running on: http://localhost:3000
DB => Database Connection Success
NODE PRIORITY SETED TO HIGH
Server running on: http://localhost:3000
DB => Database Connection Success
NODE PRIORITY SETED TO HIGH
Server running on: http://localhost:3000
DB => Database Connection Success
NODE PRIORITY SETED TO HIGH
Server running on: http://localhost:3000
DB => Database Connection Success
NODE PRIORITY SETED TO HIGH
Server running on: http://localhost:3000
DB => Database Connection Success
NODE PRIORITY SETED TO HIGH
Server running on: http://localhost:3000
DB => Database Connection Success
NODE PRIORITY SETED TO HIGH
Server running on: http://localhost:3000
DB => Database Connection Success
NODE PRIORITY SETED TO HIGH
Server running on: http://localhost:3000
DB => Database Connection Success
NODE PRIORITY SETED TO HIGH
Server running on: http://localhost:3000
DB => Database Connection Success
NODE PRIORITY SETED TO HIGH
Server running on: http://localhost:3000
DB => Database Connection Success
NODE PRIORITY SETED TO HIGH
Server running on: http://localhost:3000
DB => Database Connection Success
NODE PRIORITY SETED TO HIGH
Server running on: http://localhost:3000
DB => Database Connection Success
NODE PRIORITY SETED TO HIGH
Server running on: http://localhost:3000
DB => Database Connection Success
NODE PRIORITY SETED TO HIGH
Server running on: http://localhost:3000
DB => Database Connection Success
NODE PRIORITY SETED TO HIGH
Server running on: http://localhost:3000
DB => Database Connection Success
NODE PRIORITY SETED TO HIGH
Server running on: http://localhost:3000
DB => Database Connection Success
NODE PRIORITY SETED TO HIGH
Server running on: http://localhost:3000
DB => Database Connection Success
NODE PRIORITY SETED TO HIGH
Server running on: http://localhost:3000
DB => Database Connection Success
NODE PRIORITY SETED TO HIGH
Server running on: http://localhost:3000
DB => Database Connection Success
NODE PRIORITY SETED TO HIGH
Server running on: http://localhost:3000
DB => Database Connection Success
NODE PRIORITY SETED TO HIGH
Server running on: http://localhost:3000
DB => Database Connection Success
NODE PRIORITY SETED TO HIGH
Server running on: http://localhost:3000
DB => Database Connection Success
NODE PRIORITY SETED TO HIGH
Server running on: http://localhost:3000
DB => Database Connection Success
NODE PRIORITY SETED TO HIGH
Server running on: http://localhost:3000
DB => Database Connection Success
NODE PRIORITY SETED TO HIGH
Server running on: http://localhost:3000
DB => Database Connection Success
NODE PRIORITY SETED TO HIGH
Server running on: http://localhost:3000
DB => Database Connection Success
NODE PRIORITY SETED TO HIGH
Server running on: http://localhost:3000
DB => Database Connection Success
NODE PRIORITY SETED TO HIGH
Server running on: http://localhost:3000
DB => Database Connection Success
NODE PRIORITY SETED TO HIGH
Server running on: http://localhost:3000
DB => Database Connection Success
NODE PRIORITY SETED TO HIGH
Server running on: http://localhost:3000
DB => Database Connection Success
NODE PRIORITY SETED TO HIGH
Server running on: http://localhost:3000
DB => Database Connection Success
NODE PRIORITY SETED TO HIGH
Server running on: http://localhost:3000
DB => Database Connection Success
NODE PRIORITY SETED TO HIGH
Server running on: http://localhost:3000
DB => Database Connection Success
NODE PRIORITY SETED TO HIGH
Server running on: http://localhost:3000
DB => Database Connection Success
NODE PRIORITY SETED TO HIGH
Server running on: http://localhost:3000
DB => Database Connection Success
NODE PRIORITY SETED TO HIGH
Server running on: http://localhost:3000
DB => Database Connection Success
NODE PRIORITY SETED TO HIGH
Server running on: http://localhost:3000
DB => Database Connection Success
NODE PRIORITY SETED TO HIGH
Server running on: http://localhost:3000
DB => Database Connection Success
NODE PRIORITY SETED TO HIGH
Server running on: http://localhost:3000
DB => Database Connection Success
NODE PRIORITY SETED TO HIGH
Server running on: http://localhost:3000
DB => Database Connection Success
NODE PRIORITY SETED TO HIGH
Server running on: http://localhost:3000
DB => Database Connection Success
NODE PRIORITY SETED TO HIGH
Server running on: http://localhost:3000
DB => Database Connection Success
NODE PRIORITY SETED TO HIGH
Server running on: http://localhost:3000
DB => Database Connection Success
NODE PRIORITY SETED TO HIGH
Server running on: http://localhost:3000
DB => Database Connection Success
NODE PRIORITY SETED TO HIGH
Server running on: http://localhost:3000
DB => Database Connection Success
NODE PRIORITY SETED TO HIGH
Server running on: http://localhost:3000
DB => Database Connection Success
NODE PRIORITY SETED TO HIGH
Server running on: http://localhost:3000
DB => Database Connection Success
NODE PRIORITY SETED TO HIGH
Server running on: http://localhost:3000
DB => Database Connection Success
NODE PRIORITY SETED TO HIGH
Server running on: http://localhost:3000
DB => Database Connection Success
NODE PRIORITY SETED TO HIGH
Server running on: http://localhost:3000
DB => Database Connection Success
NODE PRIORITY SETED TO HIGH
Server running on: http://localhost:3000
DB => Database Connection Success
NODE PRIORITY SETED TO HIGH
Server running on: http://localhost:3000
DB => Database Connection Success
NODE PRIORITY SETED TO HIGH
Server running on: http://localhost:3000
DB => Database Connection Success
NODE PRIORITY SETED TO HIGH
Server running on: http://localhost:3000
DB => Database Connection Success
NODE PRIORITY SETED TO HIGH
Server running on: http://localhost:3000
DB => Database Connection Success
NODE PRIORITY SETED TO HIGH
Server running on: http://localhost:3000
DB => Database Connection Success
NODE PRIORITY SETED TO HIGH
Server running on: http://localhost:3000
DB => Database Connection Success
NODE PRIORITY SETED TO HIGH
Server running on: http://localhost:3000
DB => Database Connection Success
NODE PRIORITY SETED TO HIGH
Server running on: http://localhost:3000
DB => Database Connection Success
NODE PRIORITY SETED TO HIGH
Server running on: http://localhost:3000
DB => Database Connection Success
NODE PRIORITY SETED TO HIGH
Server running on: http://localhost:3000
DB => Database Connection Success
NODE PRIORITY SETED TO HIGH
Server running on: http://localhost:3000
DB => Database Connection Success
NODE PRIORITY SETED TO HIGH
Server running on: http://localhost:3000
DB => Database Connection Success
NODE PRIORITY SETED TO HIGH
Server running on: http://localhost:3000
DB => Database Connection Success
NODE PRIORITY SETED TO HIGH
Server running on: http://localhost:3000
DB => Database Connection Success
NODE PRIORITY SETED TO HIGH
Server running on: http://localhost:3000
DB => Database Connection Success
NODE PRIORITY SETED TO HIGH
Server running on: http://localhost:3000
DB => Database Connection Success
NODE PRIORITY SETED TO HIGH
Server running on: http://localhost:3000
DB => Database Connection Success
NODE PRIORITY SETED TO HIGH
Server running on: http://localhost:3000
DB => Database Connection Success
NODE PRIORITY SETED TO HIGH
Server running on: http://localhost:3000
DB => Database Connection Success
NODE PRIORITY SETED TO HIGH
Server running on: http://localhost:3000
DB => Database Connection Success
NODE PRIORITY SETED TO HIGH
Server running on: http://localhost:3000
DB => Database Connection Success
NODE PRIORITY SETED TO HIGH
Server running on: http://localhost:3000
DB => Database Connection Success
NODE PRIORITY SETED TO HIGH
Server running on: http://localhost:3000
DB => Database Connection Success
NODE PRIORITY SETED TO HIGH
Server running on: http://localhost:3000
DB => Database Connection Success
NODE PRIORITY SETED TO HIGH
Server running on: http://localhost:3000
DB => Database Connection Success
NODE PRIORITY SETED TO HIGH
Server running on: http://localhost:3000
DB => Database Connection Success
NODE PRIORITY SETED TO HIGH
Server running on: http://localhost:3000
DB => Database Connection Success
NODE PRIORITY SETED TO HIGH
Server running on: http://localhost:3000
DB => Database Connection Success
NODE PRIORITY SETED TO HIGH
Server running on: http://localhost:3000
DB => Database Connection Success
NODE PRIORITY SETED TO HIGH
Server running on: http://localhost:3000
DB => Database Connection Success
NODE PRIORITY SETED TO HIGH
Server running on: http://localhost:3000
DB => Database Connection Success
NODE PRIORITY SETED TO HIGH
Server running on: http://localhost:3000
DB => Database Connection Success
NODE PRIORITY SETED TO HIGH
Server running on: http://localhost:3000
DB => Database Connection Success
NODE PRIORITY SETED TO HIGH
Server running on: http://localhost:3000
DB => Database Connection Success
NODE PRIORITY SETED TO HIGH
Server running on: http://localhost:3000
DB => Database Connection Success
NODE PRIORITY SETED TO HIGH
Server running on: http://localhost:3000
DB => Database Connection Success
NODE PRIORITY SETED TO HIGH
Server running on: http://localhost:3000
DB => Database Connection Success
NODE PRIORITY SETED TO HIGH
Server running on: http://localhost:3000
DB => Database Connection Success
NODE PRIORITY SETED TO HIGH
Server running on: http://localhost:3000
DB => Database Connection Success
NODE PRIORITY SETED TO HIGH
Server running on: http://localhost:3000
DB => Database Connection Success
NODE PRIORITY SETED TO HIGH
Server running on: http://localhost:3000
DB => Database Connection Success
NODE PRIORITY SETED TO HIGH
Server running on: http://localhost:3000
DB => Database Connection Success
NODE PRIORITY SETED TO HIGH
Server running on: http://localhost:3000
DB => Database Connection Success
NODE PRIORITY SETED TO HIGH
Server running on: http://localhost:3000
DB => Database Connection Success
NODE PRIORITY SETED TO HIGH
Server running on: http://localhost:3000
DB => Database Connection Success
NODE PRIORITY SETED TO HIGH
Server running on: http://localhost:3000
DB => Database Connection Success
NODE PRIORITY SETED TO HIGH
Server running on: http://localhost:3000
DB => Database Connection Success
NODE PRIORITY SETED TO HIGH
Server running on: http://localhost:3000
DB => Database Connection Success
NODE PRIORITY SETED TO HIGH
Server running on: http://localhost:3000
DB => Database Connection Success
NODE PRIORITY SETED TO HIGH
Server running on: http://localhost:3000
DB => Database Connection Success
NODE PRIORITY SETED TO HIGH
Server running on: http://localhost:3000
DB => Database Connection Success
NODE PRIORITY SETED TO HIGH
Server running on: http://localhost:3000
DB => Database Connection Success
NODE PRIORITY SETED TO HIGH
Server running on: http://localhost:3000
DB => Database Connection Success
NODE PRIORITY SETED TO HIGH
Server running on: http://localhost:3000
DB => Database Connection Success
NODE PRIORITY SETED TO HIGH
Server running on: http://localhost:3000
DB => Database Connection Success
NODE PRIORITY SETED TO HIGH
Server running on: http://localhost:3000
DB => Database Connection Success
NODE PRIORITY SETED TO HIGH
Server running on: http://localhost:3000
DB => Database Connection Success
NODE PRIORITY SETED TO HIGH
Server running on: http://localhost:3000
DB => Database Connection Success
NODE PRIORITY SETED TO HIGH
Server running on: http://localhost:3000
DB => Database Connection Success
NODE PRIORITY SETED TO HIGH
Server running on: http://localhost:3000
DB => Database Connection Success
NODE PRIORITY SETED TO HIGH
Server running on: http://localhost:3000
DB => Database Connection Success
NODE PRIORITY SETED TO HIGH
Server running on: http://localhost:3000
DB => Database Connection Success
NODE PRIORITY SETED TO HIGH
Server running on: http://localhost:3000
DB => Database Connection Success
NODE PRIORITY SETED TO HIGH
Server running on: http://localhost:3000
DB => Database Connection Success
NODE PRIORITY SETED TO HIGH
Server running on: http://localhost:3000
DB => Database Connection Success
NODE PRIORITY SETED TO HIGH
Server running on: http://localhost:3000
DB => Database Connection Success
NODE PRIORITY SETED TO HIGH
Server running on: http://localhost:3000
DB => Database Connection Success
NODE PRIORITY SETED TO HIGH
Server running on: http://localhost:3000
DB => Database Connection Success
NODE PRIORITY SETED TO HIGH
Server running on: http://localhost:3000
DB => Database Connection Success
NODE PRIORITY SETED TO HIGH
Server running on: http://localhost:3000
DB => Database Connection Success
NODE PRIORITY SETED TO HIGH
Server running on: http://localhost:3000
DB => Database Connection Success
NODE PRIORITY SETED TO HIGH
Server running on: http://localhost:3000
DB => Database Connection Success
NODE PRIORITY SETED TO HIGH
Server running on: http://localhost:3000
DB => Database Connection Success
NODE PRIORITY SETED TO HIGH
Server running on: http://localhost:3000
DB => Database Connection Success
NODE PRIORITY SETED TO HIGH
Server running on: http://localhost:3000
DB => Database Connection Success
NODE PRIORITY SETED TO HIGH
Server running on: http://localhost:3000
DB => Database Connection Success
NODE PRIORITY SETED TO HIGH
Server running on: http://localhost:3000
DB => Database Connection Success
NODE PRIORITY SETED TO HIGH
Server running on: http://localhost:3000
DB => Database Connection Success
NODE PRIORITY SETED TO HIGH
Server running on: http://localhost:3000
DB => Database Connection Success
NODE PRIORITY SETED TO HIGH
Server running on: http://localhost:3000
DB => Database Connection Success
NODE PRIORITY SETED TO HIGH
Server running on: http://localhost:3000
DB => Database Connection Success
NODE PRIORITY SETED TO HIGH
Server running on: http://localhost:3000
DB => Database Connection Success
NODE PRIORITY SETED TO HIGH
Server running on: http://localhost:3000
DB => Database Connection Success
NODE PRIORITY SETED TO HIGH
Server running on: http://localhost:3000
DB => Database Connection Success
NODE PRIORITY SETED TO HIGH
Server running on: http://localhost:3000
DB => Database Connection Success
NODE PRIORITY SETED TO HIGH
Server running on: http://localhost:3000
DB => Database Connection Success
NODE PRIORITY SETED TO HIGH
Server running on: http://localhost:3000
DB => Database Connection Success
NODE PRIORITY SETED TO HIGH
Server running on: http://localhost:3000
DB => Database Connection Success
NODE PRIORITY SETED TO HIGH
Server running on: http://localhost:3000
DB => Database Connection Success
NODE PRIORITY SETED TO HIGH
Server running on: http://localhost:3000
DB => Database Connection Success
NODE PRIORITY SETED TO HIGH
Server running on: http://localhost:3000
DB => Database Connection Success
NODE PRIORITY SETED TO HIGH
Server running on: http://localhost:3000
DB => Database Connection Success
NODE PRIORITY SETED TO HIGH
Server running on: http://localhost:3000
DB => Database Connection Success
NODE PRIORITY SETED TO HIGH
Server running on: http://localhost:3000
DB => Database Connection Success
NODE PRIORITY SETED TO HIGH
Server running on: http://localhost:3000
DB => Database Connection Success
NODE PRIORITY SETED TO HIGH
Server running on: http://localhost:3000
DB => Database Connection Success
NODE PRIORITY SETED TO HIGH
Server running on: http://localhost:3000
DB => Database Connection Success
NODE PRIORITY SETED TO HIGH
Server running on: http://localhost:3000
DB => Database Connection Success
NODE PRIORITY SETED TO HIGH
Server running on: http://localhost:3000
DB => Database Connection Success
NODE PRIORITY SETED TO HIGH
Server running on: http://localhost:3000
DB => Database Connection Success
NODE PRIORITY SETED TO HIGH
Server running on: http://localhost:3000
DB => Database Connection Success
NODE PRIORITY SETED TO HIGH
Server running on: http://localhost:3000
DB => Database Connection Success
NODE PRIORITY SETED TO HIGH
Server running on: http://localhost:3000
DB => Database Connection Success
NODE PRIORITY SETED TO HIGH
Server running on: http://localhost:3000
DB => Database Connection Success
NODE PRIORITY SETED TO HIGH
Server running on: http://localhost:3000
DB => Database Connection Success
NODE PRIORITY SETED TO HIGH
Server running on: http://localhost:3000
DB => Database Connection Success
NODE PRIORITY SETED TO HIGH
Server running on: http://localhost:3000
DB => Database Connection Success
NODE PRIORITY SETED TO HIGH
Server running on: http://localhost:3000
DB => Database Connection Success
NODE PRIORITY SETED TO HIGH
Server running on: http://localhost:3000
DB => Database Connection Success
NODE PRIORITY SETED TO HIGH
Server running on: http://localhost:3000
DB => Database Connection Success
NODE PRIORITY SETED TO HIGH
Server running on: http://localhost:3000
DB => Database Connection Success
NODE PRIORITY SETED TO HIGH
Server running on: http://localhost:3000
DB => Database Connection Success
NODE PRIORITY SETED TO HIGH
Server running on: http://localhost:3000
DB => Database Connection Success
NODE PRIORITY SETED TO HIGH
Server running on: http://localhost:3000
DB => Database Connection Success
NODE PRIORITY SETED TO HIGH
Server running on: http://localhost:3000
DB => Database Connection Success
NODE PRIORITY SETED TO HIGH
Server running on: http://localhost:3000
DB => Database Connection Success
NODE PRIORITY SETED TO HIGH
Server running on: http://localhost:3000
DB => Database Connection Success
NODE PRIORITY SETED TO HIGH
Server running on: http://localhost:3000
DB => Database Connection Success
NODE PRIORITY SETED TO HIGH
Server running on: http://localhost:3000
DB => Database Connection Success
NODE PRIORITY SETED TO HIGH
Server running on: http://localhost:3000
DB => Database Connection Success
NODE PRIORITY SETED TO HIGH
Server running on: http://localhost:3000
DB => Database Connection Success
NODE PRIORITY SETED TO HIGH
Server running on: http://localhost:3000
DB => Database Connection Success
NODE PRIORITY SETED TO HIGH
Server running on: http://localhost:3000
DB => Database Connection Success
NODE PRIORITY SETED TO HIGH
Server running on: http://localhost:3000
DB => Database Connection Success
NODE PRIORITY SETED TO HIGH
Server running on: http://localhost:3000
DB => Database Connection Success
NODE PRIORITY SETED TO HIGH
Server running on: http://localhost:3000
DB => Database Connection Success
NODE PRIORITY SETED TO HIGH
Server running on: http://localhost:3000
DB => Database Connection Success
NODE PRIORITY SETED TO HIGH
Server running on: http://localhost:3000
DB => Database Connection Success
NODE PRIORITY SETED TO HIGH
Server running on: http://localhost:3000
DB => Database Connection Success
NODE PRIORITY SETED TO HIGH
Server running on: http://localhost:3000
DB => Database Connection Success
NODE PRIORITY SETED TO HIGH
Server running on: http://localhost:3000
DB => Database Connection Success
NODE PRIORITY SETED TO HIGH
Server running on: http://localhost:3000
DB => Database Connection Success
NODE PRIORITY SETED TO HIGH
Server running on: http://localhost:3000
DB => Database Connection Success
NODE PRIORITY SETED TO HIGH
Server running on: http://localhost:3000
DB => Database Connection Success
NODE PRIORITY SETED TO HIGH
Server running on: http://localhost:3000
DB => Database Connection Success
NODE PRIORITY SETED TO HIGH
Server running on: http://localhost:3000
DB => Database Connection Success
NODE PRIORITY SETED TO HIGH
Server running on: http://localhost:3000
DB => Database Connection Success
NODE PRIORITY SETED TO HIGH
Server running on: http://localhost:3000
DB => Database Connection Success
NODE PRIORITY SETED TO HIGH
Server running on: http://localhost:3000
DB => Database Connection Success
NODE PRIORITY SETED TO HIGH
Server running on: http://localhost:3000
DB => Database Connection Success
1Request Received from Device!
a4:d5:c2:09:5b:df
192.168.5.105
2Request Received from Device!
a4:d5:c2:09:5c:46
192.168.5.103
3Request Received from Device!
a4:d5:c2:09:5b:df
192.168.5.105
4Request Received from Device!
a4:d5:c2:09:5c:46
192.168.5.103
5Request Received from Device!
a4:d5:c2:09:5b:df
192.168.5.105
6Request Received from Device!
a4:d5:c2:09:5c:46
192.168.5.103
7Request Received from Device!
a4:d5:c2:09:5c:46
192.168.5.103
Compact done
[
  'session_id=JtfdX_CFB6sliIVOS0kJJDmHe3xR_RtcYmyQViHZ58W-NOTk2_eOf8YNcdfSvb6HwJ-yZR2ha-VtIcEcO49Q; Expires=Mon, 12 Jul 2027 21:39:12 GMT; Max-Age=604800; HttpOnly; Path=/',
  'session_id=JtfdX_CFB6sliIVOS0kJJDmHe3xR_RtcYmyQViHZ58W-NOTk2_eOf8YNcdfSvb6HwJ-yZR2ha-VtIcEcO49Q; Expires=Mon, 12 Jul 2027 21:39:12 GMT; Max-Age=604800; HttpOnly; Path=/'
]
Logged into Odoo successfully!
Check Out Data synced to Odoo: {
  status: 'error',
  message: 'Cannot create new attendance record for حاتم عدنان طلحة, the employee was already checked in on 07/06/2026 07:16:16 AM'
}
Cache cleared successfully
8Request Received from Device!
a4:d5:c2:09:5b:df
192.168.5.105
-----------------------------------
[Authenticated]: Zahra Alhrari
Device Time (Original): 2026-07-13T08:47:19+02:00
Server Time (Received): 13‏/7‏/2026، 9:47:36 ص
-----------------------------------
Data synced to Odoo: {
  status: 'success',
  data: [ { device_id: '17', status: 'check_in_created' } ]
}
[FIRST IN]: Zahra Alhrari (ID: 17)
9Request Received from Device!
a4:d5:c2:09:5b:df
192.168.5.105
10Request Received from Device!
a4:d5:c2:09:5b:df
192.168.5.105
11Request Received from Device!
a4:d5:c2:09:5b:df
192.168.5.105
-----------------------------------
[Authenticated]: Siraj Kashoukh
Device Time (Original): 2026-07-13T08:58:01+02:00
Server Time (Received): 13‏/7‏/2026، 9:58:18 ص
-----------------------------------
Data synced to Odoo: {
  status: 'success',
  data: [ { device_id: '10', status: 'check_out_updated' } ]
}
[FIRST IN]: Siraj Kashoukh (ID: 10)
12Request Received from Device!
a4:d5:c2:09:5b:df
192.168.5.105
13Request Received from Device!
a4:d5:c2:09:5b:df
192.168.5.105
14Request Received from Device!
a4:d5:c2:09:5b:df
192.168.5.105
-----------------------------------
[Authenticated]: Asma Rhoma
Device Time (Original): 2026-07-13T08:59:16+02:00
Server Time (Received): 13‏/7‏/2026، 9:59:33 ص
-----------------------------------
Data synced to Odoo: {
  status: 'success',
  data: [ { device_id: '18', status: 'check_out_updated' } ]
}
[FIRST IN]: Asma Rhoma (ID: 18)
15Request Received from Device!
a4:d5:c2:09:5b:df
192.168.5.105
16Request Received from Device!
a4:d5:c2:09:5b:df
192.168.5.105
17Request Received from Device!
a4:d5:c2:09:5b:df
192.168.5.105
-----------------------------------
[Authenticated]: Abdellmalek Ramadan
Device Time (Original): 2026-07-13T09:08:06+02:00
Server Time (Received): 13‏/7‏/2026، 10:08:23 ص
-----------------------------------
Data synced to Odoo: {
  status: 'success',
  data: [ { device_id: '14', status: 'check_in_created' } ]
}
[FIRST IN]: Abdellmalek Ramadan (ID: 14)
18Request Received from Device!
a4:d5:c2:09:5b:df
192.168.5.105
19Request Received from Device!
a4:d5:c2:09:5b:df
192.168.5.105
-----------------------------------
[Authenticated]: Abdellmalek Ramadan
Device Time (Original): 2026-07-13T09:08:09+02:00
Server Time (Received): 13‏/7‏/2026، 10:08:26 ص
-----------------------------------
[UPDATE LAST]: Abdellmalek Ramadan (ID: 14)
20Request Received from Device!
a4:d5:c2:09:5b:df
192.168.5.105
21Request Received from Device!
a4:d5:c2:09:5c:46
192.168.5.103
-----------------------------------
[Authenticated]: NASIRULDIN AHMED
Device Time (Original): 2026-07-13T09:15:31+02:00
Server Time (Received): 13‏/7‏/2026، 10:12:43 ص
-----------------------------------
Data synced to Odoo: {
  status: 'error',
  message: 'Duration must be positive and cannot exceed 24 hours.'
}
[FIRST IN]: NASIRULDIN AHMED (ID: 2)
22Request Received from Device!
a4:d5:c2:09:5c:46
192.168.5.103
23Request Received from Device!
a4:d5:c2:09:5c:46
192.168.5.103
24Request Received from Device!
a4:d5:c2:09:5b:df
192.168.5.105
-----------------------------------
[Authenticated]: Abdulhafith Abuighrara
Device Time (Original): 2026-07-13T09:20:52+02:00
Server Time (Received): 13‏/7‏/2026، 10:21:09 ص
-----------------------------------
Data synced to Odoo: {
  status: 'success',
  data: [ { device_id: '13', status: 'check_in_created' } ]
}
[FIRST IN]: Abdulhafith Abuighrara (ID: 13)
25Request Received from Device!
a4:d5:c2:09:5b:df
192.168.5.105
26Request Received from Device!
a4:d5:c2:09:5b:df
192.168.5.105
27Request Received from Device!
a4:d5:c2:09:5b:df
192.168.5.105
-----------------------------------
[Authenticated]: Morad Alfurjani
Device Time (Original): 2026-07-13T09:26:08+02:00
Server Time (Received): 13‏/7‏/2026، 10:26:25 ص
-----------------------------------
Data synced to Odoo: {
  status: 'success',
  data: [ { device_id: '15', status: 'check_in_created' } ]
}
[FIRST IN]: Morad Alfurjani (ID: 15)
28Request Received from Device!
a4:d5:c2:09:5b:df
192.168.5.105
29Request Received from Device!
a4:d5:c2:09:5b:df
192.168.5.105
30Request Received from Device!
a4:d5:c2:09:5b:df
192.168.5.105
-----------------------------------
[Authenticated]: Ibrahim
Device Time (Original): 2026-07-13T09:27:24+02:00
Server Time (Received): 13‏/7‏/2026، 10:27:42 ص
-----------------------------------
Data synced to Odoo: {
  status: 'success',
  data: [ { device_id: '5', status: 'check_out_updated' } ]
}
[FIRST IN]: Ibrahim (ID: 5)
31Request Received from Device!
a4:d5:c2:09:5b:df
192.168.5.105
32Request Received from Device!
a4:d5:c2:09:5b:df
192.168.5.105
33Request Received from Device!
a4:d5:c2:09:5b:df
192.168.5.105
-----------------------------------
[Authenticated]: Abdulhafith Abuighrara
Device Time (Original): 2026-07-13T10:45:51+02:00
Server Time (Received): 13‏/7‏/2026، 11:46:08 ص
-----------------------------------
[UPDATE LAST]: Abdulhafith Abuighrara (ID: 13)
34Request Received from Device!
a4:d5:c2:09:5b:df
192.168.5.105
35Request Received from Device!
a4:d5:c2:09:5b:df
192.168.5.105
NODE PRIORITY SETED TO HIGH
Server running on: http://localhost:3000
DB => Database Connection Success
1Request Received from Device!
a4:d5:c2:09:5c:46
192.168.5.103
2Request Received from Device!
a4:d5:c2:09:5c:46
192.168.5.103
3Request Received from Device!
a4:d5:c2:09:5c:46
192.168.5.103
4Request Received from Device!
a4:d5:c2:09:5b:df
192.168.5.105
5Request Received from Device!
a4:d5:c2:09:5c:46
192.168.5.103
6Request Received from Device!
a4:d5:c2:09:5b:df
192.168.5.105
7Request Received from Device!
a4:d5:c2:09:5b:df
192.168.5.105
8Request Received from Device!
a4:d5:c2:09:5b:df
192.168.5.105
-----------------------------------
[Authenticated]: RADWAN
Device Time (Original): 2026-07-13T13:13:34+02:00
Server Time (Received): 13‏/7‏/2026، 2:40:32 م
-----------------------------------
[
  'session_id=PWhha4Rr7RoBR-umBoXttoNU2LhU-iMna6drZwCAuDFkuKMz987LN4gMD7av8IlvET21sdmEcSeq9GgPnAoi; Expires=Tue, 13 Jul 2027 11:40:33 GMT; Max-Age=604800; HttpOnly; Path=/',
  'session_id=PWhha4Rr7RoBR-umBoXttoNU2LhU-iMna6drZwCAuDFkuKMz987LN4gMD7av8IlvET21sdmEcSeq9GgPnAoi; Expires=Tue, 13 Jul 2027 11:40:34 GMT; Max-Age=604800; HttpOnly; Path=/'
]
Logged into Odoo successfully!
Data synced to Odoo: {
  status: 'success',
  data: [ { device_id: '20', status: 'check_in_created' } ]
}
[FIRST IN]: RADWAN (ID: 20)
9Request Received from Device!
a4:d5:c2:09:5b:df
192.168.5.105
10Request Received from Device!
a4:d5:c2:09:5b:df
192.168.5.105
11Request Received from Device!
a4:d5:c2:09:5b:df
192.168.5.105
-----------------------------------
[Authenticated]: Zahra Alhrari
Device Time (Original): 2026-07-13T14:59:58+02:00
Server Time (Received): 13‏/7‏/2026، 4:00:16 م
-----------------------------------
[UPDATE LAST]: Zahra Alhrari (ID: 17)
12Request Received from Device!
a4:d5:c2:09:5b:df
192.168.5.105
13Request Received from Device!
a4:d5:c2:09:5b:df
192.168.5.105
14Request Received from Device!
a4:d5:c2:09:5b:df
192.168.5.105
-----------------------------------
[Authenticated]: Zahra Alhrari
Device Time (Original): 2026-07-13T15:00:06+02:00
Server Time (Received): 13‏/7‏/2026، 4:00:23 م
-----------------------------------
[UPDATE LAST]: Zahra Alhrari (ID: 17)
15Request Received from Device!
a4:d5:c2:09:5b:df
192.168.5.105
16Request Received from Device!
a4:d5:c2:09:5b:df
192.168.5.105
-----------------------------------
[Authenticated]: Zahra Alhrari
Device Time (Original): 2026-07-13T15:00:09+02:00
Server Time (Received): 13‏/7‏/2026، 4:00:26 م
-----------------------------------
[UPDATE LAST]: Zahra Alhrari (ID: 17)
17Request Received from Device!
a4:d5:c2:09:5b:df
192.168.5.105
18Request Received from Device!
a4:d5:c2:09:5b:df
192.168.5.105
-----------------------------------
[Authenticated]: Siraj Kashoukh
Device Time (Original): 2026-07-13T15:17:45+02:00
Server Time (Received): 13‏/7‏/2026، 4:18:02 م
-----------------------------------
[UPDATE LAST]: Siraj Kashoukh (ID: 10)
19Request Received from Device!
a4:d5:c2:09:5b:df
192.168.5.105
20Request Received from Device!
a4:d5:c2:09:5b:df
192.168.5.105
21Request Received from Device!
a4:d5:c2:09:5b:df
192.168.5.105
-----------------------------------
[Authenticated]: Abdellmalek Ramadan
Device Time (Original): 2026-07-13T15:30:33+02:00
Server Time (Received): 13‏/7‏/2026، 4:30:50 م
-----------------------------------
[UPDATE LAST]: Abdellmalek Ramadan (ID: 14)
22Request Received from Device!
a4:d5:c2:09:5b:df
192.168.5.105
23Request Received from Device!
a4:d5:c2:09:5b:df
192.168.5.105
24Request Received from Device!
a4:d5:c2:09:5c:46
192.168.5.103
-----------------------------------
[Authenticated]: NASIRULDIN AHMED
Device Time (Original): 2026-07-13T15:35:57+02:00
Server Time (Received): 13‏/7‏/2026، 4:33:09 م
-----------------------------------
[UPDATE LAST]: NASIRULDIN AHMED (ID: 2)
25Request Received from Device!
a4:d5:c2:09:5c:46
192.168.5.103
26Request Received from Device!
a4:d5:c2:09:5c:46
192.168.5.103
27Request Received from Device!
a4:d5:c2:09:5b:df
192.168.5.105
-----------------------------------
[Authenticated]: Abdulhafith Abuighrara
Device Time (Original): 2026-07-13T15:33:55+02:00
Server Time (Received): 13‏/7‏/2026، 4:34:11 م
-----------------------------------
[UPDATE LAST]: Abdulhafith Abuighrara (ID: 13)
28Request Received from Device!
a4:d5:c2:09:5b:df
192.168.5.105
29Request Received from Device!
a4:d5:c2:09:5b:df
192.168.5.105
30Request Received from Device!
a4:d5:c2:09:5b:df
192.168.5.105
-----------------------------------
[Authenticated]: Ibrahim
Device Time (Original): 2026-07-13T15:36:15+02:00
Server Time (Received): 13‏/7‏/2026، 4:36:31 م
-----------------------------------
[UPDATE LAST]: Ibrahim (ID: 5)
31Request Received from Device!
a4:d5:c2:09:5b:df
192.168.5.105
32Request Received from Device!
a4:d5:c2:09:5b:df
192.168.5.105
-----------------------------------
[Authenticated]: Ibrahim
Device Time (Original): 2026-07-13T15:36:18+02:00
Server Time (Received): 13‏/7‏/2026، 4:36:34 م
-----------------------------------
[UPDATE LAST]: Ibrahim (ID: 5)
33Request Received from Device!
a4:d5:c2:09:5b:df
192.168.5.105
34Request Received from Device!
a4:d5:c2:09:5b:df
192.168.5.105
-----------------------------------
[Authenticated]: Asma Rhoma
Device Time (Original): 2026-07-13T15:38:20+02:00
Server Time (Received): 13‏/7‏/2026، 4:38:36 م
-----------------------------------
[UPDATE LAST]: Asma Rhoma (ID: 18)
35Request Received from Device!
a4:d5:c2:09:5b:df
192.168.5.105
36Request Received from Device!
a4:d5:c2:09:5b:df
192.168.5.105
NODE PRIORITY SETED TO HIGH
Server running on: http://localhost:3000
DB => Database Connection Success
1Request Received from Device!
a4:d5:c2:09:5b:df
192.168.5.105
2Request Received from Device!
a4:d5:c2:09:5c:46
192.168.5.103
3Request Received from Device!
a4:d5:c2:09:5b:df
192.168.5.105
4Request Received from Device!
a4:d5:c2:09:5b:df
192.168.5.105
5Request Received from Device!
a4:d5:c2:09:5c:46
192.168.5.103
6Request Received from Device!
a4:d5:c2:09:5c:46
192.168.5.103
7Request Received from Device!
a4:d5:c2:09:5c:46
192.168.5.103
Compact done
[
  'session_id=fuZdAd2rS9ZwZt3MyR392fCB0y6AaR0j0gtAsb8--rr0Z_P7c3D4xzHBWdD0gwnnP0zg7YpvYLMnPxolooJl; Expires=Tue, 13 Jul 2027 21:11:09 GMT; Max-Age=604800; HttpOnly; Path=/',
  'session_id=fuZdAd2rS9ZwZt3MyR392fCB0y6AaR0j0gtAsb8--rr0Z_P7c3D4xzHBWdD0gwnnP0zg7YpvYLMnPxolooJl; Expires=Tue, 13 Jul 2027 21:11:09 GMT; Max-Age=604800; HttpOnly; Path=/'
]
Logged into Odoo successfully!
Check Out Data synced to Odoo: {
  status: 'success',
  data: [
    { device_id: '2', status: 'check_in_created' },
    { device_id: '5', status: 'check_in_created' },
    { device_id: '10', status: 'check_in_created' },
    { device_id: '13', status: 'check_out_updated' },
    { device_id: '14', status: 'check_out_updated' },
    { device_id: '15', status: 'no_valid_checkout' },
    { device_id: '17', status: 'check_out_updated' },
    { device_id: '18', status: 'check_in_created' },
    { device_id: '20', status: 'no_valid_checkout' }
  ]
}
Cache cleared successfully
Compact done
Check Out Data synced to Odoo: { status: 'success', data: [] }
Cache cleared successfully
8Request Received from Device!
a4:d5:c2:09:5b:df
192.168.5.105
-----------------------------------
[Authenticated]: Zahra Alhrari
Device Time (Original): 2026-07-14T08:31:40+02:00
Server Time (Received): 14‏/7‏/2026، 9:31:55 ص
-----------------------------------
Data synced to Odoo: {
  status: 'success',
  data: [ { device_id: '17', status: 'check_in_created' } ]
}
[FIRST IN]: Zahra Alhrari (ID: 17)
9Request Received from Device!
a4:d5:c2:09:5b:df
192.168.5.105
10Request Received from Device!
a4:d5:c2:09:5b:df
192.168.5.105
11Request Received from Device!
a4:d5:c2:09:5c:46
192.168.5.103
-----------------------------------
[Authenticated]: NASIRULDIN AHMED
Device Time (Original): 2026-07-14T09:07:59+02:00
Server Time (Received): 14‏/7‏/2026، 10:05:09 ص
-----------------------------------
Data synced to Odoo: {
  status: 'success',
  data: [
    {
      device_id: '2',
      status: 'stale_open_attendance',
      employee_id: 115,
      employee_name: 'nasiruldin ahmed',
      stale_attendance_id: 887,
      stale_check_in: '2026-07-13 07:15:31',
      stale_local_date: '2026-07-13',
      punch_date: '2026-07-14',
      incoming_first_in: '2026-07-14T09:07:59+02:00',
      incoming_last_seen: '2026-07-14T09:07:59+02:00',
      device_mac: 'a4:d5:c2:09:5c:46'
    }
  ]
}
[FIRST IN]: NASIRULDIN AHMED (ID: 2)
12Request Received from Device!
a4:d5:c2:09:5c:46
192.168.5.103
13Request Received from Device!
a4:d5:c2:09:5c:46
192.168.5.103
14Request Received from Device!
a4:d5:c2:09:5b:df
192.168.5.105
-----------------------------------
[Authenticated]: Abdellmalek Ramadan
Device Time (Original): 2026-07-14T09:05:06+02:00
Server Time (Received): 14‏/7‏/2026، 10:05:21 ص
-----------------------------------
Data synced to Odoo: {
  status: 'success',
  data: [ { device_id: '14', status: 'check_in_created' } ]
}
[FIRST IN]: Abdellmalek Ramadan (ID: 14)
15Request Received from Device!
a4:d5:c2:09:5b:df
192.168.5.105
16Request Received from Device!
a4:d5:c2:09:5b:df
192.168.5.105
-----------------------------------
[Authenticated]: Abdellmalek Ramadan
Device Time (Original): 2026-07-14T09:05:10+02:00
Server Time (Received): 14‏/7‏/2026، 10:05:25 ص
-----------------------------------
[UPDATE LAST]: Abdellmalek Ramadan (ID: 14)
17Request Received from Device!
a4:d5:c2:09:5b:df
192.168.5.105
18Request Received from Device!
a4:d5:c2:09:5b:df
192.168.5.105
19Request Received from Device!
a4:d5:c2:09:5b:df
192.168.5.105
20Request Received from Device!
a4:d5:c2:09:5b:df
192.168.5.105
-----------------------------------
[Authenticated]: RADWAN
Device Time (Original): 2026-07-14T09:08:50+02:00
Server Time (Received): 14‏/7‏/2026، 10:09:04 ص
-----------------------------------
Data synced to Odoo: {
  status: 'success',
  data: [
    {
      device_id: '20',
      status: 'stale_open_attendance',
      employee_id: 98,
      employee_name: 'رضوان بشير مسعود',
      stale_attendance_id: 886,
      stale_check_in: '2026-07-13 11:13:34',
      stale_local_date: '2026-07-13',
      punch_date: '2026-07-14',
      incoming_first_in: '2026-07-14T09:08:50+02:00',
      incoming_last_seen: '2026-07-14T09:08:50+02:00',
      device_mac: 'a4:d5:c2:09:5b:df'
    }
  ]
}
[FIRST IN]: RADWAN (ID: 20)
21Request Received from Device!
a4:d5:c2:09:5b:df
192.168.5.105
22Request Received from Device!
a4:d5:c2:09:5b:df
192.168.5.105
23Request Received from Device!
a4:d5:c2:09:5b:df
192.168.5.105
-----------------------------------
[Authenticated]: Asma Rhoma
Device Time (Original): 2026-07-14T09:10:38+02:00
Server Time (Received): 14‏/7‏/2026، 10:10:53 ص
-----------------------------------
Data synced to Odoo: {
  status: 'success',
  data: [
    {
      device_id: '18',
      status: 'stale_open_attendance',
      employee_id: 95,
      employee_name: 'اسماء الناظوري',
      stale_attendance_id: 890,
      stale_check_in: '2026-07-13 06:59:16',
      stale_local_date: '2026-07-13',
      punch_date: '2026-07-14',
      incoming_first_in: '2026-07-14T09:10:38+02:00',
      incoming_last_seen: '2026-07-14T09:10:38+02:00',
      device_mac: 'a4:d5:c2:09:5b:df'
    }
  ]
}
[FIRST IN]: Asma Rhoma (ID: 18)
24Request Received from Device!
a4:d5:c2:09:5b:df
192.168.5.105
25Request Received from Device!
a4:d5:c2:09:5b:df
192.168.5.105
26Request Received from Device!
a4:d5:c2:09:5b:df
192.168.5.105
-----------------------------------
[Authenticated]: Ibrahim
Device Time (Original): 2026-07-14T09:28:14+02:00
Server Time (Received): 14‏/7‏/2026، 10:28:29 ص
-----------------------------------
Data synced to Odoo: {
  status: 'success',
  data: [
    {
      device_id: '5',
      status: 'stale_open_attendance',
      employee_id: 94,
      employee_name: 'ابراهيم رمضان الغويل',
      stale_attendance_id: 888,
      stale_check_in: '2026-07-13 07:27:24',
      stale_local_date: '2026-07-13',
      punch_date: '2026-07-14',
      incoming_first_in: '2026-07-14T09:28:14+02:00',
      incoming_last_seen: '2026-07-14T09:28:14+02:00',
      device_mac: 'a4:d5:c2:09:5b:df'
    }
  ]
}
[FIRST IN]: Ibrahim (ID: 5)
27Request Received from Device!
a4:d5:c2:09:5b:df
192.168.5.105
28Request Received from Device!
a4:d5:c2:09:5b:df
192.168.5.105
29Request Received from Device!
a4:d5:c2:09:5b:df
192.168.5.105
-----------------------------------
[Authenticated]: Morad Alfurjani
Device Time (Original): 2026-07-14T09:42:52+02:00
Server Time (Received): 14‏/7‏/2026، 10:43:07 ص
-----------------------------------
Data synced to Odoo: {
  status: 'success',
  data: [
    {
      device_id: '15',
      status: 'stale_open_attendance',
      employee_id: 105,
      employee_name: 'مراد محمد الفرجاني',
      stale_attendance_id: 885,
      stale_check_in: '2026-07-13 07:26:08',
      stale_local_date: '2026-07-13',
      punch_date: '2026-07-14',
      incoming_first_in: '2026-07-14T09:42:52+02:00',
      incoming_last_seen: '2026-07-14T09:42:52+02:00',
      device_mac: 'a4:d5:c2:09:5b:df'
    }
  ]
}
[FIRST IN]: Morad Alfurjani (ID: 15)
30Request Received from Device!
a4:d5:c2:09:5b:df
192.168.5.105
31Request Received from Device!
a4:d5:c2:09:5b:df
192.168.5.105
32Request Received from Device!
a4:d5:c2:09:5c:46
192.168.5.103
-----------------------------------
[Authenticated]: SEFAW
Device Time (Original): 2026-07-14T09:46:56+02:00
Server Time (Received): 14‏/7‏/2026، 10:44:06 ص
-----------------------------------
Data synced to Odoo: {
  status: 'success',
  data: [
    {
      device_id: '8',
      status: 'stale_open_attendance',
      employee_id: 114,
      employee_name: 'mohamed said',
      stale_attendance_id: 878,
      stale_check_in: '2026-07-12 13:30:11',
      stale_local_date: '2026-07-12',
      punch_date: '2026-07-14',
      incoming_first_in: '2026-07-14T09:46:56+02:00',
      incoming_last_seen: '2026-07-14T09:46:56+02:00',
      device_mac: 'a4:d5:c2:09:5c:46'
    }
  ]
}
[FIRST IN]: SEFAW (ID: 8)
33Request Received from Device!
a4:d5:c2:09:5c:46
192.168.5.103
34Request Received from Device!
a4:d5:c2:09:5c:46
192.168.5.103
